<root><var name='id' value='5d96558a-335b-11eb-97a3-4cedfb6bed2f' /><var name='level' value='77' /><objects><object name=wROJmyTessIDFaXAVevzRXLfCXgy /><object name=oYVOSPaXkPmHHxDZTbwpWoJlHXAbutPKUrisY /><object name=hiIMmeDspZUFxyIpyINftZcMgeNnr /><object name=MSxAmmfiEBhHhuIntoapa /><object name=VVhvwcZhIrBgfgqeoVpMN /><object name=uLQpJfGQdugzZo /><object name=BOiPmfoFjSvdmeRMReppIAoLeRscJEiXJoRJl /><object name=LHvKADOFsvfVjYzzZSrdWqGJFFrBQN /><object name=DyBPOHRjpLnIyDKjHZNklQhGQWZgvUe /><object name=PMusnErKmZfSdqwgZvaqtTlmMcjKoeqPT /></objects></root>