<root><var name='id' value='5d98c4da-335b-11eb-8a1b-4cedfb6bed2f' /><var name='level' value='50' /><objects><object name=HFwAgvNzbNhfadbaVZv /><object name=eRibAWKJvQcdfiGEWnlmStAgJDPp /><object name=SMvcJSveJDwLODSFAfvIhofDxqNPjakxcuOv /><object name=wKgFjXDgsjTTdoUefGvNEotdpkNx /><object name=iFBVOaOlMxsoKgRqhLvrlnIhJPNMZdmkjkIqIDpV /><object name=qemMkKEfaVDPVzZgbzMLLpV /><object name=nCTLgoVhJuZG /><object name=fezxgPWgztuyUpVvWdCb /><object name=kroggStcxeoLdrUVIknkNSrimGCJMIuQ /></objects></root>