<root><var name='id' value='5d982906-335b-11eb-b5b8-4cedfb6bed2f' /><var name='level' value='54' /><objects><object name=nmEIQizUrNkjrqoE /><object name=emjwVhSgCoJgqoSzTzyCdhhFLU /><object name=PHRYkqZrbhvGhDbRJfCNniI /><object name=ioxrclKVOZDhhkktIxdMOBzJQGuQyzflmWdaLNms /><object name=NZhZbFBIWZbJmlJcutTGO /><object name=KrWXcZZFzwSFDUUMjTVEVAugkZIBeViZHPArsH /><object name=jFwAFelSMMfNiBTVBBklsyZKyQ /><object name=XSKEfuwiZdgIqvxRnumIXWNoQyvfbGhFESDdoL /><object name=RMLlZhTNSIWYbFHahTovoenOBbRKbKww /><object name=lYTBXnQCQzBrQqoeDykOMMYVntBBGxC /></objects></root>