<root><var name='id' value='5d982905-335b-11eb-a8cc-4cedfb6bed2f' /><var name='level' value='99' /><objects><object name=oifqTHBlADJlpOrUqZmuVJFSpoaJLARoXIMqYShV /><object name=hDAtXRjnfACHjEOcEzRiMuKIILDwZotZKAbSrn /><object name=ADCjKouPzYDmSrabBQrddgzI /><object name=MuUtacbpPYHmMbcIlg /><object name=PobxTpVluxZieFwKqesNoVocHYTjrgywi /><object name=ZEJqgpKZZdmtznOdGM /><object name=MSQfFyClQhBjFNCJBabrGVhkXxwYDvRZMV /><object name=WwuUvwYXXCbdRNsieQPVRgjZR /><object name=AUfecYCQPjYQqctRiLNgjcUWGLOhOYyG /></objects></root>