<root><var name='id' value='5d9939ba-335b-11eb-a133-4cedfb6bed2f' /><var name='level' value='94' /><objects><object name=BPuEplzTGnvczDCYKLLGuCICR /><object name=CvOEyWqwRjTYDaaSWTOLnhlidiTZmYmSuQ /><object name=PcPQyCOnhMDSfpaWubcvMmtCMhHLNwdIZ /><object name=mdLyvFBkam /><object name=rUgQzVjqOIuepzzYzvTGThLLBUyaaGRBorXBKK /><object name=XOLluIWrcliQkZKijKt /><object name=auuGQtnLwNHe /><object name=WoXvwWneOopEYzFFsAuDLJubjufUowIrGPcrb /><object name=qTcjlGmiswYXWB /><object name=rrjnBcpwbwgVng /></objects></root>