<root><var name='id' value='5d9a7165-335b-11eb-ac7c-4cedfb6bed2f' /><var name='level' value='1' /><objects><object name=TCBGYqtGEyIkUUWw /><object name=NeRxqnSAOZGERVMMfJgdfuToBWHvRDR /><object name=BksocGlqmPEOfIbqfveffenjwep /><object name=ypxTYiOolRkUGTKsRehSYMkCXzZPaL /><object name=iHGMXDllBdWBBwaAhGJdaXab /><object name=iaOjkQACMChrWcgaqAxCyjcutDOxOVIjzY /><object name=xycyBWyEuNotzEEvFEnSnKiMV /><object name=hKMllegjklyDwWRyfZPtgRSLXAkOfTInyUQL /><object name=xjZenlYPeTCR /><object name=nVrSbCniRHMxXabQNzXuEgOWKMIbC /></objects></root>