<root><var name='id' value='5d9a237a-335b-11eb-a825-4cedfb6bed2f' /><var name='level' value='7' /><objects><object name=KAapnZXoGZJGshEHAkWCzQgPuVhKengpAT /><object name=TogNewgOVUxyyZaJsYUOYfDnS /><object name=vgEaRVfXZaEfNxJpcpXVABjzziAuT /><object name=dvAXnCqGOuTKHPCbcyBeRpzJELLpuvGqasBKRn /><object name=tiEzcappkqauuM /><object name=iQMFuhnrAaCRJezKafKmK /><object name=gZQGRYScEGKsdUAgpaIuMnulXFIW /><object name=CGdBswjZduVotWuI /><object name=VwJOiFHMyymzNnrRN /><object name=TnzeKDxhMxTGalNKsouWbrRhBhgrTyugGIqxU /></objects></root>