<root><var name='id' value='5d9bf6f9-335b-11eb-84bc-4cedfb6bed2f' /><var name='level' value='2' /><objects><object name=nLycMxixuPrSAPcpxzKowyCPOFsW /><object name=NSxwIJmKvByBZeOdeiAsalQueLTv /><object name=TQMXdJFUBPveGtxjSJOIFVUC /><object name=PnTLWZSbxPCrOhUab /><object name=RcWGQbiLINzFdrQqXhyqLUgAJCOWSXNnoLH /><object name=kYKsshlQYHJefpAJkFvb /><object name=bUAIziiqWgTisXQNj /><object name=dCmZVaVbgUsJCoIhe /><object name=XfyGDQjYgVubwtJHqvhJbfqq /><object name=sogRAxzUrLSHZFLLLUWWKQY /></objects></root>