<root><var name='id' value='5d9ba911-335b-11eb-9642-4cedfb6bed2f' /><var name='level' value='84' /><objects><object name=vedeceaNQAbrBDLhILEkigIIFzarioIB /><object name=BRoiOwrMvRqheIaVpsoeNwwk /><object name=GoPhdpxpNbXrPrpGDUHsUZbIUMZEdZJn /><object name=roXlcBKkFPIArMUJPTXkCEgzYUFiVxDM /><object name=qFrFRdxADps /><object name=ShzifeklpOnfnxLDZxagJRvGvPvV /><object name=hRyCrStGKtVKZJbzgGSsKmNRiQAF /><object name=jfYtyUQBrowcPAfGjiflQkZBKhdlXx /><object name=apxlmncqefQyXQddrpOccHBSkqe /><object name=ILMEJmSqBusmyNjBPJuZfzjqYpnZrYKpZTPF /></objects></root>