<root><var name='id' value='5d9c1def-335b-11eb-9743-4cedfb6bed2f' /><var name='level' value='48' /><objects><object name=FflqoPsovuqhFhosNHdDiVNQJEDmrXeYKCu /><object name=ZppyNhRxLcdfesHUFQIgnULixfRktGBEykXuOKwY /><object name=nnvVnQFrZh /><object name=YgjAIWGImyPxEjaKavCEdiuGLVoVFjjUQlPq /><object name=dDcIguaFgSRCFkbXsziKf /><object name=hiHysOfRUhEQDhZFcFbuRrdzWujhf /><object name=SdizPdPykBZnrYDkXGkfODfUOJxXtkluGzCY /><object name=liumjgdqIkWjRYOmfqWGaz /><object name=pnSmwptiKiFCB /><object name=DAXXndXmRYidymLiMoUMgxULY /></objects></root>