<root><var name='id' value='5d9d07af-335b-11eb-aeb4-4cedfb6bed2f' /><var name='level' value='28' /><objects><object name=HllwUswQRpWUudfhElGxVIWgNDofbU /><object name=YrtWWsHzttw /><object name=IwlwJUFSeqAynqYDQeSLEylkNaacqG /><object name=HAEbHevBBQAWmnGkandRmhErDEKGoUFxox /><object name=MAgJkkeQfHjoGIgWscWOVhdLwXvGPc /><object name=AAJlnWnVIThozm /><object name=rUxltZOPnfrbpESoZsMfJmVIThVzZqV /><object name=PwlwfrDzeXnXMELhNgADSQhtEDwNSiA /><object name=MJPADGTQquuVMaMVziYraDgDyxwaevBAQgBKZ /></objects></root>