<root><var name='id' value='5d9e1865-335b-11eb-9237-4cedfb6bed2f' /><var name='level' value='24' /><objects><object name=wDNjrgdprcMRIXuBXNTPBzefvrdbVecYfamwOlLq /><object name=hQSsVyqQdJlembpdZPAhQCKxhMPWfs /><object name=txVuArVAHuBYx /><object name=AbdsRoHxFIiGRFl /><object name=zXrNLLQMZJHAZZizTBRvRPaaKhqvbQDZL /><object name=qRVeMOJyqp /><object name=SCtcjJSEjrzSAIsvzhmwQNFmh /><object name=VkUMSKLxJhFEIZgwTpVObftzeKlGxaxH /><object name=TyUBgtqzWkbLxzkgvJjjoETVPqajLrMBRsM /><object name=JUVBxGiFlqKLxgrAyIvqJyjLpUkrdsDn /></objects></root>