<root><var name='id' value='5ec10288-335b-11eb-9c75-4cedfb6bed2f' /><var name='level' value='6' /><objects><object name=rquYqFuFCdecBfOHSbipyiDcCXWHGoejyG /><object name=GygtXDTPZKlSGWDaVSuCC /><object name=AtNdoigQnZPthXeyxifQCLUTSXFGz /><object name=oQzcaacFcqVRLzwrJLnDQhTeKuzM /><object name=kofAKtrHJXEjkKTkQnzADsGoOwRVtNuiipln /><object name=weSpBeLQiMPsLlZEOcInbfzYSdUWMLNdToCjOt /><object name=NOJytmLlSIMTvHrhJiMZhwMHGOTqMgMo /><object name=fSdaQZOqZHquoKZPqgGmoWMAfaOFdWefLkYarohW /><object name=SmCjjhUvIEoTdajnKSVfBiWz /><object name=BwrwhUSEyntZkULQUWZKnsEEmUyNf /></objects></root>