<root><var name='id' value='5ec18060-335b-11eb-b57b-4cedfb6bed2f' /><var name='level' value='9' /><objects><object name=diewNNcsMxdxlxgpyx /><object name=AcLhanRwkOOPWSfnUaRyPILXvbF /><object name=sFlYqRnvPGbjlOGsjuFQFQBejoVTjn /><object name=IqyOUNOPIUovSpqUYjAWhecUhu /><object name=BUdxkYzInPMpBAlBVictdAnWXHVXHmbx /><object name=GIVRrPGZOBSwRuVjNcSvsLrloeeHRKck /><object name=IMQIYrnltSUxXJCcsxhWIIUaMtfKLU /><object name=WATgfrvWxqaIJcPjlfWKqfEeTyMMnn /><object name=oJmcAeySUNuQzRuoLGgMteEXkDRjDRhnZJMOgs /><object name=cfHyaGYfsXx /></objects></root>