<root><var name='id' value='5ec21c36-335b-11eb-8044-4cedfb6bed2f' /><var name='level' value='40' /><objects><object name=BmGbkVsRjxYankhzazCNKVBVYMGZArxLHQ /><object name=eYqoQStnJiAspfZUVsIngHUOy /><object name=qRZIGDppflmuGU /><object name=IsvURFIwiczjawSCFqEhFUphnpAIUK /><object name=peHJVIbEdMBBkXXmQJvV /><object name=IShCSzYGrQRWSVRaAbSyvPiXdOEIdXRI /><object name=ctVfoXXOlSbovbgaKea /><object name=uNhSsMqBFNRhEMQHHwtfbQyT /><object name=ZVgCCWqrEFieGrHEiokxBicFdwpU /><object name=xDVOCaWzJAYumywv /></objects></root>