<root><var name='id' value='5ec26a23-335b-11eb-989c-4cedfb6bed2f' /><var name='level' value='65' /><objects><object name=HwkjbFnutyfuEpaVSapdGFEXqSt /><object name=TNUuhCHTdhna /><object name=bQtKYVrJfzSFuMUlfSiXzYgaASasEtUCRYVllGOn /><object name=RoViynPHlSztca /><object name=BGpfxXqWQklGBddFxYLjNyg /><object name=INQsGzgmPNtXXvjDSfczXgcHrIGzyPURlTi /><object name=lxWrcftSDuvGycQNKZJlfmyVFaWZMB /><object name=EewUlKvxMxULHNpNRXDXIlVrANUrcFZvdnPmLp /><object name=EhPCmfThRvHMjXsBdD /><object name=rIgbGsmcknJKSMPCkKQMIJ /></objects></root>