<root><var name='id' value='5ec4b27f-335b-11eb-b708-4cedfb6bed2f' /><var name='level' value='17' /><objects><object name=tsTRcKqURlFcwRabghuhv /><object name=BBZlLOvhrdMXfNLOzlpIkJI /><object name=tzhiNFzCyXVFIlArXkFUPaNBrwSNPprIfsIWhpt /><object name=rXwdsJMBMlusRjJAVb /><object name=VqFYMilHkQdTVqvR /><object name=pgyWgRQUOPAfBGpBK /><object name=HaRDUGLICTCyGzjXnCigX /><object name=ExluBDxZmlrtlxVxgDECagrZapEookfaxQvjC /><object name=eVpvXkvgEsvVodUVsYxwGk /><object name=FLnrEmnhYbls /></objects></root>