<root><var name='id' value='5ec48b8a-335b-11eb-92c4-4cedfb6bed2f' /><var name='level' value='58' /><objects><object name=ZWgLsPDnRIbuOZrODyIKOGOjVhvyZJjAxfeMAxYt /><object name=tpUfdCmniFnSizKzxTXSaJnToOcmCcZ /><object name=lbvbKROouuEeElWLTaBbLFAEyg /><object name=lshfMMSivjlIIhVysveIeOwNmtIbUIQq /><object name=XEvDOioUbewamCsaYlYXYgxnFfQbJStLVHMBHCv /><object name=RpCYViAPeifmeYqpDdFLcLNChCQJuffHSi /><object name=gIYBvchGXxzYmJfCrGsfzpgAZNkMZFvNQqxID /><object name=YjquREtVkiMMOanPSryGswHjWhLyUpVMmCyDBd /></objects></root>