<root><var name='id' value='5ec5ea2a-335b-11eb-8764-4cedfb6bed2f' /><var name='level' value='48' /><objects><object name=dFRBUmUBTQOpYuhQxQFNjBaXHapwrQXZcsPCMp /><object name=fBvufZXktoiQDlkcAsdXxiSUaRzeI /><object name=obuYCgeMLhDPFhaCClyB /><object name=ZhqveNzjSAcQf /><object name=wCufnBzbWLUtNGcZpRyEZtqvzcRaRAbazb /><object name=JYneOmMlPTyReXuBMpQEaGYY /><object name=VHezORFxgcmPCirXEUGqXzDuJ /><object name=wxhfYOpUwjOFyb /><object name=cNYhEfhLpcrKFujQruAYpndSPutcmcMRrN /><object name=ubGlLbPgIrPCuNkpoZOzhlFMJZfMNzXGzfsCaFT /></objects></root>