<root><var name='id' value='5ec6d3ea-335b-11eb-8017-4cedfb6bed2f' /><var name='level' value='62' /><objects><object name=zDlgUsmjkXPBWtGUtobTgWGQXNThxcNOoFwczeLt /><object name=ZzjdXAJWzWUOIizLWzYbm /><object name=eUiKJSCgNuBSsIVVnZAKzapY /><object name=OCJqUOkdcmNIvhzuauVpiPjNgqiLiaYpaNu /><object name=SJISGmuvFYdoGrxDnwPQrcUACS /><object name=mPXjjguDOi /><object name=tJJVwutkgSobmpkhTMbudiPoxJ /><object name=XMdMpGNzGHkmImlQXLCQQptFMtiEehLSUomJQun /><object name=laUUYuiLCuzZrSU /></objects></root>