<root><var name='id' value='5ec721d5-335b-11eb-a961-4cedfb6bed2f' /><var name='level' value='16' /><objects><object name=VkFpMurJoJAiAodbvpunKjLsHhOHSnZDvKNhVtgw /><object name=KsHvhBpohNTocdDRnmTgvytsasENxLV /><object name=wPZICERqBjiwiFXoOUnIWdlpfhnJgCU /><object name=JKeZyaoIgJOgBfYtPoFrhnYQTzSsVoYMBlPNsy /><object name=EcGTWkXJvNDdbZcIygwMFDnxYeHbPqqZzqAYGPhu /><object name=KjkAFxspqHw /><object name=EKINmQNBJWJYgsxklxFqMvRt /><object name=uFQDdUlCOKYFSlqLYt /><object name=MWXfjGOINSdcqkXtCvbCbRWAdHVjayUsDwMre /><object name=SmJCYhhoJsRtZRnGZWdCsLFMjsNpIEmDcsdYGvZP /></objects></root>