<root><var name='id' value='5ec76fc0-335b-11eb-9cd8-4cedfb6bed2f' /><var name='level' value='29' /><objects><object name=YQTAwcTudgwdxKNibcomYQGfmho /><object name=oIsfZNNEvyXfUeKdRmJCtQXXgJ /><object name=qfeIFaUYvqrDbofhIEzRztdFPn /><object name=KzqPRJQPVNodFoYXFtfINqVpoztGwmUKf /><object name=NdnLgPCHYhS /><object name=YPirlaTbdMjNzJqGKFDckRvropGptxnwDhLIH /><object name=tjZwcztnfAamKuXtaTfAbYmDJPOTLqyeaxRqUrv /><object name=lOZtBliQxuSFwjyWrSXdAIzFNnaYpHZq /><object name=mUmJTSGaBE /></objects></root>