<root><var name='id' value='5ec9df0f-335b-11eb-b6e8-4cedfb6bed2f' /><var name='level' value='30' /><objects><object name=yNtiHXDNMWdfD /><object name=GttHFPNLeYHWVttdEPPrD /><object name=GcWALeHCcLjDXpwxUcESBcwknWBoMrRYoBMWUPT /><object name=wuvWLNkqNPmNFJoIRZKYoMfYgTynogmcLqcXf /><object name=QevtREjoAy /><object name=gydGQrjBjvG /><object name=EigoMRyFBSsL /><object name=IfvnGMIomRebSkIojyhULgCiTmDgHXGIKqkpi /><object name=yMlzdQdGokOQyIrCTrypARvNlKDOgHL /><object name=jNCFrJizAuJhdaPJVGsP /></objects></root>