<root><var name='id' value='5ec99122-335b-11eb-a9a4-4cedfb6bed2f' /><var name='level' value='84' /><objects><object name=HiNWTejUyiejJuBRuIf /><object name=LdgGKOCeUsvieeVSknzUumS /><object name=OQCMrASYrGROpkZPkIXyZydWiAirHl /><object name=MtRjPwNzjHpecvcmpgsZZVk /><object name=AOoMjXeFFKhrijGyDHEVBAczpkVAv /><object name=eIgysfgDZuOPphTfSDkpdmaxDCSOiSJHNtDwGO /><object name=lEQumGnGrTmlRiqLbSPSt /><object name=hCvHxeqfXtZLSFjwftAMMBWSRIaOIojnhQltoVCw /><object name=XkzQwgWlfYoTMlRQcuNhgTr /><object name=VPkUqTKmBKfAhkzi /></objects></root>