<root><var name='id' value='5ec9df10-335b-11eb-8137-4cedfb6bed2f' /><var name='level' value='83' /><objects><object name=RdrLIInFcxzqmcOYJllKbcS /><object name=wWRQkgPPZfZGhESSekHbbBEFp /><object name=SCvBsGckzDFYJofiVkkfEsOaOsADjdyLUpHu /><object name=eiNhqNCdGoQuoStAhCfjjJoanZrLbYQplemF /><object name=yJniAfFJlSOezfBQyKbbmzRYxygNsXPhxoV /><object name=NBXmCbhXjPiuOPLFDi /><object name=FYASyMmXauBgcDEYG /><object name=VdwbpuaAVGJEwFWZZ /><object name=uNxxwLyddHDZdIDHjhpeBSKRpNbkvHdLCvtidUA /><object name=eTLThhkYJDuR /></objects></root>