<root><var name='id' value='5ec91c42-335b-11eb-bb4c-4cedfb6bed2f' /><var name='level' value='100' /><objects><object name=HutCofQFUElH /><object name=MXRkDCEKgwF /><object name=QuTNhfrglyfnOwEPWSBzTWYtYLBWSzwoHdqwTCB /><object name=XBkEBSzDHLfOKsVSVHTLzdOgLrCoOGhmnpOLHmhN /><object name=InccoLCwiXgpUbdGQfKMKefC /><object name=mQyBSBwqDNeCRdimbHVKBiodXCjVZVqSU /><object name=yubrmqlJsUYPKVwbIMsUXcSkgEdBWXH /><object name=eugtSCreepoMHfCaRMGuxPoivJgSpDsixzTCQ /><object name=dtHQTuISLrgbL /><object name=SEuAiBXezqcToJKDjfYFukVhGVihaCwgtHyh /></objects></root>