<root><var name='id' value='5ec99123-335b-11eb-964b-4cedfb6bed2f' /><var name='level' value='96' /><objects><object name=QCBjqTbbIjoVW /><object name=uHKLnLvwjmjwNqZCbibUZK /><object name=vrtgUOkHdGljDWBCpR /><object name=FqDmUSPJGVkxfUmKCIMthSYvSEhE /><object name=SqJZcIwQDsqdbpCcRriEUCYccsUhJO /><object name=gKhnlOhMVSSDWSizuWBFjQkwDDgjRJgCfwFjoKwu /><object name=qmBrqFjyxxvQXpHzCAIUnUbEdDxB /><object name=XtGMcYcdKigxmlhtMQDI /><object name=IZXxeEtXYyixRkdvp /><object name=vgBtJIYhiGtWepwDzWHFXjHAbhMqDunCZOVvZStv /></objects></root>