<root><var name='id' value='5eca7c24-335b-11eb-8ac1-4cedfb6bed2f' /><var name='level' value='23' /><objects><object name=JkJeXuVbpyD /><object name=VOjjAXjzKcKcOGyAjBYBY /><object name=YIJJfZvZibuMqVItmmHIDdYjKWqUCIWyHcQnjIG /><object name=rOqOVgaJDdevWqSAEEiAZArpErHAIDLppXOC /><object name=XoXpnNKXCPtiPKVKEAimfIvkaYwDOZQfPvbTV /><object name=DGShWjsNAPUTCJnE /><object name=zDAgwgdKlNkZHrqVUTlrbFF /><object name=ACTeOlYGVsMqHZbQsacfBlcDVkQmaVSwxUEBCMIv /><object name=EDOmjnMczRMMtQOanvDgfsLkmZuU /></objects></root>