<root><var name='id' value='5e2da631-335b-11eb-b321-4cedfb6bed2f' /><var name='level' value='27' /><objects><object name=AbqqwNhJoVplHFZCbmCFxDFvzytwobz /><object name=inuqlHBHWGf /><object name=otoAEZHdeEYt /><object name=tpJBZdRmzGPKi /><object name=fZJaxWaLacywDGDFpaWMUHZ /><object name=GqkZrQGOQLkodilvqLTfbNg /><object name=HSuTKKdVYQaeGNZlJkgjYNWAtxLEjsfpnzi /><object name=JNLEPiFlCTNzosGtUgpneuHEfkvMsBgNze /><object name=vaekLlTsUQPEooVhypVyN /><object name=gScCuFkXkvQnd /></objects></root>