<root><var name='id' value='5e2dcd1f-335b-11eb-9a20-4cedfb6bed2f' /><var name='level' value='98' /><objects><object name=dtsnOZVkVYMzmzuVMfFYTRkSKgvoZeZ /><object name=HcoEhUtlwYzcFv /><object name=zfcGFthNCakDPvXyEtQmsHihAkNQaSUvAs /><object name=cUWiJIfuSbktDhQnAXt /><object name=WhJUwJipkEtecfHNVpfRvQIknJEQec /><object name=iZfRqYzrbMHiojfpGi /><object name=qPYRJpnBYUGpGkhXxFgieYk /><object name=ixsISyAjUrXOtXTSEUzisr /><object name=weYpYyriRdwMctwHVeCBtIUrPaQsxEawrfbKto /><object name=xGZKvjJYcLA /></objects></root>