<root><var name='id' value='5e2eb6e9-335b-11eb-8c4f-4cedfb6bed2f' /><var name='level' value='13' /><objects><object name=qyrdwAODRyD /><object name=eMxzTQEWTndXVgtPqvXrskdVGLlygBdhuhgya /><object name=ZQwuNTzkNNrSzZkcNd /><object name=NEYTErAfiL /><object name=RDgZTHdUZS /><object name=oEJyUiDJdNVXvPlotfKrpKdmdjLKnx /><object name=CSRNeVKlijpO /><object name=uTsqOwxJeXsbZVZBbOtwdlFFKybtRkmWJxkzj /><object name=JywKXzdyTOTcjGQk /><object name=XoAbYoUSopZsbsSkcgedebNGHIdFpxgTrSuJ /></objects></root>