<root><var name='id' value='5e2fa09d-335b-11eb-aa1e-4cedfb6bed2f' /><var name='level' value='41' /><objects><object name=XpidwkRnDxnpC /><object name=clNUrNopZfjWsxSjscnvMDyXYFppiEgbyfXO /><object name=lQydelhaIUrwiFgmWpRLwzSxEUz /><object name=aKtwGKElPIcDPPtciXPdblgUnCMqVvJNnROyv /><object name=CTVUFZIoTl /><object name=IxETNhDhpqOKWtVtMSnbeZEPNZsE /><object name=NxqoVhdeDwX /><object name=sihyHihEJBnbF /><object name=YnodugDZXyERenxzZLYNABROtBxABNrGrnMRZsO /><object name=olEpWdbvrNjRfNfjzEttveRKZPR /></objects></root>