<root><var name='id' value='5e2f2bc9-335b-11eb-8819-4cedfb6bed2f' /><var name='level' value='46' /><objects><object name=GUxgMQybVUHNMUiZE /><object name=wBfFMhLgvstkqaHcXF /><object name=SBMYRxScOys /><object name=JqGXAYqPgsSiFwFDwAbgkcZwmXLnyZfOHsPFgreZ /><object name=wyipYUvMZyAWuDdnZWZoBAqhGOYJbnyHDgIQ /><object name=bXhEcFPliuDoilkMr /><object name=bvMuahLmgVWWIRDByKCsdCuUJCytWHQjJeMu /><object name=SmfAWGZhYsuwieNlcBjzDawh /><object name=SUUogUznBVpmUx /><object name=SaJJFWGbsITiQy /></objects></root>