<root><var name='id' value='5e2fa09e-335b-11eb-845b-4cedfb6bed2f' /><var name='level' value='92' /><objects><object name=aSmUufbEHWDbabhzMdjSmiTfXXirABTOPCbp /><object name=TEGqjNztlx /><object name=RrNVaXWLTOwRlGTpqYmzSMsrxsGrb /><object name=GTcLqIcAuGOyKbuoDXZbfrzQJNIeXHFcCOny /><object name=UJytVMcdNycSlIclmmonbXDKPhpmp /><object name=ABBkGnVqjoDlcsvmPXWSpTOurGmhITPOKqIfGf /><object name=MfIcfSMNHozVElwceWvvqTwVcPrG /><object name=JDnUazanoNBrYsUIqVHaZFfFSDZErg /><object name=PzPRlHuINCblmMOAqNLaMwxKdjViLSxkaS /></objects></root>