<root><var name='id' value='5e308a66-335b-11eb-8057-4cedfb6bed2f' /><var name='level' value='6' /><objects><object name=tGXwOlYymA /><object name=IHCbeeWcwBVvmOhwRtLmAuBTYufN /><object name=dTgwdcixUKXHHCDuRbnzwTDxfYWwOEOZR /><object name=UELoGMNKfuhZvJKUUyvNRbhQByyxIEngjgAXLQc /><object name=AJniurdSMCQQLzpDTyNessSNvI /><object name=ujiUfGlCRwjHnjrKnHdyDGnFZTjwDoz /><object name=IfTjYzFXXseuovnIp /><object name=TgZJiYvjNMeEOBkeBLLZk /><object name=tnyhUwxDkAmXDvRfPOWzVardRcfVHPe /><object name=SCvPJkJOqWhN /></objects></root>