<root><var name='id' value='5e30b152-335b-11eb-85ad-4cedfb6bed2f' /><var name='level' value='6' /><objects><object name=BmbYqwOOetHfEIEsXqAiwcYbZOYL /><object name=brmHOdKSFyVYYQjnoleErIDOqZvQvlNeGfWoexLI /><object name=JHlObgnmqnaUPSERQAUYFIUziwUNhAJxKusgLr /><object name=UWMukeuJyIARkffPhjfe /><object name=ZKEYWMmJjUMNlOoOzoCublqZKcYQKAwDGM /><object name=dtItWcJFAgSsTaUhZKBptlqPhqqGlETIcDgX /><object name=BZajXSmvHtKccRbfojmyuqI /><object name=NHiFcyeipgtNgYzh /><object name=ReaLpckulxhWSNh /></objects></root>