<root><var name='id' value='5e317301-335b-11eb-99d3-4cedfb6bed2f' /><var name='level' value='14' /><objects><object name=HoEfqhhaSxbntOoRqWoqepUxmmcIibQBDa /><object name=ovyeKmWwepoYbBoHxkcWCTijDQzTjsWOzRgPgzu /><object name=lhcMHKNKhNuQqwhDzxCzQzjo /><object name=MHmVEYJHnQFwtFMRptLkQeMkpMVSJhOMi /><object name=GritntHMthvEXMsVUD /><object name=SRKaphCbsrEEySXzWxOwzzyFmjbiV /><object name=KXfhfEvKhKxDGamCMTmybRMEPXDTvOhPViMVSzV /><object name=ESBNToaUZEiFaqkchtLwzQlJClmGGwztjWEb /><object name=vHmVrySfjBqhwnSBVCKYstK /><object name=uJMoULNssCancARgISJnieUuPCKiEoiWGosr /></objects></root>