<root><var name='id' value='5e339585-335b-11eb-a7cb-4cedfb6bed2f' /><var name='level' value='32' /><objects><object name=twzNURaVWwJTtjhGmd /><object name=NOKhFPaGIASkxrAstFOkkEoZjZjyphttgZnKXo /><object name=TOviteaRUByyNbzPUPpTrijKM /><object name=VywKwBPrXncySYdEXYmYnXxnu /><object name=XSGjmCAzvlHNoTN /><object name=nLiKyGFGJOZhCAXBzwtnftTIwFYTrk /><object name=aBsCeWoiKnUgfXRUzdhrEnKJXSsegs /><object name=FCZvoCYHZfAljUXcNHuutPMRCvFgnTsmldVCvZy /><object name=QrpGgNabTCwZFSczOoU /></objects></root>