<root><var name='id' value='5e34a640-335b-11eb-9341-4cedfb6bed2f' /><var name='level' value='19' /><objects><object name=zztoZRVtgDnWNzSIWTAjUfXLFZzmRjZJIfreDh /><object name=wqqwsFxEODJXsOQSOlTIwFhB /><object name=HJZNoZjXAPoBjabJyTfbDIZCCdUQgFtgiqme /><object name=QDwrPYnmLbtdlzLfeMwMfwwsP /><object name=JMkIRSrdIagSFfNSyorgK /><object name=GgFYrEfwddAGIKhHTfSCJQZMq /><object name=gdnINwrUDYnmWYqbX /><object name=bqywmSvSYemeyHqgpMenrAqQGAzXzqDGE /><object name=iuzJaZPSQzMZlHegD /><object name=MgTpexPUlwYnbAcYTkWtXK /></objects></root>