<root><var name='id' value='5e347f4a-335b-11eb-bf9d-4cedfb6bed2f' /><var name='level' value='12' /><objects><object name=scWANSwQBBgr /><object name=bHlGbLaGogYPcY /><object name=YLLDBRbqwaIPLnMWmScsMDlsvrW /><object name=zFYjpJCzThwaOuzOBlOkOqt /><object name=mkMeETExtvcMVrEYMzK /><object name=zchgPHSLpHKv /><object name=jECIuQhOQz /><object name=vvdApWMrSphWVwXHBzqhjYHUnyntehIrqPrda /><object name=tImRAGxBDpeQFinTzJNPZBGyQxuBKdr /><object name=xqNGdhBhxWEdlsYEsnNdAdVruCQwzrP /></objects></root>