<root><var name='id' value='5e3567e2-335b-11eb-a76d-4cedfb6bed2f' /><var name='level' value='67' /><objects><object name=oRKfkmxapBMcWMwsfjNsKMlzvhbeactPP /><object name=zeOISBNxYscEpaxYVIrzVraUZDGrdtCLCzkweSKk /><object name=rFarsPQaPdgDMMtdeGTAIdr /><object name=gpDBvwhoxodLiArBMCGNDbPSsEzVyJyjK /><object name=mJRRRxHQUiKdbsPGVWmwYtTabTqoCdYY /><object name=wjvuumWSYTelFBFslKMddozdWV /><object name=fkDmVtSJFDiGuefmmYaFLICJHEaSWAMykJNO /><object name=uUyoOIzuKGRbjBjAFrJzfkOvM /><object name=ybBIRcvUsVhBIAnosQASrZLBspYhFXGC /></objects></root>