<root><var name='id' value='5e36c683-335b-11eb-8f37-4cedfb6bed2f' /><var name='level' value='28' /><objects><object name=yeLHVkMqHOXEaPRylKuPXTlWoA /><object name=XgthnajljEJZwKQBRinkSHWdYFWEBh /><object name=EEfYngAQxgPQZxNdRnGJNepJFy /><object name=eltPiupANfvcVQlazr /><object name=qsANKDqQUnZjiCpJxBieMRWnOSdgjPkBsHdsa /><object name=SKhKMrikZdFsFmBGgsATvfXiDPnNSLdaA /><object name=atMWPVLOtLEOUkxdZGRpSosMpNGeIzVQSsfhtX /><object name=ziUVCFFRfNKtpcWHSiJltbNGalPQxrnDDhveyh /><object name=JlRNiBPmSGNEzCnvCwRXxZDWhlrIqfhugMQArUcR /><object name=GUHmxejOBjdEAAndrxsyGihLuV /></objects></root>