<root><var name='id' value='5e9a3e1d-335b-11eb-9ae4-4cedfb6bed2f' /><var name='level' value='3' /><objects><object name=ZcjkWkGKSIZIat /><object name=rRycBbVFeaEzAGGmmOoC /><object name=hkEPfoRUSGDbiWmmhaHVRqf /><object name=yEwkyaggWOegDmfYJoqXddFacYrPHAGO /><object name=EZgQkMZwMTEv /><object name=bVpNWCJpfBsSKSBhRuHitrtWcH /><object name=gGeGUoPscIlZNfIcFMrfZfAuGyFmvebPEa /><object name=yWItJJLGHLuSJIWU /><object name=VLVMVfpUXnUgRuQXRHQgGPnuyOKeAoQRcrfTnE /><object name=GRLchjgvKhMZnGyhAluwZJpVqxZRjVKfzUepkmq /></objects></root>