<root><var name='id' value='5e9c3779-335b-11eb-a99c-4cedfb6bed2f' /><var name='level' value='60' /><objects><object name=DOEUCZzkCQiRpaRfLpSwvhXscLbrkSxSAzKAI /><object name=vpAPauxHUHHqzj /><object name=oEDRDjIAnmgknNYZp /><object name=bfVOBHOZekFm /><object name=vpmHTqJhjiOTDZEVUblZHjofz /><object name=nacGEQJqmonuhby /><object name=AkstnTsWOiZbAQxUjrr /><object name=zDnDFLRKAdRaLNTIDdETDTGQIRLeJzDTobSFjG /><object name=XcOEUNDRuaSYmRQdRzNbCozZiqfYqz /><object name=RNioNeMWONeFhoTUnpLwlr /></objects></root>