<root><var name='id' value='5e9c119e-335b-11eb-a102-4cedfb6bed2f' /><var name='level' value='16' /><objects><object name=bhKWjhDziQoM /><object name=VxboeTTHdgtaZhBxdgkMUYbAHOlcuVBKT /><object name=vkDLIdcDyLtBnyzSvQjSkC /><object name=bQMNEvOJnQusWXjBenWugSpAW /><object name=JszUtgWNLARpzqZbWcbsKMkHGhDoveenlnkF /><object name=rGluwKSHhGaw /><object name=ehDbVyKyfmuagBGBCNsvfRSDxdNkoory /><object name=MTFsQOlBjOlJItlgtzGKmtQwHc /><object name=wmTtdSgMITKAAcyijeri /><object name=fXcDpydBdvMWyxvjCK /></objects></root>