<root><var name='id' value='5e9d2132-335b-11eb-a68e-4cedfb6bed2f' /><var name='level' value='18' /><objects><object name=dfOyoVpZdNOnPTyqIIXqCuCTeLwwtxkLkDioq /><object name=mpmXOQDPSCQPnBnTJubrhCLETZzBBornSEutXzza /><object name=VSPMcshYTCspxhBSnXCqMZbsFFfyRYBk /><object name=ZYGFcHigDU /><object name=ZsylHIiDAgeCNxYjStRPPw /><object name=kgBKYPNHnrWpGTtujQaFxsNxIcPEYloLON /><object name=WRmcpuEsDTDwuPpFfSgLjgCRKZMtdWkDwOjo /><object name=pcTfnKVyFqEadrfpfDeBVFOzYYu /><object name=QQcnIIwbBQMfaElwgpCJDOhStBB /></objects></root>