<root><var name='id' value='5e9ecdbc-335b-11eb-9a2a-4cedfb6bed2f' /><var name='level' value='22' /><objects><object name=oAciAuQgJZVSFdyuI /><object name=NfnAkjEuJuANXdYBjZBkDKDbindZWhMV /><object name=JLcnGmQswPGSvnzqIlfVf /><object name=nlZiOtIVjvKuRQZXFOedCijfthEYIOmCorrlfa /><object name=PsYJgVtEaquUvpS /><object name=gchGZLVGONoKSAYWftIYFAQaVyNKvvsC /><object name=NgnygcceqnxdzwstWkXFiJHBHfQk /><object name=yyroCKKRTjjW /><object name=clEWkSZicJerh /><object name=mEwZeKpZyfVCGULASHhaUugNx /></objects></root>