<root><var name='id' value='5e9e7fd1-335b-11eb-b2b6-4cedfb6bed2f' /><var name='level' value='28' /><objects><object name=mlrFdsULOGZMYnAATloSJyrDDoq /><object name=LIHkmMUBISPVgbZqVBFcIuURL /><object name=OBnyILxKDyamAxZCGPuhTfqXtswLGkxYLMIGxQRG /><object name=ERghIIhCTvSfwvglEKxOqKtBMWasizw /><object name=ZYTDHUrIkTlQfHysiBtqXhArxiPWKQyEJnuN /><object name=ByylNdFQTUcL /><object name=jqFVocKfDNMeU /><object name=MvFgqjWsOnUlFQzJXRCaJF /><object name=XMniQGlfSNCNfxRyYqKxdpclNTxmijmNR /><object name=ikfiOlcMgnaxYb /></objects></root>