<root><var name='id' value='5e9e7fd0-335b-11eb-917c-4cedfb6bed2f' /><var name='level' value='54' /><objects><object name=bdRscEzxwvPhBduQtdvBJDGoSGPTelUsYSyG /><object name=HKQnuBJtcxCFmsK /><object name=CEVkIfQVWBNAOHCOWw /><object name=yYnhygXZPFqDJ /><object name=cdvWQYprstHxMwzNbRj /><object name=sTiRjMLkUIRvYAOgyTUSmQdxNggIrQcuvrZYumBN /><object name=aWtydGAuqAyBG /><object name=TNLnwJbMLirzsxbWoxTivpNnoOmvvGYfR /><object name=BWqzfujoALRxKoLcIjr /><object name=PNDeNVcKdKerrTHmXqj /></objects></root>