<root><var name='id' value='5e9e0af2-335b-11eb-8bc6-4cedfb6bed2f' /><var name='level' value='19' /><objects><object name=eMXRQlTsQwP /><object name=xkKItXZvUUjuNaxCxcHGMAehCUoOJJluqgeVzQpv /><object name=PyGmblwJyxqP /><object name=XBuQwPQOGuCVTfAFuOVTnYjdDIhk /><object name=vYTMJuAVtjFOMgSLHRFQdwGJNjYd /><object name=vpfmFuMRMkrGdjWYtmustQCUDoRQTKKMLXCp /><object name=oNRnhXIvXbjH /><object name=lFrObrYzXJokoCxggFcwiqA /><object name=BPQdLFwwCnAAiNiohpoIGZclAZbmiIzffFYo /><object name=oGdDehjwPgbfXkYU /></objects></root>