<root><var name='id' value='5e9f43d9-335b-11eb-9c2c-4cedfb6bed2f' /><var name='level' value='22' /><objects><object name=UjnuQHIKUaNYJUrZjmhOdDdcoPyJnhr /><object name=jLfgqAucCKoya /><object name=RzHIkKITrNXbDNdJPES /><object name=RVUqaqAUwOkumGdsffJIniMdnUUbDxaIn /><object name=nbrVHlxiIt /><object name=ItVmndjZiHBSVqBtiiiLI /><object name=gqgXnNwzuame /><object name=qItJfhoixJrUpmHMIIhGTohuJOnqXaJvgiqhxsd /><object name=HYprhQcVbWyKmXrYWApfsNZEADjHVojet /><object name=bkAqKTHrHiwMrIFGUWPVQtgmkToIHXQl /></objects></root>