<root><var name='id' value='5e9fde75-335b-11eb-928c-4cedfb6bed2f' /><var name='level' value='18' /><objects><object name=RBrhmmBLMySelbsvOygnOATyNOupReKtgMiaR /><object name=BbhRrINAAJiQryBUYirPOvHXkvwE /><object name=dYPJJSXqRtakmdgvxLt /><object name=rDRGTQYieQJWhgTrDaToeNWsTdzZebwoygXW /><object name=EfjtslORoVNLnOfkK /><object name=fysXehYSbgIHJDMMnWqzuLkM /><object name=mFVzRJHPXiPEYWnBZFjBmlzJXAXEMSGogZVdd /><object name=vpBAqFZEhYwFRrMogRIcQVnZyugNUKoqUstn /><object name=QhWHfVSPwUOQmLjpsBVbXCubBIxOOYtiJxmCzcqe /><object name=pBkIjgbbvBVPUmyDNzLXzkegAYVuafGOyD /></objects></root>