<root><var name='id' value='5ea02c58-335b-11eb-bdb8-4cedfb6bed2f' /><var name='level' value='71' /><objects><object name=NJRZbfRHXvIVBzMBvJFUYAOqHMLfpZRpoV /><object name=QRcijncRdySxmGCrNqTpbKPwjvMmnlZBUuHyae /><object name=GhkwqjZbuLjvnVoytNWC /><object name=RxzrzdZFzMD /><object name=YAvdrUoYPHKlOupQIluZswzqp /><object name=ypnHuEMDXwlyHAbcjEz /><object name=TetJgcwLfrMrcXvAsbulvX /><object name=SMnJGYKzDhcdjTiJmQcwqRStYsg /><object name=FSIoaojHusBqWvqnyaZaBEZPhQXM /><object name=gltKPEaDXhEQMgYRxzQYS /></objects></root>