<root><var name='id' value='5ea1161e-335b-11eb-9006-4cedfb6bed2f' /><var name='level' value='74' /><objects><object name=ZjwZBLcLcStOyZYiaMclhpPtcNFxLbeIfAxx /><object name=aFPRwGSLvRxcjOOdCksDVTDJiFLenfB /><object name=dmJGAcUCjWdlXEjCnYYpCeUUckGGoCrEjd /><object name=CazHxnxgSxwccgYEznqxZrcPxuPIsDnDLfwmqb /><object name=juRuujgVBLzRkzCKIUHEqsTekiGjPxeGtZVU /><object name=dwdCMIIoDEiwdFBKwawTVoi /><object name=mKRcRLjOawSnwLrFTjEQxrzoDmdIALdS /><object name=AOgCiSctuVwHjArKCqIaEWTHJdHKVhyF /><object name=opGhRIWIkS /></objects></root>