<root><var name='id' value='5ea18afd-335b-11eb-9bdc-4cedfb6bed2f' /><var name='level' value='78' /><objects><object name=xyLyaiysFNSDTnKypRtzKpCiEDpyVLrv /><object name=TdMniZjuPZdhYxFwcQvOkjsSTgNbDRKvOQyvWjrx /><object name=NySEZQeoSvQQNmoruzOdwCLvjIolYwDEdpjTsrZ /><object name=SSisiHUjCRmPGnyyDGImwuhbDzeU /><object name=aftgrAdjAmPa /><object name=EnQjteSgaPzZUupfNvKyhBrhjWQ /><object name=BnPolJakucPlkUmw /><object name=rITaipOdqTgGbuVdqbXvmNRIS /><object name=YCtUYRwYNPrVfANrTciPrUcbaOkPHPft /><object name=naLWIEVwjvJRIYTJpgpvMynVZoUJCvvoeYO /></objects></root>