<root><var name='id' value='5ea338b1-335b-11eb-ab2f-4cedfb6bed2f' /><var name='level' value='40' /><objects><object name=cokfkWmwhIfZYPvqp /><object name=ZmMuxDOhWSqgG /><object name=yBWUTOICKIQmOpkaraSVVKwSoTIxGxIvEkhUurz /><object name=jGUlgmRTjGxzstjIFYyvscKDFyxoILbGC /><object name=BVTqEbIbSMhGPgIt /><object name=AXlDFqrcdxcXnWxFeGNKCsYxMgOWDghuIWjST /><object name=dfCNBmRUPhooEGnqZKKVMoRgcMszOyJ /><object name=VdfYTZbTVYqnO /><object name=wkTninGiuLKNLnxhIdTZAKOazOyzZXtRQNzv /><object name=RogZFPyXUiVduLlkCdeHDCoAd /></objects></root>