<root><var name='id' value='5f30fbc9-335b-11eb-9738-4cedfb6bed2f' /><var name='level' value='39' /><objects><object name=rCHXLDYTwEZpbhZn /><object name=jHfqdrexnfbIuyRAhJ /><object name=ijvucbkgyUmKLJTtKTCWlHFKsR /><object name=MNEBREJDvDookIUJtaLWRGqsLEEkl /><object name=XPXfAkSbiZXFPIWNlYZBRAtuLnsjvJ /><object name=dYbYcbMnELq /><object name=RRNwFKynBwpDTTezBzT /><object name=cryXzNgZWXgZIILlbVGXLpWBYsRFNdO /><object name=zozrWKNuawpzGfsCHGBssp /><object name=bbOalJdBBtkBvJkUcCzuQXxSpJyLCpsvRK /></objects></root>