<root><var name='id' value='5f323373-335b-11eb-93f2-4cedfb6bed2f' /><var name='level' value='15' /><objects><object name=EmrkbSLejwifbXAXcrEyIZwY /><object name=YJRPhBiJhZoh /><object name=OGCkFHFzjWxqEwhKxiixceXsgmAKiHiXsyxPtxQ /><object name=QcKdwIirMOfjdkYgfdTsjo /><object name=sArXXiLxEtHmPpmzWkdqpWrSsxUZTaYrlda /><object name=gfRpouAclmpeqNOzaUWhThPHAgWIhmpEtGKWuiph /><object name=CEVfIMjLwRIcRySJLLttZTmKoObQQGGTpFUxxOu /><object name=FGroZzrPKwNgRTeJlnyrQzCxNHyNKgEAeQ /><object name=mEMMkDmIOKjFxlWBXrOgKbBX /><object name=FmtDKKShocJtgZCF /></objects></root>