<root><var name='id' value='5f339355-335b-11eb-8104-4cedfb6bed2f' /><var name='level' value='30' /><objects><object name=qFFQoUXjfiBAvckXGx /><object name=swCKzxOfcIHcrPYLkAaMioxOeZbkVdhNGLYo /><object name=GXoKKkAfXFrNMdjPXbzIXHbyVEaGOrtDkY /><object name=jdNpQOwKsOQM /><object name=BjHfuTJqwFnTdownixButhJjL /><object name=eDBEKgNdHGKGnzZAWMHapwCxCDLvX /><object name=gfFPfOBpHMlkJiUoZxEUDDOGiiUmbwLMpRjh /><object name=SCpYKSVyNOqLVwPoVNt /><object name=JOttBxvuWESayAFIBLVHscew /><object name=cTVWPccieuCSJQWemQRkTHMWcXM /></objects></root>