<root><var name='id' value='5f331e62-335b-11eb-b70c-4cedfb6bed2f' /><var name='level' value='61' /><objects><object name=SehqDzYIhIYHAztwHofXGBot /><object name=nQmFfpwhjO /><object name=kWKvJPXtkfUAvQzeIfZjVadfMIgGEqTH /><object name=epzQJLYwEaFqo /><object name=zCbtKtiSGsSntFmCJINbvSdxhkCZPritHpMT /><object name=cRGiIogSnCymMScRlpPezSzqchVTXyfxKp /><object name=uypMLzvPoHbDetFsaJXkewmQf /><object name=mFxhvOznjaeGwzhSIiV /><object name=emQIPdkOpmfEXADiVxcDOkfmtnEqyarGXAUBTZMQ /></objects></root>