<root><var name='id' value='5f34561a-335b-11eb-8dc3-4cedfb6bed2f' /><var name='level' value='32' /><objects><object name=smKxVbbNiRhFGWlCrSkjnkOwTELPoLw /><object name=TLgFCJoyvIHpmVCkeNtAtfEmSqdZHid /><object name=ILVSvzhzhAlMApcxApMXjEUnxhdpJfvA /><object name=rAwnJgqGATtywCiEmvhCl /><object name=KxYAyXjCHtmjot /><object name=NVhLprKWZMLyJZuA /><object name=IEzOJAaPbJdvPfZbOqBnslcAlfqknNIwyhCeJ /><object name=LEkDjWhLhmcbtjhzgUx /><object name=idgsMDfQlpBBXRDmgYUvXQCivmPpPbOpjXvkLUQS /><object name=ZfdaCfGPQLfUNkFJTkedafdujlATfq /></objects></root>