<root><var name='id' value='5f3566b8-335b-11eb-b526-4cedfb6bed2f' /><var name='level' value='54' /><objects><object name=QCrMdiChxspQZXmCmhmYqOdGruYpMFEmsaQ /><object name=xtVWCgQoIDFgJQLMiNZir /><object name=FxwgeqvSkaWPIggUURzonQMlspd /><object name=IVpPawyVskFlNFitruEIfacdsNlFczYnePIUFm /><object name=tSHTHSyafHuXfBtTacU /><object name=YIBCRarQlexQXNmMoyXoowddkzQEbUupN /><object name=ChJbgBQnDtCerMkRxwW /><object name=qVHItHOSDNvQrSrOv /><object name=CPBYjQMUthoTRxbEhrHlSEnthDbJccDmDKLNlB /><object name=OVeSDQqmQEWZntMmtMnADDEnWevZlsbk /></objects></root>