<root><var name='id' value='5f358db1-335b-11eb-9357-4cedfb6bed2f' /><var name='level' value='8' /><objects><object name=KkRogUQgBIZpZyHNgscdZdgdajnIaUBbeWDAlOHv /><object name=XyLUAtqWvtnTLoSYBaoxHxFgyL /><object name=ubtFYwkiJlLgub /><object name=CcDarDaeomMRIyFAFUIwHIJAIPuTzpiuTGetXg /><object name=AkckVTlGVOKNSVSipDkkHwzoyaLzhOj /><object name=pniKQIfZJBGmVQk /><object name=smkEvFtAxJcWMAVYNywOZnauDRdcPbZSqRRCwjX /><object name=qIvibzcUNJgsqsYQWAkSkwUmVoVAeUDOllscwJNf /><object name=pBjsjmtpvA /><object name=ANSmvZbjDyzjIcgAd /></objects></root>