<root><var name='id' value='5f353fbe-335b-11eb-aa9a-4cedfb6bed2f' /><var name='level' value='36' /><objects><object name=RqVcURndZRhJKLWqFLLqzqBJyDUuDyamFBqMQZ /><object name=wkCnQiVIfLOluvsZNUfA /><object name=NXVKTsKcQVc /><object name=KEZAcBOUJUubJHavhcJdIsDDo /><object name=sOEgBIKmWbdILHQonZHDRhjOZSxiLv /><object name=svZLtonXZMllkFBedNBMoQdPdsbrfSBhXwYryFHf /><object name=IEkXSfigPodxHMMHepipLgTKXlHsvv /><object name=CnaoCpwudPgbGNKaSjSmKaQs /><object name=YGujDJepbDSKaOcWkkVCMsDSTEqDUUD /></objects></root>