<root><var name='id' value='5f365086-335b-11eb-b7a7-4cedfb6bed2f' /><var name='level' value='64' /><objects><object name=QCNKTGbxEzNw /><object name=FvjwsyoZCkRm /><object name=QhWkhczWTufVNhOllIXYjEZvzfclxvxUt /><object name=XeCWvEJbRBXUdcDxOupXXVZ /><object name=HDTnmFyChcYfvBbFzyLAXYOakMKKrYrsp /><object name=owZhmfuPfbALfLUpVHkgoVl /><object name=oSkAYGiEGeByb /><object name=DYVuQrarJUKPGtDBEiPwBgSzihDRpKsddF /><object name=IzCMWDkguJNJFQsYNHi /><object name=mlsSUhdjdnpZOFuewmZzzsGdO /></objects></root>