<root><var name='id' value='5f367768-335b-11eb-aaa0-4cedfb6bed2f' /><var name='level' value='65' /><objects><object name=luWyyoIzMxBVeGLrZ /><object name=amNyUZRbDUCdresuDtmuRGRoQlhGHRi /><object name=NSzEwwvfcAhhmUETwRwpkojjqtirJxJNOuBOsNP /><object name=igvxXdxjhqKRGboyNuEUeLliyAJzADDtKMTS /><object name=AdcFgqSQdKEpSVFhqzpEeLoJEzRwu /><object name=TZCAFeLzlocjMIyUuRts /><object name=SxFrMIidntPYoVyjvIRWsPL /><object name=ajAEqVSFmRmdyuCZMavSSQIhjtqSVWsXODI /><object name=hZUqtlLdkwMXLVSarVKo /><object name=qQQXjoPUqOIOIGntNzQVTHQgAlNWxBrAUW /></objects></root>