<root><var name='id' value='5f373a36-335b-11eb-bd91-4cedfb6bed2f' /><var name='level' value='96' /><objects><object name=CJgmFUuSzmOCHWekLpcGuAGAegx /><object name=NjZnPYTfjtjASQgbZTxMERYVPTwjj /><object name=SHSZwLwtSAdtrfZhxTFLAvTwIvqWQrbrNLXd /><object name=HXJgsYwXTAXTDexrMOitnDrTBgviJvgxmS /><object name=pZYksdHfxpgdVzlfS /><object name=AoykkUZJsKVVRwXxNreVgpQGLtMNNgf /><object name=hPeDrQaLQLkPEZoghnjqlnSfPCTjTU /><object name=wSaYuFBdUbaFoZcRzuELeaz /><object name=UMsiZWiNtVVYJukIHJnpjWJVQhTWMT /></objects></root>