<root><var name='id' value='5f37d60c-335b-11eb-96c9-4cedfb6bed2f' /><var name='level' value='17' /><objects><object name=RUKxDIogOSkJKvOLPBYuFJMNYWlyBwymCYgXnpgs /><object name=XbhGSRcbtRerkAbgaIZjMdmdnfABhX /><object name=HOKJLchaMAlxtSAVhGktEluUViORBLbKPQAISzAy /><object name=QbMVaorgnClAHZcZoUgsrAvG /><object name=HDnXUtrvXfEHHmXvPplvQtnsNSDZXBVRTuLtZg /><object name=chPHceklhdJtnvvbpOIBxisNOPzeiAxIElys /><object name=KzGiaubrAwyNGNmKBFNCPEHyIJcuGnFJtqDKz /><object name=AHuBTauZWUqTKkKyTxFZDgjvTLqnpPA /></objects></root>