<root><var name='id' value='5f3897b4-335b-11eb-aa3a-4cedfb6bed2f' /><var name='level' value='97' /><objects><object name=iPpCjGDQiZCbafkxYrbhSRtOxZssDgPnuSWKvMxV /><object name=MPFFMCBJyDWtOlRZaifCbBkFh /><object name=vKRDGXaUhMB /><object name=ytolbROhaSnLOxMcfPDnKUfLSshFQjWcjd /><object name=SUZzVPhhQXLaJpzoEfotCMFSobxgZTrJvileipdd /><object name=MMkvYOKPrQfcSAUqVSCPZvwYBsNqXOz /><object name=fySRVVwjwqeGZNSeUwvuHzbewsegGZXGILMDcWKX /><object name=nHdGTjsMUtEelzVjCotpOEjHutfKy /><object name=mSNgKVgoCOWKjRRBG /><object name=oFkBevbcXMqjDHTVTmrpPgVIA /></objects></root>