<root><var name='id' value='5f3870c0-335b-11eb-bf96-4cedfb6bed2f' /><var name='level' value='75' /><objects><object name=djHDEDeJkwumP /><object name=MCbqVKXUwoAwNtHEJmHXqVpEKtp /><object name=WchuYQvXzmbRvxxGWgmXqaOWpEMKbJbOumdCXYUM /><object name=dUBaTUUTDlSGvioFzoJjIozyWVls /><object name=zTuXQgKgTOlzQxpitTgCVckXlaGETbz /><object name=jBBetlYYztbUgyYTBD /><object name=uTRaDkvbxbAYxjTgZGBJ /><object name=HUfFdwtHDiVQpCEadm /><object name=QpeQXDXBHiDmyCxHDRwbAVwbcZrhxy /><object name=PiQgXTojmHntiPNDHqASvAgXItdumdMu /></objects></root>