<root><var name='id' value='5f39816c-335b-11eb-9e4f-4cedfb6bed2f' /><var name='level' value='37' /><objects><object name=gUSBICjzlmMynASbHEtqskJ /><object name=oNQTBYZevumYMPUFSXsYcQCVmvekBP /><object name=DiYprONRdEYXPkIRPmd /><object name=oDfFcwDTrWDfbNyw /><object name=YhfIHyjxpySPKmLjYfHBeXZwQnvZGKUTzQ /><object name=FRihGAyASKdFLIdMUuaXSZYmPKOpkuYB /><object name=mHzymPiTQXVMTBpWxuXrrtkfToBwJfIE /><object name=ZJqrrCzHanlQDXP /><object name=JvnpFXTJrdMWKSdALvu /><object name=IRRllxBXcMPYMUCDmbkzNRSvyqaMWxERAYRA /></objects></root>