<root><var name='id' value='5db28df6-335b-11eb-802b-4cedfb6bed2f' /><var name='level' value='40' /><objects><object name=pPkBPpZIxyLYrWdlkjCpkAD /><object name=qLaLjCSiAujfLUwAwlvrXS /><object name=AaafQktynBlHIIwAddKItIwWwX /><object name=YfMnrSozcjvYrnQcOurGubVRUGwmwWSrUVnMdEZ /><object name=QrzJJfjWXYwUhzquUVBoSrLgZDibVguCCCGNmt /><object name=uEhOBjgswlTBLoxlygCeFkBZWTrIdNFFJ /><object name=aacQPcmKmNPTBBVulNZkgfEs /><object name=PBdRdegBAEzQpElUuSmE /><object name=XBiSQNklAVNovWJzDGigkINduCyoPC /></objects></root>