<root><var name='id' value='5db30326-335b-11eb-a8af-4cedfb6bed2f' /><var name='level' value='62' /><objects><object name=EWsvIbaOWV /><object name=GNivMpYPVGfzdCuExfkeoTkWHGHHGzS /><object name=QvNYWUKWefiMsFWoJOueYHJNAukgthcokONldA /><object name=nifescNZYXAv /><object name=BTHSGJIloLAfWIK /><object name=MlkTuOJHfcKAeZsBHGlGEzMdxquTL /><object name=VUcjXGeMqaJQWZRxjRycvOmhemnmwSCdcuPGJMP /><object name=OqqyFIAfgkxfipCubAQaoQOjqeAuIOc /><object name=lMwiZNlHAApRCXIcenTvEpftTbLf /></objects></root>