<root><var name='id' value='5db46173-335b-11eb-85d3-4cedfb6bed2f' /><var name='level' value='27' /><objects><object name=eujMXxPmYzbkMa /><object name=BLRQdtbjKXwHbdLmTunLyEHgaFcUz /><object name=RIjIflQMeNFsnsQIUHnmrlmsnjrmED /><object name=cpHViGoEOYYMniRwV /><object name=eIupyFrAJzSGrAVzrpMAebMReeKFLQTUuF /><object name=fvOekfUnUSS /><object name=wVWmVXDJljIVlMBRicMUYSMgaOtrVHofklPBQgpX /><object name=HjjxDKKnzYIFCSoDVmGMqWGrjvThGkXENlVWJ /><object name=eZXOyKAlGxMRszqFgdhvGobEKT /><object name=kssRfFYIcQTDuFMFvKcquuBILqJNTGGzqlvKdVmY /></objects></root>