<root><var name='id' value='5db4d533-335b-11eb-b941-4cedfb6bed2f' /><var name='level' value='83' /><objects><object name=SmhlKtlIxzltCZynAJDSqifpcCziNklGIi /><object name=nLrepKHQhnBjMFkgbChMZQAumJitBPwZKxs /><object name=QyRGwWTZKyzpiu /><object name=TVWogDpLXUbvMRdGZZPZFjrFGZd /><object name=WdQuMlXusYVxzpTTg /><object name=NQyBgHpcCceSIEEtgwwgF /><object name=UCTXNWcdvnSvwjp /><object name=MoDZkYrWGlnijEPTGWvqDUhDwbu /><object name=MUmOahBtmIrCRZXjdiW /><object name=HkJYPhjDdoTsyLglSQMqEMVPHWACKD /></objects></root>