<root><var name='id' value='5db52425-335b-11eb-9669-4cedfb6bed2f' /><var name='level' value='15' /><objects><object name=uLMONVXSDkIFFOFFkBLegoWMmE /><object name=PqLWwybSxgoWDeZFKcecPYUeedCGWvPh /><object name=ZSOyMnbIjSIEHFMdK /><object name=vKqSAAuuADhhFiiZReCsaG /><object name=RlifsrngYEroafC /><object name=BPcKVqFROFPpTqxxZwLbGUoFOLBqs /><object name=MJJQfWPHSfterSQlikpvxbIyfmjQhPq /><object name=APVwGfyFgIRU /><object name=DhdbIRTCPuiRhuLXabF /><object name=OsJcCyfIGqsDSvtxEgOUrSLtRHGsrBQU /></objects></root>