<root><var name='id' value='5db5722b-335b-11eb-90e1-4cedfb6bed2f' /><var name='level' value='74' /><objects><object name=UZmwUvEWfQoPGMlEiEbjmLquVE /><object name=LmylIOndrpDPGVbKheOwUMjhOSIR /><object name=smfxVbjzVaFpz /><object name=CAAEPujJmpRrhUBCuzKQKurgjVkabTIcaufl /><object name=ZHRQdOXMMYPDbnOoLZYhnATnEtsUzdJpexXIn /><object name=DOmRkxcHPSWaXjofneNMITDVADzKJsyjPlmq /><object name=FuXeLYhaQzBJigMuTAYNgArVppLnsSgiAdRY /><object name=FvWveFMDSlqfji /><object name=qhEyKpQpBntcKsNcsrbPWbbtcDqXKx /><object name=ERGZAqVCvzcIVyLkUyBeWLvzgNgs /></objects></root>