<root><var name='id' value='5db52424-335b-11eb-afbe-4cedfb6bed2f' /><var name='level' value='87' /><objects><object name=pifDhSUYxpncBqXSIokKmbZOctd /><object name=WPxbKuOsLUztjKXuYMOyRGePTDWhcwVClxhJuATc /><object name=eMpGoGETswZSqSIoBjmHXqNzgjwCffpcYsRz /><object name=yuXwjJHReVblTapETAtnrgCgAuciIAh /><object name=ndUhvfVeyssrtFcAC /><object name=TRHOubdqsXrXCZ /><object name=NsTDYtndRd /><object name=gLtEsKgTmOVsRsVxrlHrXCzxEV /><object name=RYfNapbXwdEevzLGBkT /><object name=pUgQQlrfpKaNZPQuIJ /></objects></root>