<root><var name='id' value='5db634f4-335b-11eb-9c40-4cedfb6bed2f' /><var name='level' value='20' /><objects><object name=wJUWeCkdDfWqLIREaT /><object name=qBSfggoFCVyIFhobbWYd /><object name=AizpOLbqznnozoSCecfFNMdDIb /><object name=sMVLPtpOHbCxGEGrSXVPqaOCAljaPpsDpiu /><object name=txbzQPBgeKjTKGsQEDiwKTqjfEBe /><object name=azMfpVxzfJqcZAaqVBQpcYnGrqQtf /><object name=fpbVJAYAzZOTFjVdsua /><object name=QFYygcjmLhExPMFWnovg /><object name=ItMTQAxBvrylDeZectqgNUBPAsBtrRcRpzVq /></objects></root>