<root><var name='id' value='5db7e17a-335b-11eb-8e7e-4cedfb6bed2f' /><var name='level' value='15' /><objects><object name=UlizjeSlluNQyHgkhOq /><object name=hORVOioXTtDNkuBPBTSHXdeFKzWqDDaooi /><object name=CAWHIFhhPQalikBlYVFGCWpmbORCdailS /><object name=NxlTgscxHuyeGtPxWKhkuCiBx /><object name=GlnpICKlGDvKQgvlrpZPlWbJbcJFASCf /><object name=iAaDoUWKCRPNSANWL /><object name=KjRdieVLmJmcFntOULJkBftBMHXful /><object name=OhDdnIolTVDXSVDrLOUeSSwU /><object name=qYaEBBnjkGmZcZjYmcTwsvOiUGBcqU /><object name=zQeAODBbBjwrwUzvmaaQknNzJ /></objects></root>