<root><var name='id' value='5db76c9d-335b-11eb-a9b4-4cedfb6bed2f' /><var name='level' value='13' /><objects><object name=xbRhRGshHXkabeDZmTlGhXHLtz /><object name=aiSyVGwdQbxnWZgxcvZjHbKdUGYuhcc /><object name=PJSdxLXqqGnVushiSDhTd /><object name=lzPmvCsuXdXUNMqivRPJaYqZQtbB /><object name=jpSXTBGbaqTTJzjQYMlkTHTnMPCrgNIEVc /><object name=JRUnZyRCPIqslmfIOjedodYvWTyeTudBHcV /><object name=qUFJqkzgOC /><object name=aZEYsFsRHIAVANUtgXgvcmfjsrLBUvagJ /><object name=fsgBJQgUblqzeTuWRLTpsZUtbZllnnLCFFUYM /></objects></root>