<root><var name='id' value='5db8f232-335b-11eb-9470-4cedfb6bed2f' /><var name='level' value='23' /><objects><object name=TalQcRNRSHJJFcvsl /><object name=hniXxGEUCFjvDFqwUkcVlph /><object name=MNQOLTGSrpiwZRpWSZb /><object name=txYbNSZkYjnrvZ /><object name=XquJKvWATptLRLJZjmOLEbnczyiMgR /><object name=gVrsueuzuLakXrNNNjstdWDnIow /><object name=IkdEuOIftnzouEWpoWYbMsaRltVNK /><object name=UZVgMeVeZXAHTWiZVDZLIFpeOWSIWMjwWvzKTvs /><object name=qztzJZwmEOVeGWJcfILoUdBoGOnphvRRGUIlzVX /><object name=dLAATxuFyGmJcGVYXMoIXkAEvkoLEzlzDwDucm /></objects></root>