<root><var name='id' value='5db94028-335b-11eb-b956-4cedfb6bed2f' /><var name='level' value='21' /><objects><object name=BqpMwuXjUfnCdqZwRKEamxbwnrVpeLaQiFTtA /><object name=ddcflNkOSvLqwMVHdxXCGybWrtvGIjYBoZ /><object name=AAJEWympdJYihZMMtiRPIhidkGybLsfYkt /><object name=oeorpMVVGaMoiBxpTKUJXLaepTGlZtrA /><object name=StZFDuhuglRbZABwcspzs /><object name=OxoqPQcYKeKMj /><object name=THpNTUlsUDjMFFJiDoVDwLAuksAVMYwZEFB /><object name=SSFJjCdASrSjUIYuBXrM /><object name=oIdadKKzSHJlbNoQ /></objects></root>