<root><var name='id' value='5db9b4fa-335b-11eb-aabb-4cedfb6bed2f' /><var name='level' value='25' /><objects><object name=NYLTVJubruGcg /><object name=qPkpntzjxRIFAdZexfOplIXnweVJWTyjx /><object name=FFfaeNBbOCIMNufKQweFIjPrVHlDqenaHusGlq /><object name=WMYPisqdyRWmbVSeJGnEuzFamGTDY /><object name=dNiaTnjluOzwmbDDbUCEEeOxTImYLSoHDbAQXf /><object name=UaBuGLYxSXYnTdbDAP /><object name=tSFXdfhSMqxpWRLyzKJRVCsjCrLNwfVeFbnLQvaG /><object name=kVgaNNtQLoTQDouyLJvFKufhUVDxvextMxlCCU /><object name=LoSskPshJzsekYMQzTnPhvqoWkPtj /><object name=YVIPYyOWVylgDhKbOjWKReErSVPJumukYqFTyf /></objects></root>