<root><var name='id' value='5dba02d2-335b-11eb-b2fd-4cedfb6bed2f' /><var name='level' value='67' /><objects><object name=PjkSVQCrQDCMkUzgkoyDpfzlaGAxarmzRsdW /><object name=tTLyNYkESFbJlBvMXp /><object name=feHqeaTaoLplpNGTuHYmsOEoAFjaiuOXZeQjmuf /><object name=nENlKvVKLrTXqwOgcS /><object name=oBxEtKNTYIaPvEqVywQkXeAaaHGWSpdBlBmjFda /><object name=CYnDgiaKSfQINvZQJYZSuCIFWGkLxpqZtqvebA /><object name=RbKGdzZMqmGmiT /><object name=SQqBduIRdnKOKpuIjanszepHfCwVyuCcxMsjXSg /><object name=zakMVuGXWaBxpkklrjIexeMICecWn /><object name=NlJJLFfDkUj /></objects></root>