<root><var name='id' value='5dbb13a1-335b-11eb-92dd-4cedfb6bed2f' /><var name='level' value='96' /><objects><object name=DHpWYKAlhecRdwMbCdz /><object name=RsPYZpAXnPXeWIyTU /><object name=xtGNEZypZYvGQlinymJHTKZCIFaZxwvSh /><object name=SBxjVGaiwBNhLThyQRHL /><object name=GMjUuFJcilCQyuiiVJEqCWJcinHfcUenRyGu /><object name=ebNcaaHuQiaLplPQxAqYz /><object name=FNmMzJfQlmBjrchQnNfYwtUlmAJx /><object name=DgHrpUjxIkEVCunDENUyIpSwTYmliWfWAZpZdnUQ /><object name=fJqRnxLPfmxDXUuLPmR /></objects></root>