<root><var name='id' value='5dbb61af-335b-11eb-9c14-4cedfb6bed2f' /><var name='level' value='90' /><objects><object name=uRIxkpenKENeYlcAOhgZbRMGixAUtUIVzs /><object name=ePObnjkOUiBjgtuDgMBlApgcprkjCtZNJsZH /><object name=takslmxxJANgelvXGApjJXXwVf /><object name=zHjYtgzOduCHnFQXFsrNjFEyrNiCiaEJq /><object name=pGqaFXLPZKDrvnxaDhNUUmdEkluOyFXXRl /><object name=peAFrTliOmCoVUsJiAdG /><object name=DRTiGoTKjbNYUcqDwLwfCXIZpKCIuIZGCciia /><object name=QVjerAtdNAzinmZzpjPdRIuxF /><object name=uRpTOWjkPUYBCStILYIetPyHplglbAG /><object name=RXaNbTAMfWmO /></objects></root>