<root><var name='id' value='5de66483-335b-11eb-8895-4cedfb6bed2f' /><var name='level' value='24' /><objects><object name=xlzDXFtXZWdReV /><object name=QtqxJUBTJYwEZKagGBuuzfUfrsWxenFvCOpZ /><object name=jxNVIdhYRojWSvOjxGuQJrWlDMoAXJTLPQCxtLj /><object name=NUApPjzAEbMYHdOjGjWHyubRNSCJmtXyySCUT /><object name=VnngdtWzkUnJfJdEnlWqOOcHZhFVuSmQ /><object name=gdomhIDTsKZoKDBOGagdnrUKlyhadGEJAuXT /><object name=eEgIjCOBQJRDSPfPKOdDP /><object name=EFzWhRsxKPFQUdtmMBGrSoSKIahJxP /><object name=SGANuQPvfgYzmzbAHhtUWfIQqkDsOwroNA /></objects></root>