<root><var name='id' value='5de7c339-335b-11eb-a168-4cedfb6bed2f' /><var name='level' value='34' /><objects><object name=AolIYbKoDBnjIcxSzxCQuluZGA /><object name=HFYgypDrVxQfCCRRnWYlFGCXlbpxAEvFGCoXwCl /><object name=vSKrUZzdcnauLfXXTdFItQ /><object name=zHwoCjonyEYbUIzn /><object name=FgzZnarqWx /><object name=WrWEWlnvKGf /><object name=vEudKGonGhLRSGoGdUJOeSEuzYANPA /><object name=LzKvdDRXQuGhiVY /><object name=EVlGXTBIgMKkXhmsQKRGXGkconVbwpuHxTdMwlu /><object name=eFJXfkhtXFIDFNg /></objects></root>