<root><var name='id' value='5de74e5a-335b-11eb-be98-4cedfb6bed2f' /><var name='level' value='58' /><objects><object name=IKyGLKwLelIIFLXZcFxr /><object name=FZVrMvLIFluDbE /><object name=tehpBXuebtHD /><object name=KREyfXizBr /><object name=sTEqJkyhTfVEwerTxAUQCaOsTJfAyTFGS /><object name=EaothUdPJHDNoAbhlJNzNKQtVUkOk /><object name=mPcHYOmQEIdDh /><object name=yhKRJBJzqEmTINbDSOMBFfHGEXVZoxYwKrF /><object name=dKiVfmZQNvHGFNwQCrDIsGwQhweIGFC /><object name=qsuApsFyuYWQtVHMUbNMbFJw /></objects></root>