<root><var name='id' value='5de72773-335b-11eb-b2d5-4cedfb6bed2f' /><var name='level' value='90' /><objects><object name=FGRxzUxwrQtrnOIIjmZuodMIuFgbPXURMtCJBH /><object name=teXYBrLcbZwwQacLQPgnN /><object name=JdrSwRWqNUXSVKLRMZYEuYmIxAfredmtbi /><object name=hXdcGwbBpHanjukxErtUxtxhgkSyHEiIGU /><object name=MVWrSYKVMHJSvIsrIw /><object name=gOnQzQzPWoxwQXO /><object name=DkdoEJaFzSkqT /><object name=UkamWdqxJwnQvRrDTrAkDoJjbUcdNXacoyH /><object name=sGrwqqjizqRJpeWcrxUUzKkALeu /></objects></root>