<root><var name='id' value='5de9970e-335b-11eb-9b7b-4cedfb6bed2f' /><var name='level' value='20' /><objects><object name=jhbdmKTxlZcckVVRUwPzRxtVzklCD /><object name=aaYPjgSSQWtFICvcZrgQpIkoZWetZwDFf /><object name=cuzmkTnQzCaVBPR /><object name=zxPfcUXawGJUeaN /><object name=PDEsZybPNhFZnRL /><object name=mcsrfOKqHYlTvMshauWEhmOwkZPtSunr /><object name=LPSIxioqvZWepoSpcbhPSfWseWnoLC /><object name=fxuahtvOGdrIZHOlcmLgCJqwLtfoMFbXrYVWwbs /><object name=vqDDAkWBOzjxVcpbIfEqQ /><object name=wTVOOqQbhbWSt /></objects></root>