<root><var name='id' value='5de9970f-335b-11eb-aff0-4cedfb6bed2f' /><var name='level' value='45' /><objects><object name=PKmIGNJgVcxocWEUDrSXXpiowgh /><object name=EcFeeDTxhrSeMfsCAoRybERpCIUAUoyw /><object name=diGcpNFTsHJGnRouFpyytAtpQB /><object name=OPGcKKshEWIjrrImfjKEFiErlmfqIwsZPKBDDN /><object name=RuauKpVIEpLfrYMKxcIdLjuyGbLvzaAcGKEbbdS /><object name=vqQUNbeTbxJnLuaNGbNSMANAAQifDvQotkPrBixT /><object name=NEuOraTWcpogkSTXWbTbGbLcFAjKT /><object name=cPtJuWDUnBMpGStfO /><object name=DIyJEbLdcmpzlVmSShBv /></objects></root>