<root><var name='id' value='5deaf552-335b-11eb-b5dc-4cedfb6bed2f' /><var name='level' value='25' /><objects><object name=VuMwkLSSNsVSgnkemBzROlLAEZ /><object name=avZhUkWwnTVUjKtdZRnDeyPdVVDoJwNBtAnHF /><object name=kCZjnRTfjCxIsEsEspiAhFGFtL /><object name=dJHzUcpEDMwckjRMzchgQlClOHtNbPIvDYwFQ /><object name=CnmXTsxtoKwApcGPGBAV /><object name=bSTZJJKhrjXK /><object name=QCWurYGatKRWtuePTvrnaZknFTpEvHgSzLpH /><object name=edAEDBFpDvMeTzQmpnCFsgVICjjNlBn /><object name=hZjrrEXnPR /><object name=rpVJBacTnByRzYwFh /></objects></root>