<root><var name='id' value='5deb4323-335b-11eb-a61f-4cedfb6bed2f' /><var name='level' value='50' /><objects><object name=MMOnIKvgAoVzJkS /><object name=KmhJgxePdErYVUgSwdZxwfOlEzrx /><object name=gTaYHuswoEDibgUYRF /><object name=hAEXjfywKSsEmzqtnUqwIGJIzaupHdeovlBkDOWF /><object name=CcxCRSieHOvPGhgIcBfObdXngkYOqMPmpgXH /><object name=kYpdgUkhDJmduAYbRnsBPfSSGQJGipLiMexAibo /><object name=SnzcMRYaABtZweoATHMwtVnpFTfN /><object name=fOFcQQcnfKS /><object name=vkGJKzLIowVxOmopfXIEajBZ /><object name=dBsUyUJoliHWfygUNR /></objects></root>