<root><var name='id' value='5debdf12-335b-11eb-8ca3-4cedfb6bed2f' /><var name='level' value='77' /><objects><object name=yDkzbNmnKwWBSBJjDfypkRObDsUgNEjkxLv /><object name=NnUDQHqiQpAaNJXzeJTbCcUtmujsGrJIZmhVrdNo /><object name=CVcvgGIjmyWywLAqCuQbiVpaSDnXgZHAIZO /><object name=JzApXaUsiqiuaueVnopXIxqIXi /><object name=CjUXTLHzraqByTVLEcJiDvYsvbTUhIjwvPrZaxbm /><object name=uBgUIMoNqkxqGXwNbbDPBHYTXMddk /><object name=WvYZPXRgcQUxnXigVUSFQfx /><object name=vaHtFpcbcRw /><object name=hZMSInROfjScV /><object name=ZVkLefNBlrzwjRWYlqTDHJLNH /></objects></root>