<root><var name='id' value='5debb821-335b-11eb-a097-4cedfb6bed2f' /><var name='level' value='40' /><objects><object name=nPWvTjXAiXtBFpbxPTYyMoCAlvq /><object name=naHcezhcTtSZHImwdNETAJiEozQbcwatJMSK /><object name=IltmOPZkPkpQPglLMKPjlGyQcRzJv /><object name=temaktbaJttEoccIKrNx /><object name=IjUakkyStumVdQOouCuDujSCAqpJsA /><object name=jENEFLhsULtBHYRmZrNVr /><object name=pcxcOgPAntGS /><object name=cDyTdjeInsFQepxBHWGfFqqWugUlhkw /><object name=dydABReKjWVMXmydJwYpSyfJtcO /></objects></root>