<root><var name='id' value='5dec52d6-335b-11eb-ba74-4cedfb6bed2f' /><var name='level' value='74' /><objects><object name=rPGKIUlrjMbyhUgAiSxWBSGjjJa /><object name=iVQEnovGCnLZLdYBaLkrePzto /><object name=OWSlyZNwnGIPuXDmJvdtEkQjXsYxAlkxBuPLfpDF /><object name=nBTSDtLJkjOfFBVLbNtElKvufKflxXvUQ /><object name=nFCZCPqBzzQHRVInAgKhFDF /><object name=ZqONxGpeuwJfDztszHhEC /><object name=EKGAaABnEpMjBlSimTBPLFRYezWxcuo /><object name=ewlizXaBxtFInKgFdIevKCvFnzqZ /><object name=mZoTNBLGQlYjmPXqmGHiNMGWDUqecUfGWQkycwh /></objects></root>