<root><var name='id' value='5dec2bdf-335b-11eb-ad26-4cedfb6bed2f' /><var name='level' value='36' /><objects><object name=iCmkJrGRWjGNrNdEdFOnliQjTWheLmGFdLwePatF /><object name=ADDchkCixNEnAmFraxEkEwcQCJiFn /><object name=XbcDQJJLLfk /><object name=OrYhgpgTLuIGVZFGHYIqzikNuzKFoYDuiNLptVim /><object name=xmzmfzPuTifYIyvBkgijpFgyHxWOqurKIIFw /><object name=rMlzLNQKlNKWWxMMhlmkiJZxJiCcV /><object name=aWGeOluhLznvkqABPbLdMOvZZBWAmDQVf /><object name=NQikEHqtCDmWyzlnl /><object name=PFIzSsxeohDsbYnlbzQCtquHdSfgarnxYtu /><object name=ajbHsSpbHyyuKUWpx /></objects></root>