<root><var name='id' value='5deca0bf-335b-11eb-879d-4cedfb6bed2f' /><var name='level' value='23' /><objects><object name=gsYfzgkmXFThgSNyopPjkDvGZ /><object name=zRSmUKMlkuMpNdwvGyWAdJnGsbTckC /><object name=FrJeDDYCruqFqdYljkvWlpupGHoUVEHBfEktwHI /><object name=ypefTosTorseBWprnJqvQoLFsdHkbjvJIr /><object name=hUMzmKiIValfww /><object name=zaBQNBinYUIjcODiwOiQMllolvZsYP /><object name=AxklDlyakkkAkGY /><object name=tNLmnhfONBcxPtZZjSiBMqZuxNTaQxNUjFvnq /><object name=rciHqcxGtgTslzEngwInitkYgBNruitGezRqlWG /><object name=STAyqoXLfyEmUlaVlKtJgGyEYOFXZDUBHj /></objects></root>