<root><var name='id' value='5dec04ea-335b-11eb-a048-4cedfb6bed2f' /><var name='level' value='19' /><objects><object name=DXGErhAmBUIOnCGPXVqAPQWSY /><object name=LvQfbzOUTPoFWuWCbkPMMKWPEWUuUztpheMRMSEl /><object name=OxzyoHFljfP /><object name=qFoaDNOSYBoYMpCQdhBZribjXkAh /><object name=DXxslMrUvnmhsVjjuHGgEtQbYMgxhMNr /><object name=CxgtuKMEfkZBrGLCXcqSIHnwdqzBCCjNpQlm /><object name=vYAhKTMkEcFrXGBcRZoBiEHs /><object name=CRlgsLfFZQEtsugShzHBobqbKMwdonvDJ /><object name=MTeGEAwXhBdGcVjcXwEUAqTE /></objects></root>