<root><var name='id' value='5ded3da6-335b-11eb-8d75-4cedfb6bed2f' /><var name='level' value='9' /><objects><object name=UBABItiiRsrIFr /><object name=CeqejfBwmhQF /><object name=haQGEtoxMLlTHADnWM /><object name=MXYxVSEeTEkRoaMcgpep /><object name=GFNhFDQDfiDPcPiAsPLkYSEu /><object name=usyRUwoqDQgnkYDFSBwqWxeCRdbaZTTsGI /><object name=yUcjAnnVODGVotOI /><object name=fvJewgjigJZgNVCQPqtZBiwexIdffosT /><object name=vvJnvnPLrOpPpypvbudphBwoxFzGkHDUWB /><object name=PMBquBeDKWCCqblskSqdWrweddnnaFq /></objects></root>