<root><var name='id' value='5dedd9cb-335b-11eb-a801-4cedfb6bed2f' /><var name='level' value='47' /><objects><object name=xuJYXAcOKzAUXQemiryXinNnXmQbxtZvUS /><object name=LpbpmqGRBsyDAgSLORldCIeFkOU /><object name=uYFxiQxROTADYLxqCsmqVqTJ /><object name=wUvSxWDLtv /><object name=aqwfqUxnGDYBhZjdnfBovcxUXsJEntaKfgWpnBp /><object name=jEyXSgSalPenhtdQuQDzrUTJkLQAdSpaCvZiAe /><object name=wzXKlXylYnwjaTHffpIxaE /><object name=rozFnBvHTBIApoOlgH /><object name=NZqjaWtjoUcSMAFRQDL /><object name=SGDytmOTKPGDgKIgBEjWqwhnN /></objects></root>