<root><var name='id' value='5ded3da5-335b-11eb-9417-4cedfb6bed2f' /><var name='level' value='81' /><objects><object name=qljIGGEyfrVzVsQGWbsBsONfRoPKxpFXrkHzoyxU /><object name=hBuNjaOasdefYHNvijOUKmE /><object name=IEPRwrCTDLNWsIuIFnDFyuQzPhbHtnMMq /><object name=zYGuhEMFoZOsbGOiopZwRo /><object name=gvkGDnSCUeFtNEeKSvgspeC /><object name=CSyDyCcgvoBmFJQonlSHDZwVOuDWcQj /><object name=glmsnuRTkHpjIdCTAKTrGBFlkFn /><object name=MiKAhcgtEzbHzVlHPCYrWD /><object name=TCeWTcDTngopIpnqxueQhhBmKCaT /><object name=udBvcmKPlvEvHpjmUDNwzWSHwZyCOkRaZabgIDjF /></objects></root>