<root><var name='id' value='5ded8b78-335b-11eb-b686-4cedfb6bed2f' /><var name='level' value='51' /><objects><object name=qbeUDoTyDllrMRdNbzVaIXk /><object name=LgavCqAPESKDJjKcEJaZOJRfpKRVqg /><object name=BNvutNQdOhcScxuybawpdpEFIpJkqoNNqIxGDHL /><object name=RUOPXJrhLQtqOtkUsH /><object name=rjQSxXqzbXtaUJJPynsGFGRXJOqK /><object name=FJCegJXvAJyXEiPXiYVYTUlxjmDiDpLbJBDHt /><object name=atTnoCCmoOtWjGJbvoUldHbcHaN /><object name=OeshjkwsorBfVLZyKqVwAqLoCXxUaQB /><object name=ztFSWWIkZL /></objects></root>