<root><var name='id' value='5deeea42-335b-11eb-8b99-4cedfb6bed2f' /><var name='level' value='30' /><objects><object name=pKfyEGKnTyAgfbEWj /><object name=DzXskOTuozvLmleeSJtxiwXdhagpowXeYExsNbh /><object name=CssftEchRtqbnMoEnNWJvyVIyelvluvynTVVYMCC /><object name=uQbHSLDpvOZnKzdozvEpRHfWSWEIHttBbWwlfpp /><object name=MgaQQbdiTcnzRlI /><object name=xfaQljUOKWKiwm /><object name=NfIaGCgVTuRMZzPyMwmIwurORe /><object name=LVWxNBoGagisnKCxCylslpMZuhsbrxhuwEndjqOY /><object name=cAAwItJxYLAKczChHsJXGSUlKKMj /><object name=vjJMWRkcehbOuAQCwIvVDnUYWafcDhO /></objects></root>