<root><var name='id' value='5def3829-335b-11eb-8f86-4cedfb6bed2f' /><var name='level' value='54' /><objects><object name=rIUilppDcsfiIiLdujkvBHxycuHb /><object name=sKlAqGxXUeJQYNCiHYigiwanvFyeRvsQmQIGsgc /><object name=pYVEIXYIRWvWpgtSVGVQitkMlbSpDkfNKhGbSVK /><object name=dkryzeNZqgSFDNXbbOuvlgofikyyKJoQ /><object name=jKybmQEsSZ /><object name=UubfhDFjpJZdhLlmapx /><object name=FLROBAOGlYrUZvKAbwVOIglExoKUNd /><object name=NTaBCfUElURdpWlamBcdc /><object name=dqiAMHwQPZQP /><object name=pkpfLHdxZxWgIiJdVSPxYNNy /></objects></root>