<root><var name='id' value='5e747e31-335b-11eb-9937-4cedfb6bed2f' /><var name='level' value='89' /><objects><object name=nTLiegBRwfInZEkxEGDqbXmrsjQAmo /><object name=HvGwDsPczawf /><object name=AZUKOswWgbIKoVluzvxoEIgftsXk /><object name=wTctdEfzCwqhZSuMEEYzRTFY /><object name=zdUfaoHmrOTDnB /><object name=cnJraktmwOHrOK /><object name=KrHUnZTJyhckXKEJefgFVVfxWudVwxT /><object name=lohneQUWqDCsPnQxvXmCGryLADqeDPEsl /><object name=uvvDGcKrmdvX /><object name=nRdrrlrLXUsYOcWLfLPcYUiuQJLFTRKdms /></objects></root>