<root><var name='id' value='5e743047-335b-11eb-86c9-4cedfb6bed2f' /><var name='level' value='23' /><objects><object name=fpiVjtkFMQpgMaYgbAJ /><object name=SmJEuieTPhRUlKyGJQpbfjNYyuPNfagHwrUjv /><object name=edUsSWXUGbkmwsweQ /><object name=BSKQUeZjTJiXGkmJdzHOoJirbrUXPDYzrZcqpA /><object name=vGnIShxvKBCxXwcttCIEuIasDzNHxGBACplb /><object name=XCZLGbmLYfhumOEvzhpOzlh /><object name=bqcrEmuobshJvoXVXAotkJff /><object name=GOfXPLEuJqqahK /><object name=PVIXmLeaeZuRczikYrxmbLhtfqvxsIfOUxv /><object name=jbEzweldcPwZMFLSfdDEHvmqeWGcYPwEsamEHtk /></objects></root>