<root><var name='id' value='5e740951-335b-11eb-b3de-4cedfb6bed2f' /><var name='level' value='29' /><objects><object name=ZhqOsWMnWBSMcQejqXX /><object name=GoOqzNAIyPMRCzgrFABae /><object name=ujQKrgQemBpPMZosfgTyhmYomrHOlqYsdBDwW /><object name=dQsSGeGDkiKUSDfi /><object name=TnioBjQzLyeRDRcorUtEhEV /><object name=yLEjNIcNfpQeCCRjsAZmrRUqoTFUdnMaTJLHAgx /><object name=MFCWmbRWbMhzTlMbk /><object name=MqCfdweUMbAxZVXUwbqbbGryLkFjiKFITHaKoV /><object name=AuTKBXblNZAbQJrSrDpXyzpMWZolgY /></objects></root>