<root><var name='id' value='5e75dcd1-335b-11eb-9e7d-4cedfb6bed2f' /><var name='level' value='26' /><objects><object name=aGZsBjcRlWQBmfTNkdkStkbIuOnaJvyMWEbWcdYa /><object name=EtXjCPsoiTBadNjEnPFy /><object name=yYzJULAtsn /><object name=hgBkDoQZPIONNgxvWnanFHZaY /><object name=nQctEYEfbreSHPCLIiyCRIVRJRZoyqNH /><object name=pJimUmgRZqWuZEUFp /><object name=hIHMCFJwHnxOIvdXOcZOJNv /><object name=yJXtYVpFvROsWySTjVPuZkiMNhPcFwcYK /><object name=GdfJBmYOaMgHDWelidhzgGUDutxSoteAIc /><object name=ksAdnSDOVZfOXjbLvXoSKKzSvKmRSHM /></objects></root>