<root><var name='id' value='5e762abc-335b-11eb-8a2d-4cedfb6bed2f' /><var name='level' value='69' /><objects><object name=klPNljjzMocSoYMkOYtpdBXnwIEHQHMBoNShBMju /><object name=phFPEcLXemPADf /><object name=ibkyCzSAMaboJ /><object name=stmjRHueijwGpUxMMIt /><object name=OQlXkZdPNpEQRfpasYtWSzqhPhX /><object name=MpiVTyGPKmcQOOIuykNjmtlqlmsxfJTzdxagqigp /><object name=VSTGMxkXSRjfZraeQIGUeaVKhIxnXTqXWRzGbW /><object name=bbavdCVowDOjVSxeNFSQocsIW /><object name=VlvzKtMLyAtZKnNZprbljcjyVFMtcdkncrvaWCvF /></objects></root>