<root><var name='id' value='5e77147b-335b-11eb-8b20-4cedfb6bed2f' /><var name='level' value='20' /><objects><object name=yqXJLEJRWApTLjJYilCRa /><object name=OoWusxzpytASUETjAfjwdfyPgUaMGML /><object name=xnWNzsAmqVORoBVVEtLtJOVRymxBnbgaTAEolOp /><object name=enjgtDypIDYztUec /><object name=zceCOruYOXTWiEBVtLSFleapulNAcBnRBEReDd /><object name=IOiKgSdmPYVXlkxLV /><object name=zArfqfyGLE /><object name=APMdUaOCKscQNtuNGdIYtoxSRwFqZxQogTLoMN /><object name=AChBTVHlLhoFbPIHUlxKQwdpArQ /><object name=vwSAXZPzXxOZzvTTsDuqqwvuYMOLrNjxccZHLba /></objects></root>