<root><var name='id' value='5e790ef1-335b-11eb-baf4-4cedfb6bed2f' /><var name='level' value='55' /><objects><object name=ppUUjMsohNSyAyZrlZlbROfzczCdrRlnxxVOUIc /><object name=ozmhJTzEFfJHgAWaxXoptihLXZSyLUQztwOJpt /><object name=wlzkrLiBvqh /><object name=DgvxVdJlcTHGJKBWVrZ /><object name=LsOjGATwfjtPrylgpruAvxhFaVUrW /><object name=nwvdecxYXbPeRcliXJGleYSfgVNF /><object name=VeEVPjhWVjcRhin /><object name=LMbrMUtAiiyMPVCMoBwqulilF /><object name=enowNhjewgFmtRgdItOwuMoGnecSXW /><object name=HLwTuOPdFn /></objects></root>