<root><var name='id' value='5e7ae397-335b-11eb-9e09-4cedfb6bed2f' /><var name='level' value='33' /><objects><object name=epVdLTCNgESUQmzNLwNsn /><object name=NZONrgqlZPsdIXXUhOLDUeXOe /><object name=xowRxNvyumFLtGLHh /><object name=HFIhlxgLqwnOXcBqbzywRbtQJBBWjePJbzT /><object name=voHsFrGbXEFIZlhyTvMFvsvotBFrCrPqZBDJ /><object name=RPcTRdNDLXHThAoFxhZCIjqrQefpWwAXv /><object name=CLHZFWeaqgN /><object name=KDaKdzywNkraUBcgSHwAMdzJ /><object name=gdELPVIiTvgMLWomBINu /><object name=HwKTkBvYTxMMAcXFfoeIgbFNhqdrc /></objects></root>