<root><var name='id' value='5e7a95b0-335b-11eb-a484-4cedfb6bed2f' /><var name='level' value='58' /><objects><object name=ODjQWpoHzwkcCJkqyVvFKglOuLsBRVDbgegP /><object name=puAEVGvXwynotfyysAvpiNCKiSZMGbnmhuljYjsQ /><object name=mWCxwhupdEVkOowzYMafQ /><object name=YdpRARKXPIuCwrJOhbfIQr /><object name=MEaDcXfNqMHPORbcCIoYfW /><object name=sOYvsdqvnnaxKDvu /><object name=KYeMQBdfSvftcKtUxUspjSvLHFiIjEDmuK /><object name=IuWBQsoJYerzRhJKNWFliFlaRlaEXqDC /><object name=rSEfVlduOzgTNUAtasLcCh /><object name=aaCZckGaxdrWPLmYXqsQlMbhfGZOZbx /></objects></root>