<root><var name='id' value='5e7a20e6-335b-11eb-b16e-4cedfb6bed2f' /><var name='level' value='78' /><objects><object name=hKZdvUdvINPQzgDjRteOtYyrjzkSVVBCFovvi /><object name=vEbcVZpEdmmsxLpReFiQktO /><object name=cVfkUcyISFJReSjftlevxBT /><object name=XkfSbTqUWp /><object name=KvFzcKuGGCRbUDVbxpiegRAiyuxMcZ /><object name=GMVuKpgXiyEEBwgl /><object name=vkwsEiUklPP /><object name=OWAsPuClcbMjqDVJnhZTNUNkfppnNmEkqHuwzn /><object name=jpdIQUbJkvAcwUYEVUVtAVSnDtp /><object name=jttTPRrQkIcJRZrh /></objects></root>