<root><var name='id' value='5e7c6935-335b-11eb-850f-4cedfb6bed2f' /><var name='level' value='8' /><objects><object name=faTzmDdbJQvOvjPvQCuNDjC /><object name=ILXPvtQeTxSdSlXMZhjEzQKafFBQVxxOXro /><object name=oHoGkCSLpDZPZFrmYvdLbpjBiptVRN /><object name=syoXOeCecxBHagiGoztxkFkqCeUwbNe /><object name=OavOEtyiTMvdbEySQ /><object name=GxUNZsGXjiWcdugJeotuawV /><object name=isCqUyWuOoSSrinOQClbElHju /><object name=lpdFaUttcrYILP /><object name=mKBJudwwQO /><object name=gnnmXhjwPujWGAckEmsveZY /></objects></root>