<root><var name='id' value='5f0ff5e0-335b-11eb-b023-4cedfb6bed2f' /><var name='level' value='34' /><objects><object name=RfOcJlZUnxZZrTcjTfYcGmhlrC /><object name=AUlnDMnkmuhKMX /><object name=rYzIzhgxamETVIGwpsQrRQSYHPozofBPg /><object name=vPfBMPPqDKTVuaomDDEkswkq /><object name=RsBUtowyczxsCmQJC /><object name=pRpKZMDuXxzGzFYceBqrYSVlpwohAdPuwE /><object name=ECTJzGZHOfzJHEJYvHCDPDTDKHQhJmF /><object name=HNOOCooIhQVFbyEyosNiGfPl /><object name=jHNioZVXxJawVvYeLqXyxqRyyBPgCCFx /></objects></root>