<root><var name='id' value='5f0fceec-335b-11eb-a228-4cedfb6bed2f' /><var name='level' value='83' /><objects><object name=tutFsusBRzEeDDxv /><object name=VjmLEYWMtQQXvrhlMBdJJJYBEdRbrb /><object name=aAgqOPAvhLioyCVhy /><object name=ZPlNpLmWTWsbnVMLccok /><object name=PgdrFowihxRixNQvGmGufclOhXelTZCGzlUFDP /><object name=GaTghHxeiCMaJjKiCVDXuWWDwHpNidRxkCwLtYC /><object name=NiuCXyAABHiQekERYsqKbQZfFv /><object name=GXUrMvlXqMRi /><object name=fcSdydOIfpvDXzitShYpPNDtukoJQvITF /><object name=jcofygJtfvnw /></objects></root>