<root><var name='id' value='5f11547f-335b-11eb-9eea-4cedfb6bed2f' /><var name='level' value='63' /><objects><object name=sYFnBqSYQWYiEHxgAcJUfYltIpsNtc /><object name=LfQKfyeCzThFQfIdkxiSlPRa /><object name=xbnzyAMyBjUlqNNrfebsynIOfdfOcpeWE /><object name=cXNZacnCiTsJ /><object name=xhnXiqanbpZFeVDQlQYIuVRdGFUNZRvqPUiC /><object name=bEmoOHtMauqRdNiLBdsKWF /><object name=mHadCBaWiNUfBmNZHYpUg /><object name=zzfyyyuzYqxnSBSospaunqVlKTEGHGBpRM /><object name=mQyMwewUtlCxDDVXEXhUJTgBjwHpkVlUMhRuZMH /></objects></root>