<root><var name='id' value='5f11a26c-335b-11eb-bc19-4cedfb6bed2f' /><var name='level' value='10' /><objects><object name=PXvfMiffuwKqrAOvwyUgmUsud /><object name=poFSZITUgfCDvZkUCYuYbsDgezPvfkWLchtfjaXH /><object name=yFtpKDnHLrZATzFk /><object name=ivtBPhPiCtSSZeHu /><object name=MmQnYIUkHTXNXqUnfyZhkSSYi /><object name=KFEZuvEAoGbDfDUrfdaxxtAORnEjD /><object name=CInSapGHZVHDlmZaDcVWnmFZfe /><object name=DdGMDrJsMGPCBExtPtkSFm /><object name=ECPiGXAQeyPlQGyKpPOIsfE /><object name=ppTqgsWmRuVLhBGzMFw /></objects></root>