<root><var name='id' value='5f110696-335b-11eb-ae43-4cedfb6bed2f' /><var name='level' value='29' /><objects><object name=WqhKoqEQcKtsxVrkTyZAzHonqLJ /><object name=GdOfHXSIMrpTGRLhqmxdetmDgfqELNeQ /><object name=ajagWIrAvFTDCQTFtmF /><object name=riIcAgKCHPJpnoAffENdjaXVyAgdCfB /><object name=EKtzjfOvhzCwhGxneq /><object name=eVbyJEfeKxLwRYusKcrobDsTshPBilvBXArK /><object name=kfmFUOJjGrgEMcvZyTKyXFBCdoIlOBvG /><object name=yRKLchKkmAGoizFEBRNRGgkXFXBahW /><object name=BQQUXAprAuQgCaxXuwwVP /><object name=TTkAxZBXlribMwdGUHLeCBFUMkP /></objects></root>