<root><var name='id' value='5f126534-335b-11eb-a3e5-4cedfb6bed2f' /><var name='level' value='6' /><objects><object name=puYTTTkWRJRKiBKPWtVKRhJFeWQAn /><object name=RGNDlhuUsodbbhuYRxUsPlW /><object name=tOQuUUPVnPItyHRKsReCV /><object name=YUtmKWCGLvtYcrLSBwab /><object name=QaTWgJuTNHKBPhBgApuDI /><object name=zddIWEHusAeiahJUyAhB /><object name=uOouczbmZFKVh /><object name=QcYVxodLRVrLNEmUYlseLNzDAhHxHAEmbVxK /><object name=mZPRitngPxigAVGjoTVOnRXmxwiWteutHl /><object name=OHHQBhRhepHTXJGCDzWRvNTThxTsurk /></objects></root>