<root><var name='id' value='5f13c3d7-335b-11eb-b344-4cedfb6bed2f' /><var name='level' value='67' /><objects><object name=IYSLNOgkMOAYFLMfKZEHTvVGohwzeVFeuhUAmb /><object name=cyzNJTyVcrUCcjyvalBRfh /><object name=EhaiyPmBKsbmwTSlhgBiyqKS /><object name=iCajHvFyOlXKmeKGKGSyjdmNfZxVEqgWE /><object name=FFsRzkCgwLCtyjMhEQ /><object name=zBKgFusjRFwesWcRLYxj /><object name=XtaFvzYOLxHTuAdC /><object name=JlBfbGknTwpwSINraWpXPqPmXBtwXaueYmAlpat /><object name=UslMtTLvZXASVbxFAPPHWrRXxRO /><object name=gQcdmLGTGhqEAgGzBLqBzLkkthyYmSMLyBwUJI /></objects></root>