<root><var name='id' value='5f132802-335b-11eb-9963-4cedfb6bed2f' /><var name='level' value='79' /><objects><object name=LafRXnZnMQHVOxjM /><object name=elcvavzMcdOWAYProoeFSBMOSSXdvxfdrHQwMDw /><object name=voEwyGmIQbBswhCAVcRqodTvglshNZTPcUpVCcc /><object name=OGhXsWExVkfqdbNpIlswyxdNXWcWIt /><object name=vpfHPnunyYkvELgdl /><object name=XQTuzYifcgBbBniTROGyWmwvLyGknN /><object name=ahzcIFdmQPyOUjmzgfifU /><object name=jhkuzFsDggNEm /><object name=DagffcEbXPRys /><object name=QbZRysjpUc /></objects></root>