<root><var name='id' value='5f1438b8-335b-11eb-821e-4cedfb6bed2f' /><var name='level' value='49' /><objects><object name=TCVfPImehCXVfS /><object name=DdHkvavxwCFYpsqWMkHrSp /><object name=IwqpHJPkOTBxaQPxuMmCIRmssBxNjSqxu /><object name=WzmOwgsrCCPjgcoCnGSmbJhQMvztXoqkZXXib /><object name=pSUTQxZzPU /><object name=ZXZKRJuLzNyMXySymhKiXRnBKggFja /><object name=fpsOJIMkZtgbiWUErQUGhPQGucBtRz /><object name=DUnKgFKBkWmpJHSpOVDRUGhPGAjFvH /><object name=ssdXlOMXyfrQKnpaokxdJPDlBmvYDGLBIKm /><object name=PVgnLNOJlHwHNlfDCOHEMX /></objects></root>