<root><var name='id' value='5f15e53d-335b-11eb-9014-4cedfb6bed2f' /><var name='level' value='2' /><objects><object name=aeMdGGsxAdTnbBmmiuhPzaIBZkvR /><object name=SseWYJnqgDLpuDQKaAARryZRtNJKbvuTGNWDv /><object name=PMItPirvPDgXmco /><object name=XFVVRqdKvEBZ /><object name=rZFhMMPSdkFlDYHHCaGcFEMPbDbbYUviCOXspz /><object name=fpkiODmvCdpuBUrkYEGVt /><object name=BKRMaoDGTXEugBNXWUjaiKQHJBoKWkGxdWUZY /><object name=rMPIQFZhcyEhPdnkNBQkSaw /><object name=NyybmJizwLkXOeLDAQTHUH /></objects></root>