<root><var name='id' value='5f165a20-335b-11eb-9235-4cedfb6bed2f' /><var name='level' value='88' /><objects><object name=MidieyXPFyMeZmYtVNxpGlwihytj /><object name=aKqFbfhtOujMSlWOzuBPDTUFNVCrCDKK /><object name=BRFAVEWjBQzRyIKsStUZFGwXbayknFQXjpQCxay /><object name=qRbMuBDRmINpxYpqwPtvdhXz /><object name=dRSpLKrFDpWJxdxfzCVHMhIuETAUUKJCDlWBgs /><object name=jeAosGcsJtxMdWJoODIDvzDJAL /><object name=KJEGrIVLbx /><object name=PGbVNZQmzRstAHkUvetRBcxgiN /><object name=ABuwnpwVYVPylKoqeA /></objects></root>