<root><var name='id' value='5f16332d-335b-11eb-a7c8-4cedfb6bed2f' /><var name='level' value='15' /><objects><object name=xFcQqUsfekwAsYcikbfzqwWLUvFoEqnV /><object name=BNrLbkKAWJaFKgyuTZvI /><object name=DwoyPBCVAnGqW /><object name=KRqdlgzkUkUifYBIeGXNbUSWxzyVczbSYxTGEoA /><object name=CWLzxlRSSfEnxRSmlTMu /><object name=edWfDJYrvcXaF /><object name=ctQTfoVnryVEasairrfTZpJ /><object name=zLJNWqUyTCCbvUFMfFFbFJupAtAnInPPBKlwl /><object name=EThYXfVPnC /><object name=evTwIaABfDAWCXdnmfRHGtTHGnFWxdcs /></objects></root>