<root><var name='id' value='5f171ceb-335b-11eb-b3a4-4cedfb6bed2f' /><var name='level' value='67' /><objects><object name=cgNzRqdCxabXnHhLyVdnQtDHGOvcPnkZaRoIXImW /><object name=DmzbRyHlznsQfwLeSiXlYDwmBknBCmWAVVV /><object name=XiiWobyJZLVwXfCrQObaUHHQBoAXODaOf /><object name=XcnZyslfhhVqqxcpYieewzxlf /><object name=rvWiENJseKHiEUzIzEs /><object name=dsGZXTqAGCFgJFbmNnQZWOEYfbaPMfIht /><object name=GQQTqDGTWrtKeColCSemDpQI /><object name=gxGNHtseTMShB /><object name=wnmlgzWtazmugQzAyCWagXZqWuBtELZJwITZHTSU /><object name=jZtgPDSFUuamFGAFnlxt /></objects></root>