<root><var name='id' value='5f1791cd-335b-11eb-bf93-4cedfb6bed2f' /><var name='level' value='74' /><objects><object name=etgGOKVJdzgZIXhjYniCzuMowZVHNk /><object name=MteYbWMgDEA /><object name=VzdPVgkxJtpqjQzBqcBiqrYlgP /><object name=eMRuhOoieFOOjSLixssZKyhmKs /><object name=LhseNjMzwtnHWjCcEUZEtJvkcwGsYTvIm /><object name=VgSRrwbgQfhTnkcNQvXdeCQbyOng /><object name=nnQCdQaZQGNXZswIiAJfKAdwlLjlvXJ /><object name=NSaloUhMmODRVqjbWpNEVHWiyOhHPR /><object name=aHiIDRXWUIdEbbjjVgOwQ /></objects></root>