<root><var name='id' value='5f198c3c-335b-11eb-83f4-4cedfb6bed2f' /><var name='level' value='28' /><objects><object name=QLLatHYvTvMSAlEbIKdQLskREixehfLXV /><object name=nYwaZFMpcgUoBVopUySumbJsrLkOQgLDOpRy /><object name=ltmTrWIAIttfmvqOamGoIBqfyhZEm /><object name=MmXKltkQlnHVapFUjiFHtItrq /><object name=TmTvErIIGVhJfMTnxFjiHIgrmTrFUewmoqUDmTcJ /><object name=NtPpzjsrKgkj /><object name=KJGRGXXmrShSPoPUHxpcaqbwCACUrhYWlsc /><object name=CpVDDBZOzXVdZFaf /><object name=fxVYApbwrkpZAsoGg /><object name=HbydRpfIiJs /></objects></root>