<root><var name='id' value='5f19b337-335b-11eb-a17a-4cedfb6bed2f' /><var name='level' value='75' /><objects><object name=shQZrcXCYkMUyxlQSMTmsri /><object name=muNUcwpPGumMjLbcpWQFMUPb /><object name=ZjppHyvAamhPyzamtlqMvcxhopiZeD /><object name=KWNnhoITChLaxwJvUb /><object name=msaSvQvoNSXkNZHTEtWZGjAGN /><object name=QWbTRXDiSTIXYR /><object name=HQOWuUVbpPYNeyEwnNQwmN /><object name=GLEzFhYGGZINMvAqU /><object name=ASCnVFbixWIPAxWFQchLwCdgrWqEbwHwH /><object name=hPcFcGuXYhTkZaZVrTeEcAAvHByAbGLePCBrHmG /></objects></root>