<root><var name='id' value='5f19da28-335b-11eb-9df8-4cedfb6bed2f' /><var name='level' value='69' /><objects><object name=WlDEHAPwQRRClWSURKEozqmEgMJCsMp /><object name=FGPmGocQlpmCLyMbuuU /><object name=JAVOXjpkdXlQAieqeMEObkDTFAtFYPPaFLEVbvb /><object name=xpvUbOyOCJFnAHrrfPHPePJdtOeKkqZXSS /><object name=bdkcIhiTXwCRlEVwOnVjODyHuyTxXxYoN /><object name=RmRAkKvvbqjZkNkbbLflRmrSdDqA /><object name=ajkJEVFsAHEGSuLcehidRR /><object name=IdVqQmzeaJGBjBpxFlqzQgUL /><object name=bxuWCWMbquNVUuJxUUhOkrLryEKjyLYN /></objects></root>