<root><var name='id' value='5f0500da-335b-11eb-9a27-4cedfb6bed2f' /><var name='level' value='1' /><objects><object name=mJgomViJzdXrnvNmgewY /><object name=PVgDDSVfHXvzfgNWAZDrtiBd /><object name=EvmwWLKcqIsjbePQGwSNLwWklKJLybedgbi /><object name=UQmUDbDpYDPELWLPgBVzMjmcajxQV /><object name=fkRmOdYKAIoHKHjZOxybwCJ /><object name=CRZQlCWibWOf /><object name=SFCPFUruYfHABYYhncHy /><object name=TtsFPUcnyRnWDSzLMcrlrLMeCuyDCRzaZHp /><object name=iptUWEGewkKMZIalp /><object name=UdPjCqxlpDbwXlSdA /></objects></root>