<root><var name='id' value='5f063881-335b-11eb-a686-4cedfb6bed2f' /><var name='level' value='18' /><objects><object name=VmIJIowIRhDkEx /><object name=onxyIfmcRqiXcmZEWeOXHvoBEHSp /><object name=BjsesqtyFYngT /><object name=eWYayMETbrUGEgOY /><object name=qBlIOvRvmdVAxjDzctBJBEwJiNd /><object name=khVgWqJRHjn /><object name=FtBQxaAFnZYkzTyZqvuZdLoCcpDNmNKYOsQGNQJf /><object name=vziZcTwuepshibosrwGr /><object name=PoiwkvOYucGXOXPBruERoJQOWkvNgh /><object name=ozSrjFrdFbmvtXcS /></objects></root>