<root><var name='id' value='5f0880e0-335b-11eb-8a42-4cedfb6bed2f' /><var name='level' value='70' /><objects><object name=RiFLgPyLXtPMYnAeuNVplAjeweQOMEGcEYqLJK /><object name=JOFdJdbkrRudkifeaZIv /><object name=NQIhtvTcexnqWpILQcabFwFLCLIhGydQVhZk /><object name=WQwljOsAGkqhXVayUtaETHkbxClLHiDPIRiQUZby /><object name=cyYuiFiGdMhfbpCR /><object name=zVEAEjxOEyQGOntfeqwHDpdo /><object name=wehkOprffkYTOIeqFJTCtGl /><object name=MVYFskdoWQazXMLnFhUWODiUuXCRJhePGiUTjLs /><object name=RufjjPNZpbNuSGuj /><object name=yEujJDYNDkyuMyCnxLtbCqaJ /></objects></root>