<root><var name='id' value='5f0832f3-335b-11eb-b60b-4cedfb6bed2f' /><var name='level' value='85' /><objects><object name=YfOCntAdCoSWbrnjUEayAiaU /><object name=SatrKuhxDxlZJznGTwRVyals /><object name=SUhETUBDBILdfAKqDQItCFLccAD /><object name=zxRKwPmVTRfldnRRNyIMLPTpqqUVQJhOO /><object name=jIOGEAvgidziBbeEpioOkpFrinQfPdvzr /><object name=pfgmAItnuCrKjVssTXjNZxMkqhkwOkDKPrfbe /><object name=WGGupuosJpjYRG /><object name=HHkjjtwPPMGwqegGdPdWj /><object name=tTpmfnCcEHqaayYYnekBvBtgCigIjCHZFNS /></objects></root>