<root><var name='id' value='5f08f6e7-335b-11eb-bcf0-4cedfb6bed2f' /><var name='level' value='59' /><objects><object name=dJnajaJMyOpoDhdKEzvHQsrTAmtW /><object name=gebEINCTjJNCbFHOMasdRjahnqfGXEvIqZmqqykQ /><object name=TkvBvbhjyXxkfEiOXagGLeSeNrfhmzPxmEQa /><object name=ZPjZxoGSoiBHQIrFOh /><object name=WOkOATplHUXnLNSG /><object name=OOiisnNrunfJSc /><object name=kRllrZUTBZDgLvy /><object name=gNADeVauYVLhkoBtahpUGPtnPene /><object name=IubIVScwMFwhDYEiwohSEBXGklfOxzFe /><object name=JtEHqklyqFEqtmrckeModxzPRLwdkrOXp /></objects></root>