<root><var name='id' value='5f091dde-335b-11eb-9bf9-4cedfb6bed2f' /><var name='level' value='36' /><objects><object name=QPiZKaTKdukltlJL /><object name=yycnuwqZykNy /><object name=HYZzdWssMIBKHbeNDAuYJiVYxpEfIdh /><object name=murcKQZjYOaEhemEkWAcBYJLl /><object name=DibLeqiSsBAeLvjzEIvbDekgizWJsxTdS /><object name=MKSBwkuPUJ /><object name=lJfluobgoxQsUOEvInbIsB /><object name=oEUCIgMJCWEFciWQPhzKctSJ /><object name=nwglAiuYAhzufcyYPRQoruetHkOms /><object name=TWFQifJwgwJHnHZ /></objects></root>