<root><var name='id' value='5f091ddf-335b-11eb-8c0f-4cedfb6bed2f' /><var name='level' value='54' /><objects><object name=NYQgWjdbzPmjPJUNhzhxxA /><object name=GxKnYsyQIDehFVMTrr /><object name=uDskTBCMzJgZMDDpLWLKHSxWrFfFAFGRxUAMHe /><object name=VFUODfYHHwDITdgNbZnaaewYujwJPRHIhPGOkks /><object name=MxcVNStWFVIhzUcEvWtNNbHIF /><object name=IXbMRoNwQVjARuIipXwEd /><object name=uZGUKVmhQKIDnVkPvpfrAeKbY /><object name=RIWaKWqXMCyPyMWUjGrtVZOEZHUYLWFLjZVBvZq /><object name=FXiJkGVcTKTjrTWDywRtpHkDfkEW /></objects></root>