<root><var name='id' value='5f0a0796-335b-11eb-9dc7-4cedfb6bed2f' /><var name='level' value='17' /><objects><object name=KWcWObxMOkzTlrDUZNcgtUwjphDskmNzOAGSLb /><object name=DtJeJhbmEuMskboUjHOQWIKEFjFcHOEpL /><object name=CceLJjaSivVdRc /><object name=nxHZQQEbKDG /><object name=DtaXQfkYpGVPzYwEjuusgNoRgLXbHHTFOmOZlZb /><object name=FXDQqyrJdnrSGMvLkOGOObWqNXCFHgvp /><object name=cCqqnlZZsMMILCvdCZANfwrwx /><object name=rRHgcNTzXRCbQk /><object name=FZuxWgvraaadlxRPplZnHLXxLAg /></objects></root>