<root><var name='id' value='5f0aa25c-335b-11eb-82ee-4cedfb6bed2f' /><var name='level' value='36' /><objects><object name=LMmqUvObByiMiBQTyVatTPiS /><object name=QpsdQdmObjUVQWWCXWrENJkzLef /><object name=WwBJXxKJRmMyGlkVtOH /><object name=HyoXbXdMqcsGnKIFYS /><object name=tniOaGiYTWFQtLqVGslpSWppSQubEEQtjRskaat /><object name=OvHzIZaTHCjenEITChgPDbHjkOWYDONYjIk /><object name=fWWtmbPVWpNLuYgIAT /><object name=iekswxmcygaCXbgjbKjKowZxPIrDlpYrWJRHA /><object name=kHQYOWJNRteeciVaNkfQlZHD /></objects></root>