<root><var name='id' value='5f0b1737-335b-11eb-9715-4cedfb6bed2f' /><var name='level' value='34' /><objects><object name=sDxvVvaRtlkNWSCuQYIhzZCycpoqdyUGH /><object name=HvPbgxMsotmzP /><object name=ioaqvcjWHfpVYeh /><object name=CxhlEkrRlWuTGkvkHSUTRuoJTExibAJl /><object name=zplJqKyzKlLvQlpHlbWdSJHCR /><object name=NllMnoomcAz /><object name=fPYBhaiOnoHXoNTtPrLAu /><object name=BnJeobQZMOnSxNUuGseTGKQZDwP /><object name=XOmTZoyWNxEHEKetiqziUAkpJQTOVRvCBLx /><object name=UpuEqhNzaIFz /></objects></root>