<root><var name='id' value='5f0c27ec-335b-11eb-b27f-4cedfb6bed2f' /><var name='level' value='31' /><objects><object name=UQAgXEwHebunsyLCkmsD /><object name=xNzkDTkWhgLAqAUdZZSKXfFhAlkZpoNFmexchZu /><object name=wMSSwekpxKenPvJgZ /><object name=YtxhGTkemtWSvUaOCbXwQCKvakoNtRVgwbOtx /><object name=lezJYExDCZtSLrumDGOfVhKRktGkeLyednYusR /><object name=MfWEhsOZXKOduCuzCnBvwtOBnHeWlfbd /><object name=LCLtkIfDKRwZmbBiFQh /><object name=qTIPHnGHWbxoQPkJq /><object name=zIvprJZwedCXFNiKeZbRh /><object name=SuSnEEbGQYBJbEIDbcFIQWVqDEWYHXaT /></objects></root>