<root><var name='id' value='5f0c4ee0-335b-11eb-9947-4cedfb6bed2f' /><var name='level' value='85' /><objects><object name=LFzbfRBWTUrstyiRYaINoDlacRmdk /><object name=dgSLVSBOIHwxjiUTHsGyihczdhkZhGZiohjNPfz /><object name=xGPhByyPQzdmaOVNZAblcsgDd /><object name=sUkCDVSLWxNPjtZDHTgITfHdEo /><object name=XIMzDcOXsKrkDI /><object name=xYEGMnGCiGxxwDbgIMuOehNvMHFYTHxvqoKqlNWe /><object name=KfZoGuFdPASrkntsaQhCuJpMqy /><object name=AwJezrHSloKbikZWscmRyHXHea /><object name=QOiOeNRTGKdkJmYFLmWzIDVftQczHv /><object name=YcuiYEeywAwhvhhkuGxGFAnGwEpKAORqXIu /></objects></root>