<root><var name='id' value='5f0d868d-335b-11eb-9fed-4cedfb6bed2f' /><var name='level' value='42' /><objects><object name=pFFAjvuGxzBsbRWJzjecgvUOrWWO /><object name=NUQdCDrEUCGfaUilTDAcuDFvhWXROYCbLCjpoJA /><object name=aRPUbiHaaOVeYuHytvGPVuWcxujwzwXHLQUEMcjy /><object name=sBVzFFUfPGRisXPWgDTAqoAqdit /><object name=giDITJneaKAoKJyakhGTLcoOUYMr /><object name=PRXvdtvrZGPLOzvgRuKoFKAPSLKF /><object name=CTINnuutUetZPMcVXQwB /><object name=xZWUYhbqIOgGPjl /><object name=DZfOdgZkIQuDOfMEaDLjGmTTJIiHDX /></objects></root>