<root><var name='id' value='5f0dfb6b-335b-11eb-b61c-4cedfb6bed2f' /><var name='level' value='70' /><objects><object name=vhanAVXitHZeAjMCBTfohyelV /><object name=BXtTmZHrDyDVDIGaefxHubkcEpFhPIENyWTRTXL /><object name=ODIZefgPmtDAmfsVlZsfEfxnyQrnfP /><object name=EOXzgluSRtilmvVaxyRxOFAlusvy /><object name=wbAlpSZoSoCuokbTfN /><object name=gEjcoQwbsbnxzYxTiRYTGtMavJmPRGcHNsGAVsE /><object name=HYcBcRLDysWsojpyiCIrYBAej /><object name=WwTEipARgaZ /><object name=yBQKPKrARuAUMHigYvnMdnsqUJZGjO /></objects></root>