<root><var name='id' value='5f0e9741-335b-11eb-a1e8-4cedfb6bed2f' /><var name='level' value='41' /><objects><object name=bfRXeoJBhRyorBcwsiECIL /><object name=WhjSIHHeDVWEvdmgECReAWyraBo /><object name=mvYLWfUnFxfstTbVNYeUNMcfOtVrttCckjlqmJ /><object name=SksEregbDDmMmpObSLuTjmFPWRizsejyhW /><object name=ZXupBYRUOqiJzgknxoXhMTBFNBDBQzUVAJd /><object name=PAwqsyzJFFSLrncAFPZVRdEXQEC /><object name=eOKlpLeJrNXt /><object name=lSfclBZeksnEpnmGuEEuBQTismVzEqk /><object name=MHVCSHsKBpgeODjJh /></objects></root>