<root><var name='id' value='5f0f3305-335b-11eb-8fad-4cedfb6bed2f' /><var name='level' value='91' /><objects><object name=PwbSqhlsZbCrNjlovaABqbH /><object name=cZLEOBcPictwvDlSVfGjKxVvCDFgLKtnAnEvBjl /><object name=AXSywNiGgJeqQDsPm /><object name=BIsNhpZOtpmnqwCNDuaUKpqRimWmNGwZo /><object name=gePSYdJLjNUOWVlCzprkgnzUprV /><object name=qfOLYVrwjSanHLGQGOHaxJhAl /><object name=DWIHSdWBHRAiYnAr /><object name=VyKGqSSswpCHBjCYyRu /><object name=sooTDaeOPglxpgFKfEkrrVkwYT /><object name=iVPRlfyTfEkVHvQqkLSAIZzxChplKUDMtKJn /></objects></root>