<root><var name='id' value='5f0f0c20-335b-11eb-9ee3-4cedfb6bed2f' /><var name='level' value='67' /><objects><object name=NkHtSReHUikqomExrWBKSqbPH /><object name=eChvpiMeuMdeOPOqskisSNHtSCByuptNrjO /><object name=lBXijYyyXUIKxyxuGeLLUGvaakEHbMyRtVRolb /><object name=lcQNlUfYpMwgcFlRzWadmIAFiyzZgPlpuZu /><object name=SFIlXNUJtXZ /><object name=fRDxAqOttijYFhXFIzLhytfkxXWmquakTgkC /><object name=gOkEEChvqPKwzqD /><object name=gJueDSyzisIPUVvRYPuBxsFHoDICC /><object name=yozvUxfkRbwxfmTHzMIEuVShMKaKIqyYmtpJWSA /></objects></root>