<root><var name='id' value='5d8bae5c-335b-11eb-a460-4cedfb6bed2f' /><var name='level' value='83' /><objects><object name=NFfroaiZadzljjXamFWGNY /><object name=aebQbLifhYZbDvIbvUymxB /><object name=SwQnBayfbGdi /><object name=GWbLEdQeHjnHLipHKyvnitxpQkXgfTwzmjbsP /><object name=qYTRcGNbZsxjdWqOsDeYVQfWFVjaMfFKNULGpDSY /><object name=oTsKMmTGRTRoELzyhYTgoZhQksbwCOReWzztQ /><object name=YuRvAOrObEl /><object name=phHqKSdpizVFYnjwSNIjubAyxVhWODFJ /><object name=jprvLHsgOfgWtjJZGobyyGeUWgWxnoqKqFTtL /></objects></root>