<root><var name='id' value='5d8bae5b-335b-11eb-996d-4cedfb6bed2f' /><var name='level' value='41' /><objects><object name=PANktdYTlVAAdAUbahmWOukaPIXdhXp /><object name=whurkSreQUmOJYhowsj /><object name=pABezQetWQvnN /><object name=HKrESqnrBsCeIXZIeJPTaxcMgsnphUvOLUGvN /><object name=usGUayMSgaoOfqtPYHzUSzFCXuDdajPN /><object name=erbEzCAeFJepZSXnTYAGyI /><object name=XOwlzfIecVnZwBLSGcmGSL /><object name=FIqlMWrwQLZtYxFsNMrevGhNvCfFFGpEANlqAPj /><object name=oGlsUmSZkErwXWHAJOmZXgdl /><object name=GlKPzBElQeIKOSMELqGecwWqvGsYjfbKoCVVgbQ /></objects></root>