<root><var name='id' value='5d8bfc60-335b-11eb-88a9-4cedfb6bed2f' /><var name='level' value='96' /><objects><object name=DyFYhWYdznFovPczQSTuRMONLczMWhRgGEyYdmb /><object name=IxNWyWhZEfEVslPHd /><object name=ioiutqSmib /><object name=pFRbIBXjBNVHKhmkh /><object name=jGaPgGrJewWkLLICBDJ /><object name=vzLWrecqqFiJxKGFApm /><object name=qyiUAdowaxeASbEmbGBtJmaZeHsXOZnYvBguC /><object name=hkQbXMPmhUMHmxYcgQZdvQNwzeGzCcVTr /><object name=ayfoWlbbcwWDKKTdTURvjPvd /><object name=jARtoJDggIVqnnFT /></objects></root>