<root><var name='id' value='5d8cbf37-335b-11eb-a542-4cedfb6bed2f' /><var name='level' value='54' /><objects><object name=ooIqIegSAxxpFDnBIdpAVLvvbch /><object name=MAtPvbMUWDaBrUgILWGP /><object name=wBJJbPNGChqXMmzvjxqVPbmkAG /><object name=QJmzHDSNeCNXeZwVDJsBWIQ /><object name=PtdYBSWMKIUNwnkwqUTMcDASk /><object name=JBfsyabmxkemFxeDyYqGZmKxEBqoNpvOwsfMnOsU /><object name=AznMEZTCKujHgkUMuErsitotXvqvlcbryNXYCtF /><object name=HBgMtzkArptTivSsNfTXumIxGyChzyunhw /><object name=clwFPbLpIzcvNtUEOQuQMkenxjgeIidjYBOi /></objects></root>