<root><var name='id' value='5d8d5afb-335b-11eb-b1ef-4cedfb6bed2f' /><var name='level' value='63' /><objects><object name=onpnVChBLIfwivqtTckPh /><object name=xvigfXFnMJRSuRF /><object name=FEcFAlHdnrqXVYDQszYyIRzzSAYsuXASDdf /><object name=MmYisRCMDQwsNFFjnwBvEsrJMt /><object name=JhklvWorNwLvxMhtYDFrzbaprYhQPYtzTY /><object name=sfsEdFKuUwDCOfQ /><object name=WRMTciHiYCZCuZhTEFMhoVfipgIrukYz /><object name=WLaEkioUNlHjSpCAlwBwmmaoVoVrEmpdxzz /><object name=HHtJTVqxGSlWkGztsQL /></objects></root>