<root><var name='id' value='5d8d81ef-335b-11eb-9be0-4cedfb6bed2f' /><var name='level' value='37' /><objects><object name=UeXcvZBtcIxtpMMbYVYSeFqlxhZUcRsil /><object name=mvFuswjRmIXsJVjQoGAHNLFqp /><object name=lPmLPBjRhMilHdvR /><object name=yUAJUtSeTPqGtktmCOzghZPLAjImstyUh /><object name=ygzBfBzuiKuPVoOvBkPN /><object name=rtinZrktXTWoMldAcVdNBmUfRDeCXwfRTUMSMT /><object name=SXtimooyoNLBVYnccnjBVleWirqAIvoPKVsk /><object name=bfVtGbHRGjnRtLuPlLTtmHshJLgyofMyvDfzj /><object name=OxyDnLUJXitcFVZOeYHHVjPAEhUFTUbNGZ /><object name=cZROLojniIAITicivqHPHTtEStowWzVDcMxgozO /></objects></root>