<root><var name='id' value='5d906626-335b-11eb-b53f-4cedfb6bed2f' /><var name='level' value='11' /><objects><object name=gJkZVLaBhNiiNYJbKRyifCoXSSM /><object name=EviWbrJyEKffAkdfEICdkoqsIpVZeKlLtKYRHWjg /><object name=CveveAegepTYBvIdHVrcmzuopWRFhkeZcrYG /><object name=eCaXbtKbSMLRDjBxaUHJElnpVHMckUg /><object name=TwbinPOLICMMNskOiIGRqZbDwV /><object name=DKZFmCoigqlnSLHjqcTPEiHvaHT /><object name=ieiNTXzjNVrDcpwNtsJHBsQOVouhAxK /><object name=LtKkWKMCxbaiVilCO /><object name=iGOanlGgLEVsALDFYozD /><object name=SQtUpVOrtiEjstl /></objects></root>