<root><var name='id' value='5d914fe5-335b-11eb-bc44-4cedfb6bed2f' /><var name='level' value='98' /><objects><object name=CBAtqSznOu /><object name=GcMSlkSFDwAAlTxMs /><object name=UQthLLvJUWXuKyuzPWZBGxyOA /><object name=AEJIQebbXrduVQSyiBwPvBcklHB /><object name=JCrsJEhzcKAfgVTANjIhVcQlnxFoEdP /><object name=oUHcrOcgOCWOuWSsaoNcnnfuFWuRjQdXxjSlBrNS /><object name=fIbHvoxJBDBRlQJnWqje /><object name=mDnsTOFGDhad /><object name=NGhdaaSpqYKlHgBGAKzcQjCusuMUjhr /><object name=UzIIbivWTEWGupxtklehgQYyMPvakfbL /></objects></root>