<root><var name='id' value='5d91ebb6-335b-11eb-9d9f-4cedfb6bed2f' /><var name='level' value='70' /><objects><object name=vqEeloYCCfYTJFtzlTNVZREogWjIc /><object name=USGfKiZHYCLJVnJMTRZCjlxBVbflqkHq /><object name=pGwelFMPzdUNcBlrPXAlKvExsAdn /><object name=jBjcnoUyHqcjKXxXkkKoMvX /><object name=aDqxIlWtCgyUMkdrKizXIjpMHMKgMcHGNKH /><object name=qDQuqaMhUilLoVZuWcMkbXZEbvFMRk /><object name=jwKnFSeWQcwWIbGZsRQNCRMklRNNfxJMghtJX /><object name=YFAASdDOOITzRJBifIHAKgSSYn /><object name=URTWXihLzR /><object name=QAdyTtqvUiucjipSKxmsBImbqYVZlfQmfpuPAU /></objects></root>