<root><var name='id' value='5d91c4c2-335b-11eb-90d7-4cedfb6bed2f' /><var name='level' value='96' /><objects><object name=nbfFOkYRzOeHFCcleiaHiDD /><object name=bHYogVWnbWpVOKvbhNJCq /><object name=DGVSVihrzksIIxnNNQkkinLGpbtYYZuzi /><object name=ueldpajkNDPjKJqslQSrzTrIfNfgHXovgNtqx /><object name=dCNXayyVcwrIaIQgOXcSzPGrR /><object name=YRtqIfnOUKAXHpYViEIDNORzxvwWpoyPrl /><object name=wWVJbQRiuKbKsWsfeOskuFWvHohMI /><object name=ZmDFLZCEwhMwXQY /><object name=hznJIJpTyUPgAit /><object name=PibvFwnXmhwrswdSbfAfjSazFNRQOrkFmrlBHf /></objects></root>