<root><var name='id' value='5d919dcc-335b-11eb-bc56-4cedfb6bed2f' /><var name='level' value='38' /><objects><object name=fkRitAswTmkTNJYmq /><object name=lDjAUTLtFwMNlRrbvGL /><object name=OHnpcEgCqceLwGl /><object name=tzgONqAVGKNLZTWBh /><object name=iMYFAJrwKqZwkTWTjYpdwITcMnOlIcXoO /><object name=baxQoiplvDN /><object name=rGGcjDGMMvnTjDeOcKKXbmfxYxRMiFAMSXlh /><object name=kAJXUBvuVAhVIpDwsGmjQd /><object name=NYncsvcCSrOHGjkDvVwKSEHOUSJGEY /><object name=cavKLPjvIFiXHieZiarMpfUCafpDBIJUgebGXI /></objects></root>