<root><var name='id' value='5d9212ad-335b-11eb-a676-4cedfb6bed2f' /><var name='level' value='47' /><objects><object name=uKJjOwWYjTLmjqTEfHYNFektDizHAoQtjxvdYXH /><object name=SXHtoaquiIWOKmMPmTBfbnrKidfT /><object name=LRkpiYGGzecHMBvlUkdHOasVllDyPqcjeg /><object name=EEEVeJFBrEwWxITKQxFMNykTVFAAhTmeQBbmaoyT /><object name=wRJCqBGkULTlqxkcsIthzkhcyjsZV /><object name=qquNRRwJTbDWeUPsYxCNLPEo /><object name=UPSYtEBxLgDb /><object name=ylmsZTLYnsJDnfnJQUtHOXuwHXCNAqZArolDgLT /><object name=XBkKKdaiVkhYXCkTKgsLiXLJSRxHKNlgMUu /></objects></root>