<root><var name='id' value='5d926099-335b-11eb-a8c3-4cedfb6bed2f' /><var name='level' value='78' /><objects><object name=aaBcLuMNvwSAwPpC /><object name=yidSgsRJxsrYiSlMNgtXOmkUdOSE /><object name=dKQFCDLjhYvfjqOMmwJcPWujjtiQWXBPaR /><object name=qZeEsdSnZSmcJFrmoHvHUzBgoPwTcTumKyJq /><object name=OMhsewniqrlgjcfArvJJNWNSinqNBReVzvKiHVIc /><object name=hNhNKugcUhIBjeQVH /><object name=lxuYiNEBWngIbQXMVofqwCixRpimKQsXAxHxs /><object name=UYFIvwMdYFxFnjODrNOFmtWZcIBXGNNiVd /><object name=oNXcHXpwdvuhbqRJSZMrIamXiPoOvtEtfBP /></objects></root>