<root><var name='id' value='5d92d579-335b-11eb-a5bd-4cedfb6bed2f' /><var name='level' value='2' /><objects><object name=ILSulrjJwwpLrnftIIVc /><object name=GrnCgGSQvKfKHWoZzoEwNAGsgwaqvnbrEde /><object name=FzftKvgZVGiJkPPaIepUqolueietzykG /><object name=tWFpHRzrlL /><object name=TAWEhCULPzcAYBNoYCXvcy /><object name=BrleSnLyTWzJKxSoWUDpEYLkymMbOotdVsG /><object name=SzZFzPsxKha /><object name=sRYWLnnkwKeBwXQLyhBlRnzjw /><object name=xtmyRTfqiJuQCxVbfcUV /><object name=xoNOQJbNdMZ /></objects></root>