<root><var name='id' value='5d92ae81-335b-11eb-954c-4cedfb6bed2f' /><var name='level' value='17' /><objects><object name=pfJWvIDkmVldyUYZXIfIooxxyRyX /><object name=rmRhdorfEKqAzml /><object name=KshiAmSadREXChfjwtkUHPsUQjeOFuC /><object name=YAJcqfjwVGWUZgQvBqBdPEvkWUGPWI /><object name=sTUoAiDcVugxZT /><object name=hXFuHWdWQljdioPMNYXkAbpuTJBXqVFFtANVblEZ /><object name=FEEjhkjdmAIUOgSmaWp /><object name=xjQDKKxFHJxSpXUGEUnjCx /><object name=TOKuxnjxVXVNEnRsOqbWkkBzERRjqCNqYVKXKVI /></objects></root>