<root><var name='id' value='5d932362-335b-11eb-9f60-4cedfb6bed2f' /><var name='level' value='11' /><objects><object name=jLWHdwckpgicPTuRDdHFGicwyLZw /><object name=ZOjgdqFCrlMIgEttMd /><object name=WaUrBLjiRNoNslvlpnaPUvyvVyrkUCV /><object name=rVdMKLRKXaxjVq /><object name=EKHevMfSxsnBX /><object name=zFrkSODiZeCxI /><object name=FauKkvWKUFlFdgYKaPZQMI /><object name=gEumpLMMLTwkopTBBavVigBWBrNCWgJusJzNNT /><object name=WqmWEVSfOClJRHpOx /><object name=XKzLZoKNNPoFOSuhCgUlRkfN /></objects></root>