<root><var name='id' value='5d932361-335b-11eb-9871-4cedfb6bed2f' /><var name='level' value='30' /><objects><object name=MTZvhGxPirloiFE /><object name=pbYhOGHGNvptFNCAUUkXpQekKFqS /><object name=QwotUkdRGAquVjJqBOU /><object name=ORIhithcJMGTnteQWNOHl /><object name=dewXMPjfCalk /><object name=dytZEqBvTSxzJOrswarxpMg /><object name=WtWmteSHSRaTSDjtbmNwtJQabFOCwfiBOM /><object name=pdFCqBmowKoBdzgZMFuTfEnsBVmJcatRLRFgfR /><object name=pKyNPExMtexNxg /><object name=hJwkQrGLsChU /></objects></root>