<root><var name='id' value='5d94cff6-335b-11eb-a432-4cedfb6bed2f' /><var name='level' value='15' /><objects><object name=mDiZaHOhULEiV /><object name=RRWBxhsoCDP /><object name=tdNMIVDNlkSkIMHEzdoBFDOogeIXDt /><object name=FUdQqCPVhtDXfRKhMYQemOGLPHo /><object name=hkpZkHVJazbMtzZvfuQ /><object name=yEKWcEEAhStdfLfEgTxizJKzHJVVBAwDTth /><object name=UjnwgpgxOcfXpPUFL /><object name=hJbGgqqKlkAYsQnoUgZaClEuKbCtDVJCx /><object name=pnNYNcxuGteouCTnymxpEMKSVdnzLEvhLXwnW /><object name=TIoVuonHmwOJErXyzOHDmSdcvsQqLgVxshOPkRf /></objects></root>