<root><var name='id' value='5d94f6e4-335b-11eb-b56d-4cedfb6bed2f' /><var name='level' value='76' /><objects><object name=zdzABeIyjWcuizhna /><object name=pImQpRxTrKMkRObJvjhnItyJzknrLOulSNULY /><object name=nEnbixtskTdXfkNUBWUPAzgnbGu /><object name=XibSANccVyrRhfkXSzDUoJtLXfOkZtMauzUyw /><object name=EkoEvjnRjrbQEekXPlzGyVcZE /><object name=GCwaGZccKZCgMPYWgNxlw /><object name=MipEmhbatVZegQxjJyEALsOcDwE /><object name=hFVyKsHNhkXRUEPRgyddMf /><object name=IOamTpfRJztrNpLcMgGflhMxOeAe /></objects></root>