<root><var name='id' value='5d94341a-335b-11eb-b8f3-4cedfb6bed2f' /><var name='level' value='33' /><objects><object name=CoPhWbTwwwQiLFnwUpjozmuiwdACEiYhI /><object name=iYfwbFXnUPQOP /><object name=xYeRPIRAMazQVTffzSVZHN /><object name=kzfwmIxspWOygMEMEiwkWZOzTQLONLymjk /><object name=fynvjynfNybmruejBZvlJEUgDXS /><object name=wVRuzeUKDBNLLRINw /><object name=ofJfIMoWNZhfusKubplGogDyKcLYDsZAxcRQLsQ /><object name=AziJRQbiREIYpvrHouFvqGKy /><object name=NEVsGrZxgGpUnFgPocGWNExNUWjvqUn /><object name=LGlWJRxzkWgTwtoAnIWQcTdWLNsH /></objects></root>