<root><var name='id' value='5d94341b-335b-11eb-947e-4cedfb6bed2f' /><var name='level' value='10' /><objects><object name=wSUKluzvbbyopdsFGyzpRTNduXFXrIdnjpCyvi /><object name=nvoSvwmrJJpdFDtBOIaxAVyyKMcyJvrRJsfdxp /><object name=ewbluDreHol /><object name=jAFZygxXvEPn /><object name=SeOxIweRjUouZZDpUnXmgkuCcKUXT /><object name=yxOFfNNKVLAdKRSViBUtpc /><object name=bqwCvzSGIvqrxDrwmNxwpwKtWeihEuMFN /><object name=VWrBrGfYGSRWaNDYJKXbVRT /><object name=NrDJqYgFYdCVBpY /><object name=sEdPvvnkvOZp /></objects></root>