<root><var name='id' value='5e69c051-335b-11eb-844e-4cedfb6bed2f' /><var name='level' value='99' /><objects><object name=BehUpKxDhZvehgoLvlrcv /><object name=aYTwfuxrfcIXqbgPdrXdwTxSEXzbVxg /><object name=AtrToJZblqDwANwQUtVOZUtwvjKGzimjraYSTDQU /><object name=WaBlLsNpRNhqrngKOooColmRtIUrxpvnneb /><object name=wnnSKfZydQvq /><object name=MTNqKFDsvXhwxoIUuhddkpTduwvvAwEf /><object name=OskwgCRYJIaETkAzolXLTOqdbBp /><object name=xZeEQCSVJZjdbzWMmMa /><object name=MsVNhmYYsviDkjKohzhumTZnCZKJfgNYHOHKG /></objects></root>