<root><var name='id' value='5e6a5c27-335b-11eb-9f88-4cedfb6bed2f' /><var name='level' value='78' /><objects><object name=wWqYZcUjrBinsbQrQWIriBfNBGP /><object name=tgbdkqPnGQNLtejVfKFSkwsmSbXfUtAYfT /><object name=jviJCZehOcALzmTXXcjVNMdx /><object name=oOfcYzYrIU /><object name=DKIxzYsZLVdzlVZEykvDcvjcnl /><object name=CWyzYUVqSUKKUGpJdejxInboQdGQ /><object name=SFXsGHUJyuYyyLPkAEFroahcvFBYzR /><object name=BOsHUcrsrH /><object name=mXsiGxhKQourKqzIxbJfFOuIhboHGsbEfKii /><object name=EbDwRgQOfYmHN /></objects></root>