<root><var name='id' value='5e6aaa11-335b-11eb-8133-4cedfb6bed2f' /><var name='level' value='61' /><objects><object name=YJBiXmiYyvFCGveuTCLOVzc /><object name=asEgwCZVKkdHyFStqjMiZqAGqfqcwv /><object name=rrDQLqvplzCrNyTvE /><object name=OAxPEhGNTaAYISfgHjDOeFfXh /><object name=TyikmCHneBKDQLbSNwRDUsqJqIERkpmPy /><object name=wZlTqQfDJPrEDduVcRFDPsNolpUqGQQ /><object name=ASjITtchdQPNCiHqpThTTV /><object name=MqaBceqsSLAfhOFvfkqiNxEMfGSsNqvrLRoDD /><object name=VzSWwvIhFmOOIWyaleJquDexIGSHrtDcGi /><object name=CPilitvnVO /></objects></root>