<root><var name='id' value='5e6b0eca-335b-11eb-8f52-4cedfb6bed2f' /><var name='level' value='11' /><objects><object name=tIIZGyxtYsYrxfeNpgiZqdrjmVqBewhtZpVwagJ /><object name=HVTEizOHeYnBIAEHWlzSmsAN /><object name=puKineNDtFfXZmSqQAqxtSOkgncVJgMa /><object name=iRlCwNQYxAAzLCakGGOcBpHThzikoNlrIprrui /><object name=JRJVXZwJnqXoHdSIQhmbl /><object name=JNjxvnYqbwBU /><object name=wvTmcASZAUxI /><object name=GExIYaEaYilkHsCteosQjFObSaCNmdqhaMXcfxt /><object name=VlfVWMGoWOUQAEt /><object name=ZDPowqoZHbbzLAm /></objects></root>