<root><var name='id' value='5e6ce248-335b-11eb-a43f-4cedfb6bed2f' /><var name='level' value='80' /><objects><object name=DvtRzEJKynJRwPPUGIqVrrxZUrqbIAPDGqLKxv /><object name=KnKyElvumOpeohsPsBjmUgHyleamn /><object name=LnIDPEEounOnvjKjHdEXLFtVDmoLbeYaBDCaBSz /><object name=BdUJeQGcpzTcrSbo /><object name=FdkJsGLPDjvndwfynmHRgkWUmHzhnnTtesMHUprI /><object name=AXXAdGAsLBRIDiOFuZRvbfaFhEfxt /><object name=CxqaFlDVPocVHVdtDYMMSvaPumtN /><object name=KTgpfSYcMXaFXJP /><object name=oKHmDOtgaXnBtxIqLLrrmEnjMZPgLYRZjWxObLSb /><object name=QtiejNJgxjubEgBevpcxPIZyvcrrhszzuUuo /></objects></root>