<root><var name='id' value='5e6d5728-335b-11eb-b0ca-4cedfb6bed2f' /><var name='level' value='10' /><objects><object name=qhxouzhqUVOpQJKQliUccX /><object name=IBjQAHiVtOoHsXSukhrYqhuBuDuWsugnKb /><object name=PYvEvKHDMAcrEivXpCoXxpWpoVzCTRFmj /><object name=QSkHydJEOCacnWAFuSseSMxURwCeoj /><object name=leVWjaQGTjPUMpKeRBGYLgdWipKZSs /><object name=GWJiietKOYqOFtZowAr /><object name=KwjVWccRuzWSHbLlqGvteYZfTgfGTC /><object name=qJImbTQmJOHAHiukcnVOnnzGzkdeNNttL /><object name=hXiPEkBTKUvFxGenkWFlqFGAjnUXSWeIwyDcCaQ /></objects></root>