<root><var name='id' value='5e6dcc11-335b-11eb-9d02-4cedfb6bed2f' /><var name='level' value='15' /><objects><object name=SpeYOIcrqjyoGCYALWpbrKozKyrWQruZyODsQDYg /><object name=TjAdeRINZBNWLhIWAZHNKEThfJCeCpt /><object name=UonHFtwIDwKDrNTQEIzluHTntlcHfLszKlWs /><object name=RzfIuJGjTVhEZdajkeRyBFh /><object name=KeowlOBKfFxnTkevjRaBKJKzAQjXQMXpteedhIYp /><object name=lbiYrbPSLpkGhCmHsTSWz /><object name=cVVRyzCUdPOkirE /><object name=YAsWXzRxSACPFdfTUDzsEqu /><object name=RTwQdYYnfwYACZhVILLYokC /></objects></root>