<root><var name='id' value='5e6e19f4-335b-11eb-ab45-4cedfb6bed2f' /><var name='level' value='84' /><objects><object name=DOiQVnZIxCBbANxTqxMfctlVCChhjn /><object name=IspIirseoKnqQBoCICQahTgAizTuasEZlcVBDXv /><object name=nsXFfsrJdUEHeHfxZixOXWdMLQzeffueOTYcPZwd /><object name=BpUsscFAMEWzPpaWuITc /><object name=kmuOvEfzhHZhuOVBBDZ /><object name=KcNbIIWkukmQUvGRUVWoaRWJWdYxjlbmYGL /><object name=hQZswoLFBZPwodliceT /><object name=pKmyQjtaSCDEYngshWiERSbltQvujTMiNtILG /><object name=emoZPoEGxGe /></objects></root>