<root><var name='id' value='5e6e8ed2-335b-11eb-8a34-4cedfb6bed2f' /><var name='level' value='1' /><objects><object name=wxhwopMLhQxKpWCJPXQK /><object name=fIRJFFaUnmmGluuEEMuZMyStkSeXmXsjYXNJMc /><object name=KoeBLKZTrIlRftpYyFPCThMUmo /><object name=obihlQHtlGxsmlMuAkZwljacydG /><object name=ipjUpBIYADAVKrbUPwbnpL /><object name=CdBOUgFMOUahwWGEbQbRmZ /><object name=zotPZFsfFjSaGaRiWgLcNnYajgchDDZUUQMFL /><object name=AtXksgdxqRTTLXvFZ /><object name=igdOxGJqOPCixUzjSMdQjcrz /><object name=mggthdQTzzVBPbwqCZgpSpIzvUzUBOjRVTqiZt /></objects></root>