<root><var name='id' value='5e6f7891-335b-11eb-a0f3-4cedfb6bed2f' /><var name='level' value='25' /><objects><object name=fylTObtqCXQPtILpOsDzffcFygvYMQHDwj /><object name=FHGHGMtajHZwtsYsUrvB /><object name=JhPAAyNFqmbEYvvguSlQ /><object name=jZXqhPgmMfieatfmfsaCHNCVVpKfYpH /><object name=ZOYcPBbkOtkZAEx /><object name=XxrbdqGNCytQoZgtphQFrKp /><object name=julMXXHxTpccshxBqJTspPFr /><object name=haBtNUKewayFMIOhiUEWCJpvTHRjfLSTYo /><object name=nqvOGDgviCI /><object name=qeifkaoFSkDFDbJyvs /></objects></root>