<root><var name='id' value='5e6f519d-335b-11eb-a42a-4cedfb6bed2f' /><var name='level' value='57' /><objects><object name=wHooBYJXxgdIaQedd /><object name=xIYeabbIDjJjWgGBdEPVZhcEDqvMKrzUabp /><object name=CPRcIgrgDWDYMTcvkEeHJSWKb /><object name=TggnfzFYTHTSmFBAKEaQUhZnvihtuYnb /><object name=ZtjvUkkppkIhkDJhsenmYyRLqQDORGPfq /><object name=CbWKZrtjXlkCJXjsFesgEISynSbupnIuHN /><object name=inmhWxpcKWGpJJghNYIl /><object name=QliNOMJAptAxx /><object name=PURtFkLaOEBrQiWroioTxw /></objects></root>