<root><var name='id' value='5e717307-335b-11eb-827e-4cedfb6bed2f' /><var name='level' value='5' /><objects><object name=uJbLVzbCMGT /><object name=gXNcOcjVTSmqifzslYYQq /><object name=KsEBCTojQXwmGylXfnFOxSYNfgdQs /><object name=LrChlSmsfuPQjvKgfGjYKrVGYEQYh /><object name=bCWOlEegat /><object name=uithhUkOYCQliHKLygzxQRhKEbhMUCGIfHR /><object name=IoyLFFdfPJVFjXXqstyPSMfsVTIihxULi /><object name=ddhWxwRYBGNmxRUNugvXhgJUnAh /><object name=hhiluEkKsthr /><object name=amxSmNyatcxrbNgmehNY /></objects></root>