<root><var name='id' value='5e7235d1-335b-11eb-a1d9-4cedfb6bed2f' /><var name='level' value='27' /><objects><object name=ZRAsCwwqHyWyGYB /><object name=wwsuCTQCUGOMXAGYJoMgrob /><object name=xWDOtBjpCdtdqiFF /><object name=CuaYAYUuAxwNzCUAPQiUUtOxnyC /><object name=gdQDCJnAkcZGTPgOqCnIe /><object name=WhCsAVokKcSarlkIgxsKkUFAUuclKC /><object name=UntbFzSQuIEChqpLLAf /><object name=kKOOkMVwMsTSnuYFliZskb /><object name=kOEoAyHdKmGwzjhwlHSPf /><object name=ICCoBZOQExteoywqyAgheQLkaXFCtvjMrqAhak /></objects></root>