<root><var name='id' value='5e720edc-335b-11eb-9da0-4cedfb6bed2f' /><var name='level' value='3' /><objects><object name=zihEAxhBfhuEIOjAuspAYrWaBB /><object name=UQExYOZwJgLr /><object name=wHkzoNfJtOIAPhdxKfWHzQMaH /><object name=CEwnzpnHizMYRwYfFJDpBQOtvRyfGgwWOQJqleW /><object name=upwHonZMNzxw /><object name=ulhBiWmJIkHHdJPlIxTXzy /><object name=RUgGpmwxwhkJDcYVeloSfmmTLYkjQg /><object name=QBYoApkgtiOzIdExiY /><object name=rQTgoNLtyhaBPrHkArWiyEZjMdovjYVPFGgEL /><object name=KwhoOqvIqpoidREpxTQHb /></objects></root>