<root><var name='id' value='5e0595f3-335b-11eb-b1c8-4cedfb6bed2f' /><var name='level' value='86' /><objects><object name=YoHdXkQbgziwTdNQTxMzUQOqpBIAEL /><object name=slqDVPKuDkCuIpx /><object name=FeXHHGTnRCaUfYqitRjIHeWnrHWHxhwpmfZPeQW /><object name=wpMxOKgzvKgNZiaufiqMptQFyygBuOOSLgepu /><object name=lrbnlpZIdGcHWXAldrpDhforFeLfBfLIUCv /><object name=xjzIMeGMKDKAwmIMkMylBRod /><object name=TCNvjXAMjhbkFlIBGwHFbsND /><object name=kaOvVyvRxiQqBJgLavVZtrtJnlxnOFMnohUfWdoQ /><object name=xidVfYAXpbtITMoKothBMcyux /><object name=EZvecVwvqLUukFhmtDSOafEf /></objects></root>