<root><var name='id' value='5e067fa2-335b-11eb-ba04-4cedfb6bed2f' /><var name='level' value='69' /><objects><object name=NucAouvDMrqBRP /><object name=nyBHwBMboZIW /><object name=KPFMJovJjMRJg /><object name=eBrsaXSwykZCfFStXWkZJipyiHPhwF /><object name=jJWKaCebkglhvgIFrOdtSLRfEgFrCmVTRmDJrd /><object name=WoznZmmWcYdOaTBMwyNTsNoYTlljfogvuB /><object name=ScCZDRmuSV /><object name=TQzxlypwvSwfZwBfsK /><object name=CKnBTLhxrcHmEUwgGhnCTkgYnvXoyRzediZgtAZ /><object name=VxeVlgmWCAENVdMfGAgsHOipGJkuTcXWISOLsG /></objects></root>