<root><var name='id' value='5e06cd90-335b-11eb-9467-4cedfb6bed2f' /><var name='level' value='65' /><objects><object name=rxTqYOJAcaFoTsIQeYEwRGEzUZFNcXytbp /><object name=qoRSCTeuvgnlZHJnyi /><object name=GUInwMSjtgXXLrXEGSpmS /><object name=eAhpiazYzVOJSf /><object name=llhhswqQMMFSJjFSvZveQapBhGP /><object name=HWihCZEZBoAscy /><object name=hJWsqHKPAkOSaGBiciCxHxBWpwM /><object name=RGTIwGefKLlqZRhOwDYRtXp /><object name=QJrwDwiTmMIaOcZ /><object name=hvlcsZyUsxcWFRRICVTndmcbKpRUdVMHYVgcvj /></objects></root>