<root><var name='id' value='5e08c805-335b-11eb-9c6b-4cedfb6bed2f' /><var name='level' value='21' /><objects><object name=VmcTeTTzMfgnsjMoHrFwxWHYtAnAHjbrT /><object name=qqsYVJtLuIfMscoHerGDC /><object name=tMUhUkhMoydTAqGSnmsNNsFDVGyqlRKRfp /><object name=CgJKvqWaXZztXamGxFsHr /><object name=mYsZDQBjBHYCtrSGZmZFrLqqF /><object name=vPucjnqimEOGC /><object name=TblBeHqkoRFnoNUvaiYgePyed /><object name=xrEXCDzGKDaGBdkeeJJp /><object name=WJsaPEIdPf /><object name=URaLexuwyRkSVSLeKUxbvDmZjTsQvIlxJ /></objects></root>