<root><var name='id' value='5e098bef-335b-11eb-bce3-4cedfb6bed2f' /><var name='level' value='76' /><objects><object name=awskIpgueUcBBfxIix /><object name=vTmhOOTsRcBTCaozRLTILhZAxAgMcnHp /><object name=dzkXfEzyEXNsiiEByLbXwTySeZ /><object name=mVpwTJTnQJSmWLqRTMHAS /><object name=GDEVCqlpnkutpAgGsLBlQkRdoUcmgWyz /><object name=DldydQZKNLZpdMd /><object name=kiQYfyvoxNSOGhMWqQsqqhaUzIcvPZ /><object name=lxaxIVqkVn /><object name=HIDCvEqGcySYAwDq /><object name=aGhOggWHejTLxDWdTjmlYRRELnrypKgm /></objects></root>