<root><var name='id' value='5e09b2d7-335b-11eb-a589-4cedfb6bed2f' /><var name='level' value='11' /><objects><object name=bRKecjusDZN /><object name=EWtBEbjqGPLnvsKIiZjQHktnBuWGINLvDwmG /><object name=scJNfupvUcxgNyfiMZSQDZULzNqfghB /><object name=AoDmnPaGgbOXRTkoCZnbjkmSWLTEtJIc /><object name=EQQfeBIFqCnpiOpFvziFtwetyps /><object name=CrTVyPaqwaNDvHcIOvfJPAKJOOWbjPU /><object name=FmSZdrYBknFpCDEiVMWGWgINyjWhMUdrlsLtK /><object name=EGYerUBVfgwstxmIzOnPkVlB /><object name=JDGSWpxLwoGgzWZETkIxz /><object name=QlsBFAMsCQZkFqXZtNIVDKlOyNZiooNAHic /></objects></root>