<root><var name='id' value='5e0a7493-335b-11eb-9116-4cedfb6bed2f' /><var name='level' value='62' /><objects><object name=OEakaHDzeBYcsArLWCZXtijP /><object name=WJsboymThANx /><object name=xviiJjKszReBCfEfINvaOIDsGyD /><object name=rAXEVfucbznxJXEMAVNpZVgPPSWeErqmKR /><object name=WmbZNyTjVxJdrzjNADFQGhddwyYcjvzqSxnKOz /><object name=LZMuBZDicZAWpTxRCeSBkEzPpwGivLS /><object name=HfpIYKyLQlJCaHJwDaNXPYgnoqyAOwhUpGHwiz /><object name=ktWVppGZXXAXOZ /><object name=tNXOvYJOwfCkrSFUEUSvGebQogbuwPyLA /><object name=qnbfDvteQtVNFlmIxG /></objects></root>