<root><var name='id' value='5e0ac27b-335b-11eb-9501-4cedfb6bed2f' /><var name='level' value='80' /><objects><object name=iTqncvbIMJPsIRfgBLax /><object name=IIoouEcMlkTrFjeREASxQHCMQRfrUTlIu /><object name=eciomZVmhPmOhCMepijAuTMYjl /><object name=MTOiCYdXKBSWtqNGfCFqBuOu /><object name=MaMwBtEGZjPkMMnwRJJy /><object name=zjnSrCUfIFomS /><object name=ybpLxRHLNXqaPZtkHVxtkUtkAorPhIcfVskUJ /><object name=SnUAStPcRVGMuGCdToH /><object name=IYbKwcQqNuRp /><object name=GcClfGZyBRgVWkIpNEBmqrxSkns /></objects></root>