<root><var name='id' value='5e0bac3d-335b-11eb-9a3d-4cedfb6bed2f' /><var name='level' value='60' /><objects><object name=EFTfBNMdbRyzNFDZMJQHNZvPNEZUuaz /><object name=vgeEEubnIhpkTYACAbyPFfemfkRYMGTiwJc /><object name=hZAMLyeKEQEgSNOn /><object name=rFswqTKamwQlQQHzMRuOGiGebgziOkWsemqjEW /><object name=inOErGdGhzswCQcpxnIWXUyM /><object name=ekCcMnFUZLlpFytLTSLzGasFOV /><object name=chGyVKzDECbfXkyTEuzDXSW /><object name=gBuFiqPpFspdYAFdmTitrcUUcteoIr /><object name=SwmzqXOqFbXkNcbvphUXns /><object name=TGKxyMEMaEMzSAxAKzEVyaOdUE /></objects></root>