<root><var name='id' value='5e0bd332-335b-11eb-8126-4cedfb6bed2f' /><var name='level' value='9' /><objects><object name=RRrgiwWlTVVNZAjle /><object name=eIkGqYdjYRWwyhxEwkrRe /><object name=mKPuJxqrWiglAokIcXgzZH /><object name=LAXRTSYhNiWwutkvhyauULjxYvGrC /><object name=siFptqLzabeBVCUuajLeSkPPTPVh /><object name=ibEVWNbYvtvThGpctvd /><object name=cNqgjzDiTTGEKFU /><object name=ZuvhvyMELHFpAmGOojMkQOQWtcizBnlj /><object name=SKCGANiiiPSykwGlDNvqCkgpe /><object name=plmnTLAvIdTMCpiQIybON /></objects></root>