<root><var name='id' value='5e0c6f08-335b-11eb-833a-4cedfb6bed2f' /><var name='level' value='56' /><objects><object name=PDUzyXAtFfxfrOuRXfrvFKvfQ /><object name=uBMBupCbYliCkysccaR /><object name=zbCwbmxOjsRhUVnvPMbhJMZhJelShuDgFkXYLdWR /><object name=ZPmAlalKVoKoShueBuBpmmvtimYN /><object name=cGHShVcgSVfnabBpWEBXok /><object name=PUXbIRdKXBtPYBmHvGxBMjogvDf /><object name=ajHZzqrNGJhbHqhuzKlcE /><object name=TBicpHorVGuSOwBdhQJIrBy /><object name=DSFQcJuWIDsLYqFUKIfsZdzwmJWW /></objects></root>