<root><var name='id' value='5e0c4812-335b-11eb-8726-4cedfb6bed2f' /><var name='level' value='54' /><objects><object name=eXnARcDiVeEjXMFTzQIhltJKSa /><object name=mSnKrFDqTRFMprmPXndGF /><object name=aidjFpZnYSPLeOWdZJ /><object name=QdTSAtgIeuQbLhaHhdOqnyNaZu /><object name=AnUjZFNIyRrTFcf /><object name=jTGjBJDXikLrVFAouJFvDgjaPEwdoIT /><object name=TKpqzoFDJMjbqjWLkDimEqFqYahkULDWITPuhTnE /><object name=dSUzsCGeiqFlXpndRaOZQsiuodCjxzzVFktsH /><object name=fcGfwuyKNxOLlxQXqNmUgDqkYAWFlSXuLVRhrSQ /><object name=hIFSTgyZDfOEfUMGE /></objects></root>