<root><var name='id' value='5e0cbcf2-335b-11eb-b441-4cedfb6bed2f' /><var name='level' value='11' /><objects><object name=WlnoNZKFWHzmjvQXenSwoYPyskbQohUJwGedRCKU /><object name=xhqAEfXSuKlgLDgaonTbbjG /><object name=IIIXgSrdLWiZafzSbUUXwmvehS /><object name=qnNbgErdTf /><object name=OLjWbzqgZjOPqO /><object name=wgSzffhZaGvuYdaZuLkNmMNZdvBZIpmaRPGi /><object name=TSkjmUkizdkDbrTNrU /><object name=LHYYIsPwqlKCKBbOJwKdYobNdRSJsp /><object name=UVnkdDDRHijGEn /><object name=AGJiHZFuwWNDaFGnWnunnvmqQANxIs /></objects></root>