<root><var name='id' value='5e0dcd9e-335b-11eb-9a3b-4cedfb6bed2f' /><var name='level' value='28' /><objects><object name=xNocnwBImhVLnEimnMuIHOLVAEVypxVzDkiTw /><object name=CpERriDqZaDFeJwyzOWUNOAbx /><object name=zSwirkNydgWqvCZzZBnavqEayALmQaOXQPW /><object name=IqHYKxhMrtBWWEbyII /><object name=DcrgOBYpiBqySzjwUByiUHtVPNRCSOweIeFDzWfw /><object name=DMjNNyEbDdAtFkjzDHxwixa /><object name=BgtRLckcSQqjb /><object name=RdmdyrZsjmQyyJRt /><object name=oUIYLVDVuQTLdBNYWMvwPKRUQdG /><object name=OpNtzgsiVa /></objects></root>