<root><var name='id' value='5dde53c5-335b-11eb-8825-4cedfb6bed2f' /><var name='level' value='6' /><objects><object name=gpOQvUOyvXA /><object name=lFeDlMNhLAXtvvSPbVPCvATkSV /><object name=XYtewAMVStNjDmSvwVNMJsvgabnfWcb /><object name=BYsxUGTWDFFNGOPmhrxOpWTimJuROSQJYqXoE /><object name=sGCBGJewWgNKWBKhDx /><object name=NfsBAqWXTyvRFuAuERZWXIGKDbw /><object name=qQLYcRSVPSChnLYWfGsPNPLnP /><object name=OdYnuBCKBimsgntvwWO /><object name=btFSopPYdSpmxTYxGCElyJSFxRGCKYUzui /><object name=KQQpqsfuuXOMcDAWuxANyeqzPHoAFWCOaTod /></objects></root>