<root><var name='id' value='5dde2bb5-335b-11eb-b798-4cedfb6bed2f' /><var name='level' value='20' /><objects><object name=nOLHQbmsdstmAzNoaI /><object name=sTggGbcKGQGYaSXRoBpejjnKfTKVyCi /><object name=zRpqSPMzGwueywKhIHfNiajJNFHczWsTpLDjuUD /><object name=FRWzeAeWJnEkMDBeQFoXgGpTl /><object name=ngNcQwqjacJLDfmRkNqQsZwKfBL /><object name=SJgLPLaOHBuIUweuNAWDGovcJ /><object name=JiCiQIWHmdwhtuDnvvT /><object name=OEldLFwyVDDyyfszvsYlyWOMyNsjaCdjhT /><object name=wzbxhSuwdVSKGKjVGtbjJXDzdtYcbgRBb /><object name=KQzxrfPoCNIrcbAelElsSlMnScTsJGOFIxsfjR /></objects></root>