<root><var name='id' value='5ddea1b3-335b-11eb-ba7d-4cedfb6bed2f' /><var name='level' value='98' /><objects><object name=dMhwJGzlURqMnUUiuIytfrPvfXqcIyBcWCo /><object name=PAgkpaLyVY /><object name=TyBQLoVWJurWdArniKrDzOCWYhJAevBcXsfUNd /><object name=QkZUTSyogUnsiRRlIaauFzuI /><object name=bpCHMdlHlqgPmCjbuIDO /><object name=jaFJeYpRyCDYcYfqJlrJGKWtBWygD /><object name=gxuvYQRTSxCtCT /><object name=sZEVUsVtoxpT /><object name=seSEKQRAfAJHuQEMtMxf /><object name=seKXgeQiivvNqhXgZgX /></objects></root>