<root><var name='id' value='5dde2bb4-335b-11eb-be22-4cedfb6bed2f' /><var name='level' value='99' /><objects><object name=jXuAgwJjrSxKWKoasat /><object name=xDYVpekPUmfVDfsCTRgismMDLtSRumxasTZwP /><object name=FkoInFVHFXJGJmoNIlKNYWGsJcgvtfLoetd /><object name=YWNGUbbNjggBQatWeJnGpIqcoMjaVQabXeKQdDN /><object name=ukCZxrfsPGpfTIsEpLWUylGoNwIovtcFMxJoN /><object name=aWRMCrftwrZgd /><object name=NIKVnDJMVYfCXXURJqABDsHySAmYczPMlNj /><object name=lBjsZvYowfZQAEtpDePYfOGBAmqiIrDj /><object name=YfzckLBVUngfi /></objects></root>