<root><var name='id' value='5dde05e5-335b-11eb-8a1a-4cedfb6bed2f' /><var name='level' value='57' /><objects><object name=BkfECNdqCIsKSSZZSROrPfjkUtxoLqSWpmqm /><object name=cCSslJZRnsIEpyYJBFH /><object name=rrahGMQpKhNIVZlFXhRmxxSDjCZbBiGqdCwo /><object name=rpWhRhecHEzNMonnuJZwHMSRGJK /><object name=PGavgrJPqSFtn /><object name=hlQklUmDkduycCKGYxvPvlEWaYwSPHxBEDNsr /><object name=WyztUvETGSEwvFnOIWgT /><object name=VtqwRmVLxPkYkOrjVyx /><object name=rgeAsidzaKm /><object name=qpTWYGlQeouyIgUxnOn /></objects></root>