<root><var name='id' value='5ddf3d5d-335b-11eb-8fe8-4cedfb6bed2f' /><var name='level' value='68' /><objects><object name=nInNPYUdOUnpqmHG /><object name=HNmgBmcTLUMUAUWZTXhuKNHjSktpxtZNtUkGDje /><object name=CUGfeCPfuddDbvHJnREI /><object name=tXYWBDQYOrvVYDfjUvRZNkfJvcsunfCSLaRLE /><object name=ePcizwlNumLOmhoQXEwyeDdOUuDYtqWcYzCYg /><object name=KcEXlqbEgiqSRYrcoqNKKvzXpSz /><object name=esgLcFcOHGoj /><object name=MEtKacRdkyzVweIvrEKi /><object name=xZeVfsKGqhlrOrDLsfkQJhYcRxMqzgXQyVXAYYT /></objects></root>