<root><var name='id' value='5de0c309-335b-11eb-9c88-4cedfb6bed2f' /><var name='level' value='64' /><objects><object name=fMJPlvdBfwQylAmgNDCMS /><object name=JdBNZDwZitJITPUP /><object name=dnNEwOBKCcNvTTjTCsMydzgN /><object name=bMHVDFdsfCzvURrECxPecDSbifvpDRsCXRXl /><object name=sgAnZwBPgkbVDOuAKvVmscPBrnYCIFEcOFsNZ /><object name=pvWzZVyfcnrrxrsBHERMEFlcA /><object name=XMrahWjfjQck /><object name=QXvULmDMblRGwANLhIMYeNi /><object name=vBNIzHTkMDHavlUZImCLVQIsjUifo /><object name=zSEqdBxhLPSEZXrFDsrRdhxgjgFNpkkwB /></objects></root>