<root><var name='id' value='5de0750f-335b-11eb-93c5-4cedfb6bed2f' /><var name='level' value='24' /><objects><object name=OmzQLToDDQiRMqXNtSpiufSzBNETkdrZDRVVDYMu /><object name=QMdapBgExvJQentgYPcagOXkQgfoquZyNXBmGjt /><object name=chjpyVIckXiLLuNycSMQkEwEwhexkiupEOzppnN /><object name=hafOVcvHczOLF /><object name=CohOngiBRD /><object name=jNPglJvTBSPkMTA /><object name=TzikhbTsggRRfxph /><object name=FMZCxxpPspP /><object name=qpbUQNXMNmheGyVrmcEkYyulqOuMKVYK /><object name=fzjRazwSikoCbtIIpHICmwFQNMLipWHp /></objects></root>