<root><var name='id' value='5de1faad-335b-11eb-a3c4-4cedfb6bed2f' /><var name='level' value='68' /><objects><object name=SVUXragbyRYebiMqaREv /><object name=ZvMkGEnDcHZqwFcZozrazSYrjAUIzINFxNiGN /><object name=ffFhXbmGueKRRJPhSQtsGFDM /><object name=pkhRLYgTXpIVpZQnscEIdnNZj /><object name=zALsnmHXdXzUplbTErlTKLI /><object name=hcHLIaffwseIBsguJYdjWqrLRMihsSAuSSM /><object name=MAFLTmKiHjnlBrGzfuF /><object name=BcXNhugETZUSLkvjVMcGboKyyiwKieU /><object name=QJCYdyejbJqhSOdkBmQYKW /></objects></root>