<root><var name='id' value='5de26f7f-335b-11eb-9940-4cedfb6bed2f' /><var name='level' value='65' /><objects><object name=leCXMMtGvIjTJsbvfsDEoJwPBJNstFTmcKJ /><object name=sXVUMyZZFgRXCPHGYwvhIu /><object name=DkJpgRsuHkIaxbTIZNdLEsBrfOPuROWR /><object name=ZaAOoOGwkPTuzVzetIVKJDxwridVJpjkAGkiTfp /><object name=CBeAEUqHWHveMfOzjwNBuXat /><object name=RTKYTNbOnlTLNyuFRuBTFrpOnz /><object name=mFCFgnkUASPgHiUyGarDxlidbE /><object name=FYKSvMIOSRJSnhRKoDecrcEASWnkpwgquZ /><object name=GFblfbtzgDyKkNjsrFrfnAgUESDrxHLn /></objects></root>