<root><var name='id' value='5de3f53d-335b-11eb-b2d6-4cedfb6bed2f' /><var name='level' value='32' /><objects><object name=ejpLIEYMHQBbhwfCTDszDShvnLnzhEdePlAfT /><object name=lEafTrrhHNBQDSpJ /><object name=MZyMACpDKECfqfIRZREciBYJGF /><object name=JLxagYZCklmxYMViPJYmDjBIOIyZxNAESsiXPt /><object name=wuiDmaoxPEyUmiUbVqgf /><object name=OvYlFeovypgYNzbOfITYzbIVUDVfTvJi /><object name=uZIZzeinZW /><object name=viAJejQSGlycM /><object name=YDgMTHknqWOJDPBCcyjbvYSnvWhBVQDqRIbnXrK /></objects></root>