<root><var name='id' value='5de552c0-335b-11eb-bd56-4cedfb6bed2f' /><var name='level' value='17' /><objects><object name=AmlyMieEwMHkwXynYrk /><object name=ZkBpaciilGyprjrlfgGyUPWVanUdiWeMBGdxas /><object name=ADiDuKDTitcUrOTWOFXecgOCPxr /><object name=iplPyDKaTjeDSFlApCRyIiYVBomFrbs /><object name=WlguZpYaxOpYOytECOskN /><object name=jgFqAlpcnPARykcmlpbEsvwJKNk /><object name=QiGiUMlNgKAMW /><object name=sEWGfUUveCgDKnBZBakHvVfl /><object name=UjNLlUwhWQKWTQxGLmXIVYfzeTkErTptptIYvA /></objects></root>