<root><var name='id' value='5ededf53-335b-11eb-83c7-4cedfb6bed2f' /><var name='level' value='92' /><objects><object name=FehknyFKGZuCJVlJ /><object name=TLyMqzKNKGDlSGKFnvuOdYnagOkvJNqmgHyU /><object name=yuawYYCkCIYFjhracVZF /><object name=VszOKKZWwPxWwZnBCSY /><object name=bDfRBYkYvJfEbYAljMfXt /><object name=bFQfCTqhzoOBZDMfvAzssNgleDlWCzpObxYz /><object name=unXQqknkNqedUkpJySwItjuB /><object name=sOltCMWMzybfLbtniJOjegAKRcERZv /><object name=urzGyuuNadmjKdrF /><object name=VvoFRDvjutbwsSQqNpVEwCpmpjEMtiZwp /></objects></root>