<root><var name='id' value='5edff009-335b-11eb-a9e5-4cedfb6bed2f' /><var name='level' value='24' /><objects><object name=rOHicigeMOLQKrcUyEinCVAJcrDdUWImwOrRtv /><object name=ytSwPMSJlqcRiUSNHXRpbF /><object name=XAciaJuCFtdGPAJkjowwLYmjlwSfWWndqFjTzUa /><object name=XTiDUAprrDNoXl /><object name=urnCrMxdZoWXnwMABVXdIaOHDDUsBcNIIstsFp /><object name=SfWBixEQdVTtjlmBDYKBdKHgVCoOgx /><object name=aIzdVRhgFGeMfRDLkxKJaXSyqAhlrSAAIDxxOzM /><object name=MORnNXrFQgt /><object name=YpoPgJRjGTXInuRPKugTBlDcoeTnKRnBCnIv /></objects></root>