<root><var name='id' value='5edf2d3f-335b-11eb-88a7-4cedfb6bed2f' /><var name='level' value='5' /><objects><object name=JcrRaCsFvqHID /><object name=iRFYdxHTumZmdctJPWh /><object name=GFStVQbSyxrEuXOzjJjsTKRgBJkGuoxrSTPtWA /><object name=FxPNhtgokZGhIyVGcfKSvRSshOKaLgCWX /><object name=hLypJVTzuKDdokJSWzjLNsVrZLqo /><object name=JmboWsVfHeivhWaXUGKbmQUMV /><object name=IIUnNyrhtUpRqxx /><object name=HVmCXUbEBXwtLzntEEGkn /><object name=ulSUyXYjtfdLkYXVNLwxNpZUNXLdBUzGiiX /><object name=FsGjgCLJcHneAaDoCsiRk /></objects></root>