<root><var name='id' value='5ee064ea-335b-11eb-9997-4cedfb6bed2f' /><var name='level' value='14' /><objects><object name=uUJsbvEsbwbWXXdzLHzlgZaQlqJnOBUgyhoYl /><object name=CGvwyrmdLYiSKigJGnfwPueoGEtpvlMi /><object name=aELFYqnCbXmITw /><object name=ynkWLBTfWpQJEHdnJeXogF /><object name=cfbLyPPWLrBustxYXXLPdklOxHHIseO /><object name=RqAMQkRURVIotcnEtfGAsjLScvbSlynYwqEPpgZ /><object name=ekriQYvfiKZbRDVUhpbsqpkhrtevYeL /><object name=WaUcvlQfvSnbOLmE /><object name=VpQLQqGduWpfdXlMvVSTFymqrsngOofgZSI /></objects></root>