<root><var name='id' value='5ee08bdd-335b-11eb-a3c2-4cedfb6bed2f' /><var name='level' value='91' /><objects><object name=sckWBPviuXIKmaaTCvaka /><object name=jeyGFMVaia /><object name=IigUrQEBFuFMKLftRJFCJalPNwrbl /><object name=NvidHATTeQbCDyeSBvboexLjmkMsjKgBYxmNe /><object name=SPDnRyNqjc /><object name=PJlXXwALgsbbDvHBoWv /><object name=FBByjpzdUodxJwKh /><object name=UGOPglFkQXdbPKqbHxaiSSuRNZlpKu /><object name=LMNYQcsfhDjhYuuUfgiYHvhvVFQgggIpgxLups /><object name=SvClksrKTngadqdWbsocvWwYZ /></objects></root>