<root><var name='id' value='5ee127b4-335b-11eb-99db-4cedfb6bed2f' /><var name='level' value='55' /><objects><object name=VkiCjmSslctYEjQxZYzuSSQlxuecEGeIvEV /><object name=UKZQHugJvxuyG /><object name=HLeJUGhIMduQkTt /><object name=tOLRIdxeESWBHsDeKqKdlSUjoWfgIR /><object name=hcxizJrMmdxkOyLkTBAzrPh /><object name=DDGKnlDzKWfJBnWoKujVgkIhnxfYMyeQpQH /><object name=NgTflnPLcwI /><object name=aNZtzcKQFOchnWBzECjSGkNXYrkUzYjQH /><object name=FwRDMWIjnErJNyHmeKuUwBKWro /><object name=asaieluRnicarMEeiwCXhbdteNe /></objects></root>