<root><var name='id' value='5ee1759d-335b-11eb-86da-4cedfb6bed2f' /><var name='level' value='4' /><objects><object name=begnKXGPnWHlPfgRNeeZeDEQeBiIlIirIv /><object name=OpxoDivsIH /><object name=GvDHdQRdZCOgmxAnzNSYqInhsrMNxboTnAeZFD /><object name=YcQCTuLPNEtOqAEyQOhziFkVYRVJc /><object name=ESVJFSVowmM /><object name=ZNVuUWspxLrGznbGHoJSTutytKxotnrLqVSHkCY /><object name=hhBjQWbbcuNwrVuhDAHWNUTgiKZtvDqrl /><object name=liuaFIVGzgVUUOOuYZJRockyfOcZAVRAmfIgyu /><object name=GAmONVwqYxfUK /><object name=bMCxEYcjnshXIwRL /></objects></root>