<root><var name='id' value='5ee23869-335b-11eb-81d0-4cedfb6bed2f' /><var name='level' value='30' /><objects><object name=BhiYlzHUhPtsxcMMPtq /><object name=mJzkJGYXLmhbmsWebXIbgWkfiwohFdljY /><object name=IJpjwKhHJDVTisDkphNuCRykcRnh /><object name=cZDWwiFuBlcL /><object name=RrtUEVGEzqUfCDLNRSZVqjfXqWvXwEQAv /><object name=dyKmdzDcGtveExiFvUgzurIXcIioVosgvavO /><object name=jopEbQIijpgXhrfFlvTQUznCrWnBsLR /><object name=YHyrZzStZElgiaZcERtemTMpm /><object name=OWMLytxNuT /><object name=pbQljJARRcCRl /></objects></root>