<root><var name='id' value='5ee4ceb2-335b-11eb-8dd6-4cedfb6bed2f' /><var name='level' value='58' /><objects><object name=KyjIIzwoIBFfjMlwxfOQWSmdZZf /><object name=NLDDHPtEFUE /><object name=HqYmuXOOclPHxHBwVTBeQGivCcJjOEfuV /><object name=yNVJtGlYawBZXj /><object name=zjqVcSiQbhuxH /><object name=WZfBiBRyRlxsYORGOhdRsQtY /><object name=EamwdkYkDASndtGzsnJYXFWiJaXeEemFZrTolo /><object name=LrvPxAvOfaYaXZegZHbFuciNkBeBFOOSAMUJPoYX /><object name=GigdhNoyVROzENCOkqnunQfsqvLadCa /><object name=dpaWViSrurobxzlBJBhOSqkrhwEnQDGQQHMI /></objects></root>