<root><var name='id' value='5ee480c7-335b-11eb-abbd-4cedfb6bed2f' /><var name='level' value='63' /><objects><object name=rGHxOfPwSXpEFVTdMugfzGPYdmTNsCiDXVPAnKk /><object name=TfkltopVRXyIajmhMpqelLCSmsD /><object name=lHgKxHRTHkkwgDGsWwhIgXsrwtWQWOaY /><object name=VXjDAXoSAPxJ /><object name=bueWKvCxrQqyOkvOGYKZjicJFiKx /><object name=igZFCTDwvOBmhMELvPkKaFKQlIbZKb /><object name=aaKCZwlFQJejQicyKoGsy /><object name=RoUCVvzQDnWrtBwpIoQUPwjCauBxNk /><object name=vlEmTNIrUTkdBrCHrfcdKoxcYKzT /><object name=GMcugbMuIronYmyfkmJLkhehFtkNKNW /></objects></root>