<root><var name='id' value='5ee65449-335b-11eb-af66-4cedfb6bed2f' /><var name='level' value='61' /><objects><object name=IMomZPgWfran /><object name=hryzmyXiQpKVWJ /><object name=tkZKHrgHVWRwaUPpYqACYNgnOYVwA /><object name=qrtGmSwNJKxJkcSfZYUjwaJ /><object name=CfUllVoffdBtCVdMXESYBOT /><object name=ZXEsCmHqtVcefNhTqtqoSNXr /><object name=CyKBigiMpRXhRkTya /><object name=zhhetewcnWU /><object name=wkopiEMdZWNuMrGwgBdGSOVDFunSzhmldkIPDbnF /><object name=NmmqErLTSyvsBZxxAOwMpgdHoVVNKztDPdN /></objects></root>