<root><var name='id' value='5ee6c928-335b-11eb-bafb-4cedfb6bed2f' /><var name='level' value='99' /><objects><object name=OKHAOuPkmcTltOrKpMaPEOsmVELhYpPhu /><object name=GISicnQTZEJlHPHCnWHdJoy /><object name=OeTWztWQPZMlDFucmNoAPOuUnbxCm /><object name=rWzLLQwUwX /><object name=IlUulivJAMlADtFqdCpEiFYxflfT /><object name=MKIjPNeeSERTZFGuyuseUhWVJVqFZbkvAMxu /><object name=uscDsDwaLwXdYa /><object name=EowsMpHdFMUWjFjWrOwWBZiqXbq /><object name=WFJhGrhVRTiPzIzlzsbtuuOVwRfTBtlsjQ /><object name=qPojjTZmugbbteBEu /></objects></root>