<root><var name='id' value='5ea52924-335b-11eb-9747-4cedfb6bed2f' /><var name='level' value='76' /><objects><object name=yZYyOUEyXRYlNiFCUwKvLuianRdfhYr /><object name=pKWUgJtERbwxfYUNVCvPmjRrt /><object name=TYHKqQFElypysDMPFO /><object name=GlIAyBmfUsWvPD /><object name=cpPalzonwFTSHzuouo /><object name=pepfHhyaOVVxamdATmWEO /><object name=gjLoAugiZQsjdTcgjwjwqxZSBriJKIGhbgXXfQiF /><object name=TGmkDTxSDFDzoBflGmOOiUXWsIDyQnMWpSwuCZsa /><object name=rhaVFUAfdRdzzmvzR /><object name=icOLlsuGngAyKJHtDNQMtsAOD /></objects></root>