<root><var name='id' value='5ea5770f-335b-11eb-a0ca-4cedfb6bed2f' /><var name='level' value='66' /><objects><object name=CfCZsGgGCZJsVPbRgrimvoEdnbDWbQoiht /><object name=HwczJFwfbmklzqynqJHJDNxiYddo /><object name=XwHCUVHjUVIVhgejbowtpqqVjhgW /><object name=gUcXtKSLbwnWU /><object name=IfUtKsvzAwtHZFmznxhFTDTdRuzCKIFhQQ /><object name=dbapEalNTcqBWJFznWmcgpJiDBBXfshuEfAlSw /><object name=WyLNmvsMiklaiazj /><object name=hckzBcVOxTRAPOtFBL /><object name=rbVJQSIfukzkcZSNBRhwzErixWcxq /><object name=CcfmFgnWQGAdtm /></objects></root>