<root><var name='id' value='5ea8823d-335b-11eb-9ff2-4cedfb6bed2f' /><var name='level' value='22' /><objects><object name=esBNKQVGqtTFpAZOFowKmZNurvyIpqEwPowYRds /><object name=zDCGVOxXpEANhncjvTOZutUTD /><object name=haVrvXNbQzRZHItDZaYKCKuFXSzfVE /><object name=ZPLKfpNDknUqXwAGHsedXIYKuRdEqJOOF /><object name=knDimODAVXOKpOuvFRhpFDpbHeEemT /><object name=zxEQPVjzLhfoRZnTCZdeL /><object name=hxFskccrHJaAwYEblEAk /><object name=rPbGgWCCERaxHpssJHSXyHh /><object name=zIAEIJIPVcUjMrKNjVRCvtgNGmWMPNaCv /><object name=gOzurhHFOevPguruYTDfINMmgqBVBH /></objects></root>