<root><var name='id' value='5ea8f71d-335b-11eb-b8db-4cedfb6bed2f' /><var name='level' value='17' /><objects><object name=jlejAQCdsd /><object name=FVIGXPrAOQEvzNGdDrsBwS /><object name=bBXfVjpRBoxWOPIXIQodGIawwGmxAGfyMLPq /><object name=UBwOYbIHQqciblOhOnMYrZHq /><object name=ntCRFZFqUGlUMoWGTJPJALazfSwmDK /><object name=ZzRkEktmNUstFGgEwTxrZXUhHJVtKLBmtwy /><object name=bOIDrLxxQKmjpOpdonplquLXIazoKZDCibCDAFF /><object name=bSJTITMAJuagpsAKZC /><object name=VBElzyXfJVTnY /><object name=isauEUCpgSPCdmdwheEbPxfCMNkDLWGjaljpV /></objects></root>