<root><var name='id' value='5ea9b9e5-335b-11eb-8b34-4cedfb6bed2f' /><var name='level' value='60' /><objects><object name=rEKdHlefqbIdgDcLHRaxdxTW /><object name=yPcOCtIZJJntdVcrAUIJzhwE /><object name=JruqgqyKLNaH /><object name=YEyVaadQxefKCcikcQNoOaQ /><object name=LeLIyNRAbUNqNkahqfst /><object name=BRCdZYfhOFhzapuFJufsSYOIVJdgUeXuihxYWk /><object name=RwGJgfDRwDrKYgAEtIbLIZqNAEkwVThFGlA /><object name=KealuPsRDJiIJuoLNDBm /><object name=tEWKcjWNCYLrOGqL /><object name=PUrBNtWCiebKbVOIiVAQaEUNGLQESkazfrqYaRGQ /></objects></root>