<root><var name='id' value='5ea992ef-335b-11eb-92e0-4cedfb6bed2f' /><var name='level' value='82' /><objects><object name=LZYjurjJaNrSHNRjKREAUA /><object name=nyHefWOBnKfmyFjVlKJuyMYkGykhIcGxsHcT /><object name=miEmGPgcbTRGQKLiTSjHShbLFBnXFdv /><object name=UTkpJPitJRVxVkvhhJUfuKCyjun /><object name=dsQmuoCEZnwWbRhxXWcQBFKMWABT /><object name=PJEoszVkrEfyOZ /><object name=rANBIGvvIIyGXFYVuqjafXtQLNhbszsp /><object name=mxIQWAylmv /><object name=GKFRgYAUotaugvetANFwHmvFaKWoQAV /><object name=LXodhmKCfYJudEPzlRnRbyOHyMmzW /></objects></root>