<root><var name='id' value='5eaa07cf-335b-11eb-bbfc-4cedfb6bed2f' /><var name='level' value='38' /><objects><object name=pIUGvUwPwIuMdtLKcMAkOaSJwoELoBzK /><object name=itpzUuYILsUDhZUYIaZeIXcgJKxurIQcm /><object name=ywvYlBBHLUbxmaE /><object name=ZuegXkcCOwTuBkITfSwMncWfoTLdVRwYBldVsuev /><object name=GqdKDSrnjTeNi /><object name=NgEhGadngyVOpgxgzpTOIRVntYR /><object name=WCaubIWKGpbISiGCUUzleDbJOEjLXtpSdC /><object name=fGGxdMnvimyhwFoCntyLfpVrdQ /><object name=dzDWvgEqnGeqY /></objects></root>