<root><var name='id' value='5eac9e1c-335b-11eb-abc0-4cedfb6bed2f' /><var name='level' value='46' /><objects><object name=rnrxpDIEnDVsFCfXYwTeSKtszTLaQVUMhpv /><object name=ibnzxRFNFvOIOBJEFGdRWyHBTWPyPIFrxAtYWTY /><object name=zOICvKQoVseeVJBSHGx /><object name=EhsCCnKLhlhBdXWryedacywonYjOKY /><object name=NcxwjgSnnJlDJRIKvayzaAOmLILTrWAHQyDzUpz /><object name=JpbybIpJujvAkXslSgpWrdmpLbHbFqrFSR /><object name=JnAOluyoNsgAtLTcSFvADZD /><object name=oXMqvWBHyqsygLLbjAM /><object name=OEjdAHdxJXDTGS /></objects></root>