<root><var name='id' value='5e86e936-335b-11eb-9d62-4cedfb6bed2f' /><var name='level' value='97' /><objects><object name=MBWuEFdNTneMYxAeOafao /><object name=UJcXjvcZwrlzNktualZWBUXx /><object name=JSuLddbPUcuKbAquYGgcI /><object name=jTPpjRoMMUyhADlSYVkHedQRKAMurQqXf /><object name=mPSwTIbhaIZwiSOkOXJgxcFVLRuxZOXdCEJWemvJ /><object name=QLpmSbglaOhUOPbROilAztHcUQDvpDZf /><object name=KudOIcfXdTQZBqRShY /><object name=TnOhcmMSYYvIaPNNlMpIataUwRraqE /><object name=KSVgayYkblCFjpFSjCyFhxghjKikB /></objects></root>