<root><var name='id' value='5e875f4a-335b-11eb-bf07-4cedfb6bed2f' /><var name='level' value='93' /><objects><object name=oObhOxUtdJZFRqhWVGxkRqBwGLdBHBYa /><object name=xcICjvqfrBTwbDEyioftGApJTzwTwbKYIBcMC /><object name=dtKFfQZvXkbfmOidvrYCNlBOYkgndpSphhhzhcgc /><object name=glTzMQhcphVsbxrviyQNhVnUA /><object name=ZAlPmbsryqsMxeRuvTaHjjgcgekRV /><object name=RuxwRjFLtposFNHHFgGjpOvgE /><object name=uyGfeUcRgFSSoptBt /><object name=GjBwnGBMIqvHAWUhTqxD /><object name=ZcRzSaCaFcnCWvZftYArcVelgaxgJZ /><object name=kylotPYBrAjSuIPIVNlqzCEAsAyViiTQfDwyrtSK /></objects></root>