<root><var name='id' value='5e8980b5-335b-11eb-af0e-4cedfb6bed2f' /><var name='level' value='35' /><objects><object name=DJHkJRuGKtzaojUcSPgxbUnXHeWfTuFvQW /><object name=qVBCAWoHHTVWrggHPgFmsmdfFDzEbwhNBhoWuCUU /><object name=dbPyYrjCwhytztH /><object name=vADTaWhjvHmywhzFpGEtaW /><object name=BejHyQJaMFIiaLEfESnmCGnUWxRoJes /><object name=vpctTppqGTMtwkbeLFjliuVonD /><object name=bqeiSCNFgYUivohRZVeRdPiDBsSZbwc /><object name=lRgbdmugxVKXuYKLmwJafGAkLfIbFLnzPaMUmS /><object name=AYkuvassWp /></objects></root>