<root><var name='id' value='5e8bf00d-335b-11eb-95fd-4cedfb6bed2f' /><var name='level' value='13' /><objects><object name=IzfTnsVhZEARHpZcUzDomxCUgaVJDfuhkHXTpD /><object name=bSUdtkJTHDiszQgqISgGSsDdUVbpnotG /><object name=gLjKZXdiiSMTJfdtArv /><object name=PJqRnrSlhxzLYdkzeZrShCPHoHIRnwlMlpA /><object name=OaFHZaltAJasBU /><object name=rgQSuIGDHMTbhcPWdnmnnHElIQAVIFTCAhqrNLb /><object name=LkFQXWZhoIaCozZmIaqcMCBzZquFFp /><object name=gtZWimikaSjceWMuZICIgVqjByhVbvUBqC /><object name=bQoQNSgyvsUURgOKhsiEfHDffVYj /><object name=DrSWefyDqxbDyhKOwagxykeP /></objects></root>