<root><var name='id' value='5e8c64e8-335b-11eb-b56d-4cedfb6bed2f' /><var name='level' value='19' /><objects><object name=NLYuSFRQehrEgJ /><object name=tQijSwGMJTPAzHVUainDOtkZCujvjIJzKbLwrVjD /><object name=JzbJwhUpZstaSqqWzqSQfoZucsrInAZJFAtvwBwM /><object name=oLwITVoqqJrgkdRZoVWXZWcLPROSsBgn /><object name=qFApgRezuVwJujZPFXgDTVerTTZrp /><object name=JvOxgqlNILjotHI /><object name=aZRvzVAlZhdAWlmspVCYVgxLVVETugIyoVkxR /><object name=QbvGbUPMsNYeUjuPHENUVsNgPOkJQJOMtMMUFBce /><object name=vgpJDZEitYvneKltVhDukDyRVaCPjYhjLkKXmZMt /></objects></root>