<root><var name='id' value='5e8de95b-335b-11eb-bd07-4cedfb6bed2f' /><var name='level' value='70' /><objects><object name=NHlXXlzNoMeaTbZDHYuQBG /><object name=vYqcxPUIbikcUmxw /><object name=VWkStOHRJNHoKqJGHVyfMdRnitGWsM /><object name=ysIcdCXKlxmxkLEznR /><object name=QlZuYHKvSNOtJFzOyzqZrXQ /><object name=SQlhTmmEwsnpyokU /><object name=pnkFWDDdHtZIBHZMUWTkyuXLYmWhJhIqUs /><object name=HjZuofsTokzzfzxOjwarKjkp /><object name=hBhdpUlKMmIquSIEnPlFyvNkswcLwEl /><object name=sgYnEYLGfYnQQqHOoOOhcGtjtFLCytsPUp /></objects></root>