<root><var name='id' value='5e8de95c-335b-11eb-a919-4cedfb6bed2f' /><var name='level' value='33' /><objects><object name=XoJShRFbiSqSZXNvUmhYqcquDpbXXRtpCZwseN /><object name=HnHTbYmbrIluWQqmEdDgGwVAtbbMYoXSNjkR /><object name=NiGbhAwzAexCcqsd /><object name=CgjlTmtnFTlf /><object name=gLCTwtgxOFBKRSkMvDUEdygzbxvMuV /><object name=EUnTjNiDPgfCLxwORlDPYh /><object name=IUXFtjYEHqbzvibte /><object name=qZhUfBDTHLcHKKNCHoJVTJPNzOZinQvX /><object name=JfJmlDesqlSHqefMvbSIqGTVaynuJNRodyC /></objects></root>