<root><var name='id' value='5e8e1050-335b-11eb-b77d-4cedfb6bed2f' /><var name='level' value='26' /><objects><object name=pZzOXlwsnjCLwxVrYIxROK /><object name=ACDlFMPepHGPFJmX /><object name=ZKfTSbgoaHHZrJHmPyAxjnVPStSwmlWhgZD /><object name=nLWdPaPOLppMjvovmOHDWa /><object name=nLjqpuRlDfoiXFwYLttpvhNcPPiFXU /><object name=XyIKKKUzZccKRBngZbV /><object name=SivcBbpRsZazNTlKGZbG /><object name=wKfZYGYMacDHPrgbiSGeTeuabXj /><object name=HKOtJNYOLtpHbZQIOHYsNwXweEWIMYHIR /><object name=tQAFHGOxUEpUDmfIsDMkqOLXSpQk /></objects></root>