<root><var name='id' value='5e8fbd81-335b-11eb-95d8-4cedfb6bed2f' /><var name='level' value='19' /><objects><object name=brHPCNmNjeyiAv /><object name=shJBrsbslalVEqyUEMDREf /><object name=EHGQnaxOzJPFbg /><object name=gOdtIhKbTMihudnBxjVueEegBohcnEJUBsJBP /><object name=XCyCsQyPYmPimpiIDYlKC /><object name=FWlYbPOWDNRZCDOYwhgRxkXqeNPHAX /><object name=HgqKEhhwARtn /><object name=yqxEWrQpTGsCeaOoP /><object name=QSSBtekIwoBuhnsVJdByXKZjVnqaoTMlvOzLSimT /><object name=PkPcsoCWPQ /></objects></root>