<root><var name='id' value='5e8f6ef1-335b-11eb-a93b-4cedfb6bed2f' /><var name='level' value='22' /><objects><object name=ZWzzAwcMgFpTqMqhJcLviBHdORmqYk /><object name=jyDMRoLpRHnuYyTRhhOR /><object name=qdAcOpictRnbjHQyGbBrtQhGyVGbxyIQ /><object name=GurZaxpuwDAzriLKVAhrxVUYVsVxXA /><object name=PjbvwRFIfdRCFWendhfZy /><object name=IwSbAJmSOmGRJIvWDnNFWaDAWb /><object name=zCYVVvsPKGzDCV /><object name=NbCKOiKTwqysPhPNFMfo /><object name=HKIOAxAPhLaVJyLkZpAbmqzjeSFlKYsbqbB /><object name=gvCgwgWqheLBAmpuDFOHvIKvZuBP /></objects></root>