<root><var name='id' value='5ef1ce91-335b-11eb-af4a-4cedfb6bed2f' /><var name='level' value='21' /><objects><object name=SXGGEjkFEYiZFFAFOGyinDCLzwCwM /><object name=NLtheUTpRURnotsTHsCqEDS /><object name=oaNSDKzykVwEmndLZsxyBRWgiKTkHwpjsOeOituI /><object name=ApNGivGIUfKpMGFQhVprfzvgoFosuFcNlQaR /><object name=HuMrSrsIedIFvOXnkTfXrgQgFAjcjZuHYWCQO /><object name=DTMvzmBaAPCLgeJAJbaXmissf /><object name=aSZKrDkuqrOaUngLiviwLIsaXygEeFwvoI /><object name=dHWyKoPVcGRKsnqquQqaAoyXvcMUqym /></objects></root>