<root><var name='id' value='5ef13185-335b-11eb-936d-4cedfb6bed2f' /><var name='level' value='60' /><objects><object name=VyBNVtrqfMwzCiPgSX /><object name=VwFudJztlfFQnJvhGkOCriRmj /><object name=ceIXwGyCZyEtdbL /><object name=WJCcfvZSaQAkqNCiZddBFV /><object name=cCKIQpXEkpkiOuYezWrXmVSdLNhTLRJxgTc /><object name=mRVCIEbsDkVEdQhopxHKVHjYCVatlM /><object name=oQPKEcOGfqlOwwbwVETCcwIJKsLEZvsCIulo /><object name=iXVlQLeLnmrQPIUuzwavwQF /><object name=dZFBICCRmPjw /><object name=iQShrMtnvVFHaiBtszINgAPgqxNIUyNofGAuz /></objects></root>