<root><var name='id' value='5ef159a7-335b-11eb-b64f-4cedfb6bed2f' /><var name='level' value='42' /><objects><object name=dLHyHBJdsjBUZnEWWcRAHZlqkjUKLbiVvOaBJ /><object name=oLVYqPpYHDIkfmIOYGKKFAiJfgjoAjtzVdbqVHG /><object name=ccANSstdSuWdQ /><object name=FGuhWAznDRxwSFozzvrIaaDDz /><object name=TIVuytcNeNsxREXbtaXIHHFGPZyNHtEHyncW /><object name=oeFRnyzGccOTGfXxXEgEGNgH /><object name=PiwcwERUzpqZPEzdmsP /><object name=PmsnKnlezYSTnIQrGiJMebvJ /><object name=YJextbfaHqhvZPk /><object name=FVNGQEDlkOrqhezvgZBKVrSWF /></objects></root>