<root><var name='id' value='5ef2915c-335b-11eb-bb6b-4cedfb6bed2f' /><var name='level' value='87' /><objects><object name=YNJTWNqgDUXYpAikcxhxurUabsNIzNWeWSJFT /><object name=dDBGZQGkpZlNigkTdLQAOCRwoqdrabFyydeXwoR /><object name=WinDlMAmxrqpVDJXVXOwbuYLEopvJsv /><object name=KCbhsLdzmMUnfIqBOdtUowQMXHLiREG /><object name=TAVpTXwoaC /><object name=IPCdvnLBTRck /><object name=ElDAHEYNZZfYBbcxVapDCHPtyYaVhYWjCXdB /><object name=OgwwsZqQtofQBJyEEhQsqmFYX /><object name=ZJDbizbWgGK /><object name=HxRPJrDGtfN /></objects></root>