<root><var name='id' value='5ef32d2f-335b-11eb-bcda-4cedfb6bed2f' /><var name='level' value='16' /><objects><object name=UvqDYbHiDLSywVPJiKrzO /><object name=soAzydkDueBjEFERQHqchGMElCybS /><object name=qrTdNPQsUryxbGAUsb /><object name=MwkRdDtpVQOnncUvktILxzrp /><object name=XwaCjxpMmJbWiNaXdusXSzjlZTAxBW /><object name=QNxImDgACVb /><object name=vKpdsrtpZNvSkVQnOTjXmc /><object name=TVCfqdtRAKGgrklYRdfpXpABAET /><object name=cfTILuSwiZXiOLJTJxmWjYxukAPsCEyZqeLdWVZ /><object name=LIuDKOsbGYgkoHWwlttASLKlXOTjRxCjLeoWNshd /></objects></root>