<root><var name='id' value='5ef35425-335b-11eb-90ff-4cedfb6bed2f' /><var name='level' value='90' /><objects><object name=PENIOndyoKRUjexRx /><object name=YaJFlWkrIRwZWyQFjAQjjPM /><object name=XZaLwkYBAYgbGhZfyCfbxYlWCAdpsHq /><object name=uGMlAcKLZakovmtka /><object name=vJfuEPsaXdMVCiJogafVjNCtgZNWFozHGQmEa /><object name=wURahciNmKFInpVtm /><object name=YVjuMjizphJYPIsHzovVyFMCaNZckqW /><object name=TspZQEwcZPcTkPUmaHOUCwhE /><object name=pmkBDcobbvQRBaONirWSmAOegaCzEvErNWWku /></objects></root>