<root><var name='id' value='5ef30634-335b-11eb-8672-4cedfb6bed2f' /><var name='level' value='59' /><objects><object name=AayKIzQnEzeoLATZyfYJE /><object name=rsHFrgHFovIxKFqhcfGdVb /><object name=uiNsBIimAhtAELbpQzFluX /><object name=zJbQZwTCTLEKXdYqPkkyplYkuZMOoAwvvTcZoAL /><object name=tQVepgIRcHhLGuF /><object name=fkwCGuBhdBcCOhIHZhwxcvNGrNTiolAVestes /><object name=LdcilAvkUnfGrOLwBSuzSJezLkNQKJkRc /><object name=EXAZcPwMFFtgnwzhsHzROkoZPFpavSNldR /><object name=xZxhqAddhBeWAEorHqskmgRXyhze /><object name=MHRFqZlQLeoBEoZwqugtVMklMyvEmKkwgvGl /></objects></root>