<root><var name='id' value='5ef35424-335b-11eb-a801-4cedfb6bed2f' /><var name='level' value='5' /><objects><object name=dzFmtpgbvvmY /><object name=wVZcBXDCGXDkifTgEJ /><object name=JkkAQIAKgRtSZxwbQBJeH /><object name=dTeoaUcyELnCETwmJKXmxfHuRWA /><object name=GlgCpjpXriIAaOePsXachmFYllCYCxNgFhgOJnkY /><object name=bvKxZiLaRNnHcOHXXJTEHvGjEfXW /><object name=uONrpWHZouNurPCRLXeYZZjDqC /><object name=BodvsYupmubOsoJkHFguPugkPmjpXLwMjs /><object name=jHmXAoopjQFHWqRPdQcUMDwaVQjrYDsEtTDXDWkS /></objects></root>