<root><var name='id' value='5ef48c25-335b-11eb-9b26-4cedfb6bed2f' /><var name='level' value='77' /><objects><object name=CWXcpacoxCNI /><object name=ghJyaoQKsrhmiZpbzpHgrVfcwfJwwNkEW /><object name=bTXpTWBfCEZxSHx /><object name=OSikUGYLRaoYNQKwjjTbJeUFKKivqnwHERQ /><object name=niarxlYOsntuDgwebMsqlcganbdIHNSXLOplK /><object name=hOIujSYlSyMDavffhluzltQbjyFfEsWnShRv /><object name=lsuYBGsCGqqkOlTGLzUgzLqaydC /><object name=lZHlXOxmFjSMeJOVPMwEwN /><object name=eJnuuKmjkLaYiezRExyLRN /><object name=LiCiUKUSslwSZiliXXdJNGOVm /></objects></root>