<root><var name='id' value='5ef57472-335b-11eb-a0be-4cedfb6bed2f' /><var name='level' value='30' /><objects><object name=RkkCpadDkNxAd /><object name=nKvsbpqTExp /><object name=SRCmhapKZhTYOJPfk /><object name=VBkrzTxsYrEBRaxngFfAivJHaljWLIzogDJsxFy /><object name=sYvYTugadcVXrpOmwnTEjMMPgPveI /><object name=odCTgdaAgYMkFAvskbQKmEwBlgblOwEjxblJXp /><object name=BcgqyMoIcRbjMcdtsWmKgC /><object name=sTrYMmcMfKSicqkGgRzTp /><object name=RBteNJjtHXleSBEWGJgh /><object name=UMCNwgkzntgogCumqHYMCH /></objects></root>