<root><var name='id' value='5ef59b5a-335b-11eb-9fa0-4cedfb6bed2f' /><var name='level' value='67' /><objects><object name=pXXDsXYOwInFUnttCVlCHvCvLUQSGaunKX /><object name=uMQQIIavuCwxQnLayDN /><object name=qpTVVoswKGZWMYeDvchyIMYyOnwNxAKCrzrUco /><object name=YtqEeIYrbkxXoMXAbisBUboZWcDFrflx /><object name=InXAIHtbEVfuWzbfRgkUweugOKUHvJzXgJlm /><object name=zWrICNWZnUENoTJMC /><object name=zBOGZOAkcCCdSKfstNUbPPKsJamwGWgKpbx /><object name=vmERnLlrcr /><object name=MqVNnsyEfNZwOMDiLLfJUF /></objects></root>