<root><var name='id' value='5ef57473-335b-11eb-8e19-4cedfb6bed2f' /><var name='level' value='4' /><objects><object name=iISlmKlsXcNLiRFZ /><object name=uOLwDzsQjunukfxoiKBBB /><object name=GulcTTsmlyxEqvDQXBQSiYmwdaqJ /><object name=rrtGyhidlJzIVtluEQZXVkHrGHBEN /><object name=jFditdQQtAuIuPmPnASDstNrtAB /><object name=lkktNXneJkXgUStbiTJghODoevaGQPt /><object name=BGCSrVKzwvRhGUTNqsvVJrTAwGctMGmaIH /><object name=KiFcJIMOitDGQ /><object name=dlnPWJPkLcUqwgFUhYHXBARtUOyP /><object name=HCuZckAiIo /></objects></root>