<root><var name='id' value='5ef54e76-335b-11eb-8a03-4cedfb6bed2f' /><var name='level' value='14' /><objects><object name=igUQJzdlWnNevFRreAGJEUxS /><object name=GFxRDiPXcEhzorKBbqbGzxPjvPF /><object name=yoLdrczqsCVreXbGKtRrBacSeOAEtF /><object name=WWkEZvovZWfAL /><object name=mbxqQvWUQUnYfURqDqZimPdBoFbAagGYCfdb /><object name=VCcJWTXTxAmrZeHZTTdZJYmlguRVlTMpb /><object name=GoFJbrQfttzGugMslQMyxmGWXdkFNpbeLUWadxT /><object name=lfDzMoklEoTIMF /><object name=qWAOBMVszflNMyY /><object name=ZDPHLEfSibFESElbbAphe /></objects></root>