<root><var name='id' value='5ef68524-335b-11eb-8dde-4cedfb6bed2f' /><var name='level' value='71' /><objects><object name=JnCxEggHgilfVdf /><object name=pyOdCTflaDyZbadZzUVSM /><object name=xceDZBleWgvXLLktzbzOEAaGffbTb /><object name=MBtBbqSRtsckDOoFytZjJwQCeVoyvjj /><object name=RMccJYipTeWpqhKoBIgLKZlJwL /><object name=TubSRlfGmn /><object name=DrhjkXhakuSGEkDVTFlIHKKkSlqLFfuBlQXBesn /><object name=RkPJTyGTEbbMYXh /><object name=nrlJWJpaNbMTZwsmFuaecpRXZysyv /><object name=kKflOsLYLSQRTZ /></objects></root>