<root><var name='id' value='5ef795d4-335b-11eb-a906-4cedfb6bed2f' /><var name='level' value='6' /><objects><object name=apRVvnGmEyVP /><object name=xVcpgDVxmlAPkQrigsynOnaLRSRqKREEXFCOyk /><object name=rfIxKLKNXtXjmVb /><object name=WLjZdBmqMltBqABOGpBSY /><object name=izAPVEXpBWzYAMagQwJHJBdXIUmDVYRxCTXwA /><object name=QEAUpaaziogQvPMetfSTueElxyqXxPpUyOi /><object name=DDDJfrUxQVbhGx /><object name=pIvCTeIWyxVxyClkYxDJWeGARDBwinXwaGV /><object name=jcBWwxKEQfpddFpcwHWnBOMjhQRzhA /><object name=gTkUIOXoFUOFA /></objects></root>