<root><var name='id' value='5ef76ee2-335b-11eb-8079-4cedfb6bed2f' /><var name='level' value='94' /><objects><object name=wrSicTXxTgOVWcdCX /><object name=lgQkUNjepRMZwdDeeCAcKEMYIQVv /><object name=hEhHOqdnGAfvBDQMTspqLbgvWTOsaDkjnzFIPF /><object name=fqHUqxhHClR /><object name=eOLXqNBiFPfmkbGjWihanH /><object name=rdZBaGgIMeptLIOrmjQMfqWmaqoPQJKIGuhfyVNK /><object name=FHUPNxUgAHrcjCCGqYxhOWBOtyVG /><object name=WJzrfdKsSvYZUpjxLJd /><object name=atWoelhfPLiZZGrPjQLalcUcMfVSLn /></objects></root>