<root><var name='id' value='5ef8f59c-335b-11eb-a2be-4cedfb6bed2f' /><var name='level' value='21' /><objects><object name=gVfiZurZDwIaXYlzkxYGNyYmRyRswkmCARuehq /><object name=fWVImWekjncoKjmgzgARHEKzYH /><object name=AWvvCXfzlGmEaVgSBiijX /><object name=PrzUWSSsjOfKnT /><object name=bIPyyMtJISBokhluWEvyuFBGqjmMdxMiCTkVt /><object name=iuYIbZdFEjqsXMhVExuJzGD /><object name=XneeaQIOqflUhRjy /><object name=kTWZRZsKhvfSYuBKHTeXtLDQOlxjqQ /><object name=HPlliaaHBGZT /><object name=HESKzAijvwQjvlaLtpTdHFrfTrXNrRdppweg /></objects></root>