<root><var name='id' value='5ef9904e-335b-11eb-9eb4-4cedfb6bed2f' /><var name='level' value='63' /><objects><object name=YBKavedqCAY /><object name=iwVIlHqyZWrDyxG /><object name=ECoOpuhtrIGXJdVJCKJRGBtzyaXuFMJgAAqL /><object name=HKMbJxkAYRDzbmIhTCCgoFwuEWsZtuugIxqiQV /><object name=aouwGBmRdLvIRCXbnQxUdPqqVdMGCxbekby /><object name=QSjxiBkxhBueNTnjHRlCgn /><object name=TIKecfXuxcGytjXXPlgWH /><object name=WiXguaRIqTROtRGPqFAKJKHPzKihLOgCZfdO /><object name=CGwERCoIIbViFxPNodThTATCUBnDaVgWaYdnquV /></objects></root>