<root><var name='id' value='5efa5408-335b-11eb-acb3-4cedfb6bed2f' /><var name='level' value='52' /><objects><object name=HasVkOJUjBMdYgTofsYxTRqWvRvVEKGMbLgQhCX /><object name=bFnyOZixgxPsIqUCistAVg /><object name=CMlKQwtAhNJnEFlaYiVvjG /><object name=ckWDoslevGL /><object name=BaSWlNapfNGBmnlOYZCP /><object name=LgKTDwBBODMCYgHJnc /><object name=XznVZJGMejvDGanZzeRLce /><object name=UBxgjTQSwFCguvygecKFeStu /><object name=lYwVSitqEnipAnyWpjfmFCjZoQBIVBdqelk /><object name=llaWbUDonRBbBwvjutWvoIlINGTkdVMHdr /></objects></root>