<root><var name='id' value='5efa2c20-335b-11eb-9acb-4cedfb6bed2f' /><var name='level' value='40' /><objects><object name=RbrURuVQarDrxudxxkZKGXsdGJkuAUVxURZ /><object name=oZfAePrPoQUCcPNoQLtJRcuwIaUkDB /><object name=bzgpwNfLcKRNeGbJSkdYlobGwjDkSdNmudmILxRo /><object name=dFqfDBnBiFXZwdsG /><object name=mBITbqGmQwqRGKZnAiPWVSvVVACyiJYXdIHKy /><object name=VaKDRIsLvpmCWXeawQLeaEMfvClIXUkRHxxyBm /><object name=LVJEVyjJSHtOiTYGnSIwXrynvekOfpTZKSkMC /><object name=WKvewDnPkyLGcxzKfL /><object name=OlGoajePgwGkCTzQociTxhWzNxKj /></objects></root>