<root><var name='id' value='5eb74533-335b-11eb-bbdf-4cedfb6bed2f' /><var name='level' value='83' /><objects><object name=UZgshEPUXzGLHRrjHXBQhkCxiCVuQutYq /><object name=ORilkmfAVEciTPPfZOKfGOXHUZQDvZJga /><object name=DGCAHwsyCXPrIpwPyluGGiBfrKmLLPwmbWwL /><object name=bRxoyksCPyhoTDCMHxemFATn /><object name=cSmbYNONKHzurcHLR /><object name=UWWNWYcpqiPqffqLYKSXbdpYrFQFRioJ /><object name=glXxPoGgjuNezkhmHWWSvHoxQMTvhmbqu /><object name=WIiMgGXcMKWUsRHHjpOyxnmvxOkiKgt /><object name=ZbPrgpZRARiPSpzl /></objects></root>