<root><var name='id' value='5eb855e5-335b-11eb-9931-4cedfb6bed2f' /><var name='level' value='64' /><objects><object name=TaTXdPWzpdXpVlwrwhGfSSsfLNTgkfPTOZ /><object name=jBNPtHvaRURFJMciOgkROzeP /><object name=JvrqbisVGafNASWCBRZmJwKroddByquyBaa /><object name=zFYMfVJWoFIAqsNMEp /><object name=HRBGVvXWGatIqJRUmYdgkXe /><object name=pixmRxHxaPMnjdWSWjwRNle /><object name=IinbtshxPEUxMshc /><object name=VxmccahcjRllHehlOMkHGaZhLz /><object name=BdywSMNdJqkatPxmOxlABc /><object name=yCvjFpwjqetYQwEknZjYkXLFvAZn /></objects></root>