<root><var name='id' value='5eb9669c-335b-11eb-a801-4cedfb6bed2f' /><var name='level' value='55' /><objects><object name=MRpKbtHVhjGIefbopK /><object name=npasNDHuQcuTWNqEYA /><object name=uVQHxAssWYRlpEQYqwgngmDMOjimGBkoCMJbsnd /><object name=ZljlynZRBiGYcJODqqnIpBgWoFoSHxFULrn /><object name=oaFahpDMIq /><object name=ywUKgDGZHvsRFRNGePtRdMvX /><object name=FxJQcrKEkphtY /><object name=PBdkbmSwXCmZhqbnYOAFTZnLq /><object name=gCegFQLcLaggAoIIyAcQNBCnAxJtsUdsvJsa /><object name=upXoerFlxtemPxI /></objects></root>