<root><var name='id' value='5ebb610f-335b-11eb-94a8-4cedfb6bed2f' /><var name='level' value='71' /><objects><object name=SmdJVKfTFkxfguxkXiUZueJTsPVZDBLwWotCZcW /><object name=fjjJWOklkUHieaVkm /><object name=VhuAWAXmOJYjsJufugAkMjELJtqqXH /><object name=SpxWXvUUwRPVuiucmvnaVLPedVfvRB /><object name=vZqFsrNXoFJIUPywQnZovhrPKXtdyYcEKnHeoeo /><object name=IakErlwMzSmaItPSfW /><object name=pjAXZgsJFOyIWhUElmJscQuVAHHEPRhZwWZUg /><object name=AAuQWkSuCSqQQAojHfwoPBSURaJvwHoIpdp /><object name=JHoCTqhPjlmBIZHDWknIHNTEDpyDGTl /></objects></root>