<root><var name='id' value='5ebe4548-335b-11eb-9e7c-4cedfb6bed2f' /><var name='level' value='36' /><objects><object name=lVglDYpswWYAPNGQtcuxRsaRbkPGCUrdgAfhPYPW /><object name=fccEBAJMOPBkTpxtJX /><object name=zfScfPnpedVLERAUqkXtelRNx /><object name=NaeBxpZXLglIM /><object name=WWYxFMKdvNeJmiLSsAMxYbWzoqrADltxbyHyq /><object name=PPNigOlYJHquerHBUnbIGSjCvUtNPzvKuYCGW /><object name=JohzkBHJijiDJtxiw /><object name=xywUIqLQnLkpOXuDGJoMOIxwHg /><object name=KNzZJBfByHMmOTltWGlaeEFZiMFbP /></objects></root>