<root><var name='id' value='5ebeba28-335b-11eb-be6e-4cedfb6bed2f' /><var name='level' value='91' /><objects><object name=txFRGvaXlrdPdEAfbuiUiDkC /><object name=NzaldwfQvybSpqQupfpG /><object name=rnIuimtHnOhQQibhmXssn /><object name=ieXDesOCznXRFGzonDTsJiAYKnrsNkZi /><object name=RpPtmSYQvlKzC /><object name=UHwsDHcaIzNKDNQecQSzWcB /><object name=XMceAaXzGbWyWdoGVbc /><object name=iOoTRTuAiCZnGQyBimPbSQWVOKj /><object name=xZQFwdBjqTfhhWjATMqBeWesPmZhgwiBFhyja /><object name=kmrFAVmHVfClGrnmvBoLYGj /></objects></root>