<root><var name='id' value='5ebf55fd-335b-11eb-be29-4cedfb6bed2f' /><var name='level' value='77' /><objects><object name=hmxhPvDreKVfNAKkHaGSSaCKcwgFykFLj /><object name=xSJzqPTrXwDrWaqmegkdZLOEHuk /><object name=YzskvihZmvFMD /><object name=WezBWjvhqJaSKWCCqNNoOKeaCeGnXoPArzPeRTY /><object name=hSqBICvnZzfyAsVVkbDrxqrhqGkxQCwuGERiJR /><object name=qNktYkDaZmLNaxOkTEofiStjmVfqyARXqiBTsEEC /><object name=rlEMzorrwzkDCGNaSUkPLaNXeJqpzeBLMbiuwpY /><object name=qIFGFByfOUHUwhKrlKVCTpHQbbxcFimH /></objects></root>