<root><var name='id' value='5ebff1d2-335b-11eb-8f5f-4cedfb6bed2f' /><var name='level' value='68' /><objects><object name=TWAbiYciiJSvBC /><object name=jObqFJGSdwKmZBmoroiuXypKFjDSvHWQPx /><object name=IoLzIMHRfxvYOVYbHWftiKvCFLsDorpeSCCH /><object name=DZgtReKahXMaKLSweFCtMPLcBRAldZ /><object name=ZfhRIQEIQSYerMql /><object name=kWtEyoumLPIWJzkEjFANXOWRmOfFtYhkax /><object name=MqwdfqcQagrOwyeXDKxLVc /><object name=SvsElDIJnmrMPdSJLFMjuAc /><object name=MhhldQHrbNd /><object name=iITvTsIeDntJytgNOcbLbNnvsHmE /></objects></root>