<root><var name='id' value='5ebf0813-335b-11eb-bcd1-4cedfb6bed2f' /><var name='level' value='75' /><objects><object name=BHJDoTNVTTVS /><object name=nIakzPDgfCsHYiGurKZO /><object name=VCJTindmKIqEyGiIJZqobN /><object name=qWntbhmkhm /><object name=SKDDFWZMBkBulqzaDkQYFAvhWMDCbs /><object name=njwjqNxmGKTNpOO /><object name=aPXjqJSKGpBdrOwKEMfoQimwtDzlgDXGonZkGj /><object name=KOzORKWBQaNvzNnQTDTaajkpvacCtJHWvDpuCiH /><object name=uYYlCzYpowDDKcluzgKsHImhDwezvPR /><object name=iznDerMCcbkjBHHmrgIeIoANISPL /></objects></root>