<root><var name='id' value='5ec03fbe-335b-11eb-bbe0-4cedfb6bed2f' /><var name='level' value='17' /><objects><object name=scEuqgIVpIPaGsRUUpXSrznYUoNcxMPTaydlvo /><object name=lhlTPzFvdIMYXSFSRboRN /><object name=ueKyyXYhDlMFiItfQRlfCrIVoDNWAeuojSYf /><object name=tgWFCORkOGVmvmWEMCgpMZdqdxPGPDjfdOlf /><object name=WwYntklnlfAyqnjNKQKHdudjDyZrvV /><object name=adSMTKcJXLXhsbVDTHBcgiFMQmfqbTgZoaujsF /><object name=BsBJVLwAiyzV /><object name=KzyMHZQwPnIxcnSpGRESEk /><object name=IOGGljhrcXYAMZiRQlKPFiieczYAeOnaM /></objects></root>