<root><var name='id' value='5e7e3cb8-335b-11eb-893a-4cedfb6bed2f' /><var name='level' value='44' /><objects><object name=cKSYDXuTaseVTBTMdPlTv /><object name=qDSSujnWxIrivqiFu /><object name=LIcYzotwRkkQXHOIhaaCNmzRmbFcGBtAovm /><object name=QGUZpWqlrWSxnCHhAeHrCaPULmXUWAc /><object name=OpkzPfamIETDnRxlLVzjRHBCUovNJUCuntV /><object name=cpLKdZvCyXYhcPVRtbcD /><object name=hUcgOWweuFqPsh /><object name=LbYEgZaIakjbrmIMVONJlGiAnryYTFDcxcrjFwLD /><object name=fbLGVfgphIJMBOLSW /><object name=NjdKmZOjbHRFaviERAXaAd /></objects></root>