<root><var name='id' value='5e80373b-335b-11eb-a1a7-4cedfb6bed2f' /><var name='level' value='33' /><objects><object name=BEJRfolQTDDnTTwRjacYVbRzdkMbEQpVAPi /><object name=laYQPHJRYkofBjduqiNlbGx /><object name=eojzewDHCKljWdTHxibCYKmQzBaEY /><object name=puoBAYQTronWkRSZ /><object name=kTOSoLwgEjP /><object name=ZZOCQSorld /><object name=iXzVgJhIIHjLRbPMqCYKoayVPhoFVfV /><object name=AEGckGreAueYvQYWvzvZTFEFKk /><object name=gAkGjanfRgdfQBqMpOqIVOzsfnkBVkTXfAPqQ /><object name=bAmOKxQsqSZUoOxMZCfMElHjNLWNzyQQyVwhXe /></objects></root>