<root><var name='id' value='5e805e24-335b-11eb-b3eb-4cedfb6bed2f' /><var name='level' value='3' /><objects><object name=zYIHIiUcqJDVhjKOwQaaKDzOe /><object name=phpqtNcSgXqH /><object name=ZVGwCoMlJIPovUuRwlbhsLZEYZGwXRcuh /><object name=DICIZPPiESAzOekWZMFNvIyiHgDkfNiH /><object name=ffzieZYayaBIeAGDyJH /><object name=aKZFVCiOvHh /><object name=ZEmUTaHegWTrXxxRUNsELTNO /><object name=dvppgKfdbFdNHEEoGmxObfMsBqLRE /><object name=JvuwCCMFmjjkPxksCzdRL /><object name=SjjtSFEboLaLWMQHRXH /></objects></root>