<root><var name='id' value='5e820aaf-335b-11eb-a6a0-4cedfb6bed2f' /><var name='level' value='1' /><objects><object name=ZkWfRRehEumHACvDmtLixLScdNNRtUBwWUCkY /><object name=kwerjYZsZkXaSBDbttJSaluJSAeZBg /><object name=dLmWNWksoAsTkfnzXTZyGOiMLSa /><object name=DTVVEDkdxYgQpgNawjdaYvLdPclvH /><object name=reHtixCUwzAbrdKsjzthtCUrlBOteGOHTKMfbIsj /><object name=ixXLVTLlIhYLQLLLU /><object name=AfhktSKSRqvLsMik /><object name=jnHDoWonCHNJHpgJ /><object name=sDBCIMAsZcRqDAJnSXupWfUu /></objects></root>