<root><var name='id' value='5e83de55-335b-11eb-9c8b-4cedfb6bed2f' /><var name='level' value='74' /><objects><object name=WBNMZzFtgGHMzDTYVXwCtYiUKSqZlhkAmQDtHI /><object name=hcROvtzqofWDz /><object name=xSnQyrBrKsXWrfbNwZQFaWeSeBl /><object name=obifKURJytGzkkgViLgWSRYn /><object name=wMMNOsLmarpNznPhiHdVjlTnwFaFJkejomAbyCud /><object name=gafLtgdkJHcSWuGsBjgJzFblmWzPlnPsSna /><object name=ofPZfiNiQEMkrRpJpWWw /><object name=DhSfveVOQMjKMzpmOO /><object name=XiIXBWMZSFMEXfJmEfcNlxbiafNUKjOjnsF /><object name=SBsasENnsMIWbgmGpjQIlSrKSkfFH /></objects></root>