<root><var name='id' value='5e83b739-335b-11eb-b8dd-4cedfb6bed2f' /><var name='level' value='39' /><objects><object name=oZefKLitmHxdZGJjdJgHozxUFyBueFr /><object name=FrXgAzhhtpW /><object name=MFqppEmwrEmtmbAOidDUKVQDJDaybiQI /><object name=tgmpqgoQpIYuIQhenHzlMUtHBmFVgEXAskma /><object name=SNCWvcdhKiihiyJRThcJJefKKmdAbK /><object name=zVXxhMNEQqDHdxJRAxqtZWsRyjStskHFyl /><object name=vUnTZGLrMWzKShYgf /><object name=iivlZIczqkCnaxNXQsRtNXYSJeASAyiTxRvA /><object name=TkepBhxIBfzzFOGAzJoV /></objects></root>