<root><var name='id' value='5e84c7e2-335b-11eb-9f82-4cedfb6bed2f' /><var name='level' value='34' /><objects><object name=wyhBcOFwaBsGBDlWQMEqisFnJYwqZZKkf /><object name=CNqytuCTUAKjoacykRUiEQjDajeQ /><object name=KRedwmkPAmfovtnORZasxE /><object name=PIiBBoKfuJYjoChiHVuPGikRocAXGELBpUZwMUo /><object name=qcirMAmyShPMHkkBpzD /><object name=CsduTeheLliNaTMJ /><object name=gGoIMTnlycEoCHnlPDtRMvGopYXtnXEFJS /><object name=SiDskQmCHNdPTiApBLoZoOUQIg /><object name=bnUHtxpzqmyrV /><object name=rRzTjwsUYbYuISQ /></objects></root>