<root><var name='id' value='5daac9fb-335b-11eb-b7d4-4cedfb6bed2f' /><var name='level' value='71' /><objects><object name=QSspIZbCCJeDIZyHK /><object name=uWXMIKCcQR /><object name=hfbkdPHdNZqGXPYwagHMPUZCLfbAZqnzEUecvhGp /><object name=ISmWJkswopcpcvWRpfLhn /><object name=JAPkpAVQBaNYzPUxkoo /><object name=XlCRGUQSbRuGtkrOivrbkWIxCaa /><object name=deNIOJhVfwtvpVGqA /><object name=HfOHNientcdNNAtABSSEqr /><object name=DthxkbZUMjHcBacYJXPCGRhKCHZ /><object name=rJLMQBhBYEajrZcmf /></objects></root>