<root><var name='id' value='5dab8de0-335b-11eb-b672-4cedfb6bed2f' /><var name='level' value='85' /><objects><object name=UhusHduEEsjTjIgCEvgpZqkEMUWoMkCDWIeOpPYX /><object name=AjKABfbMkJyMUjQcreBT /><object name=DTDHwRIMwuflLFory /><object name=sszqFkABpIQRtIJVLeQRlawOOifzlunNNHx /><object name=HdHUPOGIwcgEOhEDlVdgKeqvOa /><object name=dUespdIdLidAkNMjoNRXpCEFssQLHXCzfBkaGPGz /><object name=DcMovxcpBTTXQuTCEpkexMIpA /><object name=CgpOEAHIHHgbuDrHvwSAOS /><object name=JteOdqsxeYsUFeXrcRTuOFNk /><object name=CsSJkWwnBFxfJbGzuMSaPf /></objects></root>