<root><var name='id' value='5dabb4da-335b-11eb-8c53-4cedfb6bed2f' /><var name='level' value='85' /><objects><object name=xtJkFSXsiQXNggRFooEafOpoUnGKAXDTqwlIO /><object name=VqtacgVFqIIRuzTSbpi /><object name=UodeawFNEiLUeFgNVvoKbfhrxLPeTccxkG /><object name=psKgEgPqylaRuAHSMvkUYilENTHlimkPrE /><object name=HQQpQJwwZQEUmRvkxPylNLK /><object name=KgRFwMkOxoPfAbHhRwpON /><object name=OJnxEWeqEldQqcqPEDIg /><object name=nNBxBXxtRzrwEMopEykmXiYvG /><object name=IoKZfKDggkwlOSOeIvWrpQXvCiOWTPGrvf /><object name=pYIVmSYEgrHjbuVyMTWSZBIzPWvMBTFSG /></objects></root>