<root><var name='id' value='5dad603f-335b-11eb-9b27-4cedfb6bed2f' /><var name='level' value='83' /><objects><object name=DhArLFEqvXKKVApQAvqBAdHQ /><object name=yLmOmMghlBzmOpGhvsMYASH /><object name=axGljosfkoyojvtrExsM /><object name=rNafsVaquqhUVVqCMIpRSFNwPHDbMMtOceZwxR /><object name=uTcRDJBwsazUbLCieeZqBIsesEwKEGAMSYoAtDD /><object name=BAYOxHNekyVNPYKcuzLWWuUgMChFr /><object name=tdddgLoiXBBcatDlMPJOlOjWY /><object name=bIYdtdRuKAONEyNfmNGtiOlWjoCaoZBLtZTN /><object name=sDhgWkSqNZHzCWBDDHCeWWnnIejJSaeSwzmQ /></objects></root>