<root><var name='id' value='5dad8853-335b-11eb-8168-4cedfb6bed2f' /><var name='level' value='51' /><objects><object name=wfZwudZsXrgceGuFhdtIz /><object name=zNiSeCsPikhBUoPZSuCCBUgXxRf /><object name=bpLTjwzUepfaqfWRw /><object name=tsdCPlKiRsfLQchZLulahR /><object name=oOvNkJWVsbJAnAaUsKOUkFzFRsMLabzj /><object name=MjdWbZVDdHIDsFMqYFAifDdUojMcYfv /><object name=cVnLjEYgPqnEfGFkgRYEtgJIbFqCSXYsLkSaUN /><object name=ShiciCWkzMPVypKnaNNOxqUvKBqLOY /><object name=mWlswlQeosgIUxxTqUWYFJFbPAWgAagtTHt /><object name=wacUQqRqjiwu /></objects></root>