<root><var name='id' value='5daee6f6-335b-11eb-ae93-4cedfb6bed2f' /><var name='level' value='36' /><objects><object name=QwXrCroQqMqDLYUXZVcTPEGKrAlVIvJEOtkf /><object name=yTTDGruNFxdMmGbLlKTZxTZITPnNkl /><object name=qzcssoGZKjcapPGSAFvkiUb /><object name=YaRapYuQyCbWVtGhLpfzHwZTgxAIZOVoXI /><object name=WvaKmrQCbgoEZTcssEDlCbWmTLfYnBfxlNOPxu /><object name=IWFwziUXlrmjEcC /><object name=uCMxCxiNHTiPyaoeeiBTnHGdddfsuCOeJNIhK /><object name=DXjaLWYaKsJVmOoRordWysBFOTBrIjNjbkirbge /><object name=QpIZyFmPZAnmFmWZeZFVTUeI /><object name=pKGNsuGuLLiVfh /></objects></root>