<root><var name='id' value='5dae242d-335b-11eb-9cef-4cedfb6bed2f' /><var name='level' value='53' /><objects><object name=AAwPOkBdcmmUXDFLpZYnSMdUxUBBaqVSuKVVkCYd /><object name=hOCVubRjdTpybnZIIREkNS /><object name=WHfiffIaXSfPAFljQpnRnUOXkxnLywshdxMAtLre /><object name=jJjMqnSiZLYwPUJaNBKoNrkVn /><object name=cyPMavLsyFFwHrtSIpVHdDGWNW /><object name=iPuZTYJXaVhHSXEDxnwHFDYiOZyv /><object name=yLZFdAKknxZZyWHPZy /><object name=zVOOTkkemybdfiOgNxYjWswikOWcWGPfl /><object name=dGstBehtozeMqSrCipZYN /><object name=BpVYVIQejRKsTXlujDVUjBKaLyC /></objects></root>