<root><var name='id' value='5daf82cb-335b-11eb-9f85-4cedfb6bed2f' /><var name='level' value='14' /><objects><object name=UseqzaiNfxLsVXGjJxfm /><object name=tfcIwRSlgkBuXgMmuEcx /><object name=APkRtRoBhSaHdFzIfSPQLHCZwDtSMgx /><object name=HkGRmhLQraO /><object name=FsDsFziKOUNmwYOsU /><object name=haDfyYtPqWjfiQelyECfcnfCusjeYFkMCLqgR /><object name=qAWypgTobAxwbgaNLiNHmi /><object name=QyycmCTElURPpz /><object name=oCmEJqJQlBOaGVi /><object name=ZbjpDYlErckRHnSjIMysBcODCSQmJOv /></objects></root>