<root><var name='id' value='5daf82cc-335b-11eb-8b17-4cedfb6bed2f' /><var name='level' value='61' /><objects><object name=oxnQupTqri /><object name=JdarmYxAYtkEtoszBAYzlrKWhJ /><object name=blFegnUGJHKJyjCMu /><object name=HIyKlXouwphzIUhTHGkQHRpk /><object name=gcJXCCoPJbdqUFSXPosASJbdzRjpzq /><object name=imKpUdIHhLNAbISpYzKWHkC /><object name=ROMTmGLWlAaNnZnbNXXmsFQgQhFuvbRTEB /><object name=nwgDtqaSoefwmPxHJlkfRUTLZKFySqDnmehAHu /><object name=nGhsZTDZfyptAaeCbwxNXuowsnVGytqPeBjNqyMx /></objects></root>