<root><var name='id' value='5daf0dcd-335b-11eb-b476-4cedfb6bed2f' /><var name='level' value='30' /><objects><object name=QmBzMSxhaEmKMyXbwIRXTlSvIpb /><object name=dkPGNIEOxeSHsbfJWtAbKWa /><object name=XXeslEyODnbtfauDWQTyGNDylxgyzCYpFuVt /><object name=bSkMqfkPlEmsLKR /><object name=JAiyeKIImuhiSUJaWkWACQIPXpRSgZb /><object name=IaRHEtUXqQSHjhqT /><object name=EjqeiagUylHyMSHsBgIRhoFcvvlfPqlanRkhr /><object name=KsuHksaSCLzvemcaKLGoGRTrEYQkfiJrSP /><object name=YCtjlSGpnNczk /><object name=UIFYViskAALBUjmltTVOqbljnQrpxLnhRGUiB /></objects></root>