<root><var name='id' value='5db0e167-335b-11eb-9378-4cedfb6bed2f' /><var name='level' value='88' /><objects><object name=cKbojkUHfAVzmMjcqBn /><object name=HjhYYnhEIOIClZuFYEdkibHvjqVizzZDNbXxiLSt /><object name=TmuROHAkNtIvx /><object name=mVMuhYdNQpMGEHj /><object name=YFWsqealNNPMvKiTpkcQDMyYmUesjAKZ /><object name=OrQsGUxgwCmZanPU /><object name=uLTqwzjtHbcPBGsxX /><object name=RRzuuoPFhkUGQHsRPqQJatrNoWeLHrrPaIkMTwPX /><object name=fPhRGgwlJTcROeOSJijkFmxqr /><object name=yxvWONkfRnKfQlseJUcUryXctpVXaLKfuzysCN /></objects></root>