<root><var name='id' value='5db1f245-335b-11eb-9bac-4cedfb6bed2f' /><var name='level' value='64' /><objects><object name=cznboYxffG /><object name=YYIjpadlUqluBWOGeWVphnLN /><object name=IYXFInEcKZUzvJbgCdKVhZbZUf /><object name=XDgVSRMHppblixTPBeHenGhuoIhigs /><object name=OthYPvHHtkCTBgEamFQHaO /><object name=zxEwLpWJhxwlUG /><object name=hQKIKSFgfUShrwprdevoBUAsQxMsyr /><object name=uPwQcZYiXObVkAWBPsYzVpFiYdk /><object name=CPVJdhKehrUGkJKvHmuTGcLtyCEmaAExR /><object name=pWHJcwxKYdC /></objects></root>