<root><var name='id' value='5db1a43b-335b-11eb-9bf7-4cedfb6bed2f' /><var name='level' value='22' /><objects><object name=GRJRSXKzcqPK /><object name=IqZpkVBaxHILaePeWjxt /><object name=HgdiIJPFZHfVhZgGW /><object name=QeaEeeNFumAGGncanAbKkVvmTBUTPpAj /><object name=VsmBkrmgKihIn /><object name=ktpgbydxzRliQvEajQVkwrpMOtJyrmA /><object name=bxSvpYcfTKsPuAuZzYQqwyoBaqFoMMvf /><object name=QgPpMOdosXMFKwtBdDXKP /><object name=xcHUFPHlTkPyqwaVOfnfLESOILcjJpvfHt /><object name=KJuSecmZVUSnlRSIdO /></objects></root>