<root><var name='id' value='5f61e610-335b-11eb-ba68-4cedfb6bed2f' /><var name='level' value='59' /><objects><object name=LMxwpzNgyjTcUWlPEBjVhVLzbv /><object name=eEkGAVgsgjdmHQIWbOAWVHqaBLhcooDxRdKZT /><object name=xxxGNcDHwlVYqJTySPjkLWtqjtRtarfZ /><object name=mpeIPzVxQGVCgaKuUrvPkGnKVqJjILkMzJ /><object name=DVpGWIEKBcHMr /><object name=PCnrjznMZVQnQTBXROttnUdmU /><object name=gSRtfLYJbaYOpvfnRjrMzaTAZm /><object name=xfVNrXQInhTfVBxyfLozkTvoQrtTIlGes /><object name=bWtiJIStxHEAaZhdPLvvPSrK /><object name=cAFgnDSRZvlsTSsUoRErCOoWWN /></objects></root>