<root><var name='id' value='5f6344b6-335b-11eb-9ed0-4cedfb6bed2f' /><var name='level' value='48' /><objects><object name=MqCqHukdrKiFiZxhfTzzjU /><object name=mTKOLulhuGCUWlgHaAHqWFmXMgrCA /><object name=jMOFEKUKvwtyGPXOiAuIZUphq /><object name=ZUGcpJhEJiejbx /><object name=lRxwJSLMUMYpLDxIxHhFYKVG /><object name=gRhtgshpEjKyTGamB /><object name=wmuRBWmGLDZ /><object name=uLbTyLeizJdZZSZrpGmdZZFlwkFBKfRdeTaIszVD /><object name=eDoHAkMtKurIlIBPetbnutVOCHRbBQ /><object name=jZNUucIZoqzSTIRfzHkyZkVtgyGCFfyJALugqvtd /></objects></root>