<root><var name='id' value='5f64f136-335b-11eb-89f1-4cedfb6bed2f' /><var name='level' value='70' /><objects><object name=vbPgOGWcJlbgaUFB /><object name=fSkVPKbKUythhTRWsPcrrvrWFENYAf /><object name=xQstfFrQjdkNzQESByXCF /><object name=JPNLCQhzDkqAHwWPUkBYX /><object name=FxvqUXaWeeQqHGjszIOOFUmXa /><object name=cEzfYEOUyHRXpCPIPn /><object name=NfFucHdHFyVSumQxGBKueIqjLmx /><object name=rTqQnekevEoCvaHTJmbSaJQGnw /><object name=zUmBQWxjkpXEjypibvKcKgPGp /><object name=mdmlpZupmoSDGCh /></objects></root>