<root><var name='id' value='5f65daef-335b-11eb-afb6-4cedfb6bed2f' /><var name='level' value='11' /><objects><object name=DfacKnabKchDRtXHTMDBtqYstgkRbvQCK /><object name=YQXdLtUzOOITwWVDNVNRtMrluXPPnaMtpP /><object name=cPdMKwNcBfpwmplHMgJBuTzeorCu /><object name=oWXOAZAqccydEWPdMpT /><object name=wzbfcfTEWSAxWCFJDZgheOTYmLBTEKDaOKZntw /><object name=MteyojQbzegwPAjVATPrdYwqayDymsFzU /><object name=zFjghgAPoKWHvSjQvyOqPvXqQvGRCKqqh /><object name=EekKlvYIRUVlQSHEAZsOYrUUTviOIx /></objects></root>