<root><var name='id' value='5f66c6dd-335b-11eb-8799-4cedfb6bed2f' /><var name='level' value='80' /><objects><object name=YWBWcWQfhqWYXWsCgTfAF /><object name=ZPkxShgmeqaxCowyaPThNBFbAUVGjjYUtZcD /><object name=GrSWKycyohSOlJJiQaljuwJvBc /><object name=PAmOwKQnGTHgDoZAJ /><object name=mPCIuAzbJrqeyHDCVJrzMpGSmQIhYdI /><object name=cgPsHqsGRxSSUjOYXeDR /><object name=AHWbrsJXWtRxNKUUVHPzKqNKlTGfBlZ /><object name=GPHCMJxHsCmacRjMqlXCaIWuZLGJPyNdzJUE /><object name=KGjQXAIGEMBUZ /><object name=ExFvTGIuJiChWeZBYrvuvSOEK /></objects></root>