<root><var name='id' value='5f67fe89-335b-11eb-91e9-4cedfb6bed2f' /><var name='level' value='62' /><objects><object name=gIKhwiSxaeFVQagjyiltc /><object name=gymZhehMBeRihnTsaKyrAQNXrLZKWdbvoy /><object name=gFaRIDUlTTADNnpjCjZcWXSP /><object name=WgbxzHenRPYL /><object name=GWznWfGJRvXxmezkzJBMRbioPEWhePdL /><object name=cMpmbXfDgBKcHiKPbPzTwAvwBhwHIHlGxwNbNBg /><object name=KeUiIYgElLiQZNEavvMaCDx /><object name=ZsUgsDZMLidmeICiSUdBhLZd /><object name=tKtWGUUhPTsnoGKCeMQnTDNpaAFhBaEvMbLXhlDn /><object name=kxhKHZusPvgRCpPnOhRGcPW /></objects></root>