<root><var name='id' value='5f682577-335b-11eb-b36f-4cedfb6bed2f' /><var name='level' value='23' /><objects><object name=goSeUWGmsnVCiRWe /><object name=OvIDZzSObOWZnLOWmdpaNPMLaqeWuutTRrAR /><object name=vtDUSiwEaonegcAhVgTDMJFBydqtPVegqF /><object name=fvTUuqaPLNZSazrbUhTV /><object name=HzdaucZCqKpq /><object name=nBiQIoEJXEAGpvYCuKmLYmHsgqQboQucrbeTo /><object name=GwqcWlypLbd /><object name=XNmiXwHzTeZgTSAjocPykMdESNOu /><object name=qDftBcLUZTiRspnhBrZbePMRHSCGwpZaLIDfLk /><object name=TPkQfkukRJzvawlyhjflDDMhl /></objects></root>