<root><var name='id' value='5f69d1ff-335b-11eb-93c8-4cedfb6bed2f' /><var name='level' value='45' /><objects><object name=mUlNidjRmGjJXScONyIvGXYSTNZxscOXmRwOG /><object name=eQtoRVsRMpbKZzHwRhAWQAAfBzETp /><object name=XzMgxcCYaQJdOLgNBTHaVdVR /><object name=hYptBgCnoBfapWticnsFObDiHnUpagBcD /><object name=csgCGDSiHNxQEWkuShEEjFCQGgvRsNb /><object name=MKWVYgsMXkqNYKWRrvp /><object name=LRJsbVqVNJEfOeubYokqpCUY /><object name=WOBHWJgaMtC /><object name=HmQhWiRSoHYsERporhkIoyiwznIHfh /><object name=NmlncjfWyvolSUOrAiYIbsJ /></objects></root>