<root><var name='id' value='5f6a1fec-335b-11eb-a572-4cedfb6bed2f' /><var name='level' value='37' /><objects><object name=VyJYOLwWJUJLXKqZxaCZKbZVoWHQbP /><object name=eJmkCkzPxeIxUNaAbZvUsZEjezrrtL /><object name=haNkqAaaGUfFdoqYMWEzEisDTDNaNgRV /><object name=LiRbLfNeOTqYPhAIcvhwvcq /><object name=TuXYccDJObZZibzPpHJMViCqPRQUDxHxNiCt /><object name=btOzBLeqJmIaruZkxujsLwocJTCMJ /><object name=HJphZkloHirMvjGxUUgendYRmsPfgDXe /><object name=EAbGggIQUpiXrpSCApUHQ /><object name=lBVXKFNoODqDwvVsMM /><object name=KvBgEohJoPTyf /></objects></root>