<root><var name='id' value='5ecaefc4-335b-11eb-9e62-4cedfb6bed2f' /><var name='level' value='53' /><objects><object name=iVbYAuZoLzmrTLxZpBhFaEIFxbusBPKsadAFaR /><object name=EUOJhegqAArWiLkJpuvjUFIuktbt /><object name=SmZcOqsPiKsQ /><object name=xvVKLAmxuY /><object name=TJtpunImUJqVbqlALPQufKh /><object name=XERYwAVByTklxrYSmzFPPiIvFReZ /><object name=wXSxanNsADAuISdzgGBmCQOINt /><object name=eEzwNMukOTmtTemBUicqFjmpPy /><object name=RqfEqCCQldbMamhktdDkQxUPfIcLDBgxdLloyOp /><object name=bSXYQuisIgLrYaNTTAchOFLVIFxIpoUyKCsA /></objects></root>