<root><var name='id' value='5ecbd983-335b-11eb-b714-4cedfb6bed2f' /><var name='level' value='83' /><objects><object name=GOCufXgqbHDxLPCCZftMtOAQoiJXqNBCxyWFIi /><object name=GRPQTfyGuDaILDVkEQaMySXzuBnz /><object name=hauVEqSvfHnfwGqXduoGUUmKMuyaKRbuzdDgfPI /><object name=DpJUlsZGiXhDqtBVVzaeMotMjCiwdVJBi /><object name=dMcPKmJzFqyCleALgWngcOcUW /><object name=FzsWNxrahUwefvRkWsPsMinHAocLhcDdoDjhhBo /><object name=yVxfHzNYDZRcYHZtQtaUmDOGumFBKmDF /><object name=OWarrXwshAVhlWTLMmSvV /><object name=IQSnddqerTaTMpAGaaD /><object name=lALAhPCKzzuFBNygaxWiYftSjykGR /></objects></root>