<root><var name='id' value='5ecb8b9c-335b-11eb-8451-4cedfb6bed2f' /><var name='level' value='8' /><objects><object name=kgqqfMblpJvzRBgMRNfhnzqecWdjJblgey /><object name=aHZVXUkSRmBguapknrwXyQRmWAMaAR /><object name=XwAVKxosfaAAvsuDqJwHXvRTGMzEfbfjMZ /><object name=yfBiNTkPAXOZdJTvXlvfH /><object name=SVTBKXsRrCSBqmysaGumtoSpuQvBfJkULCaLtJT /><object name=ikDqkNnLmSWfgQwBQVaaoGOQ /><object name=RhqXxIydGcOKKCwDAECFugteVbRFeZk /><object name=wtnjGesVXlhs /><object name=XERWOXacogqSuFpHWtpT /></objects></root>