<root><var name='id' value='5ecb3dad-335b-11eb-af67-4cedfb6bed2f' /><var name='level' value='24' /><objects><object name=xkbOYKDLVUihqHssizAMqTDdkRZPBk /><object name=SPXWaGNTbCNYjiesdqxgNUqCBuEbwtMN /><object name=NBOeMwOmAryOiRmkEgoMtDwC /><object name=PjNHVxPLyfzCKiv /><object name=xxAFUSWIjSfRADzlcSeAZDIkYhYCxuSo /><object name=eXwTFOQyTvpezjIPeYTwYUKVilXuAv /><object name=utetmeLsxUaGNWxuIfSRAXNVAyln /><object name=VwEvorELkPEC /><object name=jPHmPHbaqEdDHOOlBtBWiVHfG /><object name=ZlozKvSxCivyDEKQjpTfnvkpO /></objects></root>