<root><var name='id' value='5ecc4e65-335b-11eb-bf91-4cedfb6bed2f' /><var name='level' value='45' /><objects><object name=HhwqgOFlZMfKVjJPXAVeKMmdWMBy /><object name=HMXzeTqHTOhACAvvtRDVD /><object name=GoxhWpkslRsHJEzzQuvMspBkTOuwCzQGXpf /><object name=QbdqRtxyEdZ /><object name=zZnHxtGkxlCDszckpoDGGyPpw /><object name=DZKhUKhdmXaDpFGp /><object name=HIFPijIONuGjujSxapvRBJrzniOsTYDuW /><object name=cySeejUNnkrnMgAmPLhUrqnNNPNwwniAAjxHz /><object name=FtDYeNRsbOqTUZZMOKHneFV /><object name=MtBRYQJTtScubdGynfqVdZgAnTRTjLcdsBrplxms /></objects></root>