<root><var name='id' value='5ecd3824-335b-11eb-9ef5-4cedfb6bed2f' /><var name='level' value='32' /><objects><object name=nBcZeZyvnCndr /><object name=PKTzySDztufS /><object name=JrfalKWUUJpeapavRiBrTmrswNmBiWPfugGyRx /><object name=VDVPEPKTPMHWKo /><object name=nsIOLFwJHrZNyUlSgwUpltZJ /><object name=XrWybCUJPcTsoqKmpqAKNKTmteHtwLTVJH /><object name=HXXEniGGkveHRRgM /><object name=klvaAjTvtbHEGvUaWdjIbLqMytcnbPohlhpYkQ /><object name=OuLQiuxlEmBZnaDTDQEmmOjoOEacnYv /><object name=EiOuwHEsSbcRjZtSCJZEMdfUTUwvAlDP /></objects></root>