<root><var name='id' value='5ecd5f18-335b-11eb-a702-4cedfb6bed2f' /><var name='level' value='4' /><objects><object name=mskIfZfGmlgsGhdgMhpkok /><object name=LeTWZpAeynhoytMQTmihQCksjVSk /><object name=KlKOUtLAJgkTZDzflkqRyiwNUVrPAORCllNJguVb /><object name=ddivotcNWEsuOOdyseRNiKBoZ /><object name=uFSKLTsYDIgTpDTOTvGPDAZJxcLErcBlZvw /><object name=MJtPlFCHlMN /><object name=rIlLUvqTlBFkRmGIJRGYTLnCo /><object name=gzLZGaUxZjnjPCLiiPEAHzjwjVvRryf /><object name=fSyVlFnlnnGHbvNkHby /></objects></root>