<root><var name='id' value='5ecd112c-335b-11eb-8fc1-4cedfb6bed2f' /><var name='level' value='93' /><objects><object name=CndMUnnzyhZusCpTTqhciHzbLbYAO /><object name=fVPsCYSoTTPfFIqZovDOB /><object name=KXWTGfqPlMBLSQdrr /><object name=ezhPbryQoqp /><object name=OmEjyJdjGfBJtftiUDAqRUaIzTpLAusLXVCYCw /><object name=EiaRJinampkNJhRrZdhdVXAofdb /><object name=CZuXNHCEsTR /><object name=PGbINySGMjgFjdfhjDC /><object name=ljIehJnOLaYiPQWOpVvqShsCtvwrAsPj /><object name=FmAYcqaFuB /></objects></root>