<root><var name='id' value='5ecf598d-335b-11eb-bdf2-4cedfb6bed2f' /><var name='level' value='91' /><objects><object name=hAhyGYWzdLWhKZeGNUCvwDKkyqsOFIRwxzja /><object name=kfNNMLankVe /><object name=NVzAkmYdeTzvjluyazRqcUbSeHnGVzjYcZDAgh /><object name=PcayTLzXHaXOsptzQjydUtclpKtFPZfi /><object name=CgkTNepGIWrmkJvsjDeBlaP /><object name=EcPvAJYIRgnNJFUXIrmnFwwJxZ /><object name=XKGuWckXKmviAnuMolNCgTRNZrSM /><object name=kgZkxEoEjkP /><object name=sfgbSDgTiFZWLDEYUBxhMnkGXtJmlqJa /></objects></root>