<root><var name='id' value='5ed09137-335b-11eb-9750-4cedfb6bed2f' /><var name='level' value='5' /><objects><object name=zMkApmfhpaNGYnAdBqZKuoXXAztJtKlu /><object name=rfTQyQlXMFjkArHZJFnPYDMZTTiRp /><object name=gqZhlbWhGaphJCWJQmLJo /><object name=azSLSljXtbtxpWAZOXxKLWughFbX /><object name=ZCvTIhRwuSdqRvXKwekvLbwbHJdDPkX /><object name=GRiomIXRahoNJxnhaZhxPpLhH /><object name=CclckmLthIJAjpdtqFPZbuPFSCO /><object name=dkHyjiEQVJodKbxJxHZoJnPgNo /><object name=vVjTLYruLlTPxpRWVAuZh /></objects></root>