<root><var name='id' value='5ed06a42-335b-11eb-91b0-4cedfb6bed2f' /><var name='level' value='85' /><objects><object name=scyTaofxUWLDHbsQf /><object name=xFVDNgCIzKZhQsJuJwAEtOOMDs /><object name=LmCUwdWghgzrxYCqjIwQBlJJiRtLxSWQcYfxX /><object name=CFTiJWFLghSBypuypYNt /><object name=IKTtKrfcgNfFnUPbYREOtzvzEZaoV /><object name=qyfpapTMIjNcUEtoNg /><object name=KCjcFnjYHLMOcFdflCmEjYeVCLlsgZuaHb /><object name=hzdrjtPqUIXRY /><object name=JWmXZxPdVjpdsWhXotvdepBaNIwgPZCrH /><object name=ephsFMOyOZipWLWPMsiGbONR /></objects></root>