<root><var name='id' value='5ed0434f-335b-11eb-b7c6-4cedfb6bed2f' /><var name='level' value='37' /><objects><object name=otZAqTCQDaTfACpBqWEaXyyCPEmzXaPkzbUdlU /><object name=TICWkrUpTSB /><object name=qtniWVVOhqfuMmXuODxAIbkQJLkNDk /><object name=dvWYPLBQDFpfLAviqbHRnsZGsNuYCyntQBeQhDY /><object name=VkkfHGYphhKVsijFn /><object name=uiIWzZinCbhiIEKmVWcYeI /><object name=IZgzORUMPipOHjwxwZBT /><object name=SVDYqmODCcFlcPsAqFSGpCmte /><object name=YNJdfLVjOMeUjRvjPbtkVmDkYAcGlhCXbYsX /><object name=ubaCKynAULVBOut /></objects></root>