<root><var name='id' value='5ed01c5a-335b-11eb-b43f-4cedfb6bed2f' /><var name='level' value='66' /><objects><object name=scCxplLPBruGQ /><object name=KVsAqVzvpytNW /><object name=xGpcninfXoDb /><object name=cgJpDeYsElXFVs /><object name=XqJLfDywnUrzfoifOBB /><object name=spdrvOlmqwBIIKAFeYJDjngRhshkQfLI /><object name=rCIdsIVUUfTkxQaurMBIHnjQDDLhRXf /><object name=oAmPerYaumGgFQBmhqKFQRKTaFCtVuPxF /><object name=mBvtiqjvSkizlawBNIUUnBk /><object name=EbgRhRLdlIpxgEchyLtEVNFfsXcVJTZIWdTYrdCc /></objects></root>