<root><var name='id' value='5ed12d0e-335b-11eb-ac75-4cedfb6bed2f' /><var name='level' value='30' /><objects><object name=YgvGLqzSSSdPYdQyKfpURjiqGCYLIKdjQxDxK /><object name=VBnENIuGgHaPguXQrh /><object name=CHcfpyDNkWXmslDSqdnYgDvPSFIwfPm /><object name=mZJABTuGPMgYVFNNCXzGjGWvmuATVnILRHpsbxL /><object name=ziEauRbtBDxKYGxBXzaxfjxvsKdcmpBAUvRQic /><object name=JbDMGkibBciRCCRI /><object name=HUCKlkSUmauaijWCUhSGSgOBjrZnFn /><object name=BxSOKrQXuz /><object name=MMubtAJkskKTByadzZxlUMgsLOWw /><object name=wKmMZqvvbJ /></objects></root>