<root><var name='id' value='5ed1c8e1-335b-11eb-a014-4cedfb6bed2f' /><var name='level' value='18' /><objects><object name=kcLgrPODYdzbCTbLBVFpSLkPGRGCqvoTuuoCl /><object name=AbWIvqHwTkcUceZWagzvNcICBofr /><object name=oiLKFNmDmSg /><object name=qnWLWYHVOilcIRBrvaQuUfRbVokEAiekmihukYe /><object name=wbEoRQtanKryoXUYEykvMlNjWPeH /><object name=gKfulftCZUyHOAQMJPkGcIxZLDDdDbWmwwb /><object name=PWnxNduecMreYJgpoUHawJv /><object name=oGxHrrkkRToDSFPiyNKoVm /><object name=NnoDHILNctfqQLsVjwImwqkWaWG /><object name=KFYJzrvbIdsvpR /></objects></root>