<root><var name='id' value='5ed216cb-335b-11eb-9c80-4cedfb6bed2f' /><var name='level' value='88' /><objects><object name=LVpfDvzaOPKSWivFVgAyejlGlFKHU /><object name=hFVrBauYamRosyUnImbDEVHPr /><object name=ZTtnZHsGaEquuEvzNaZRMVyzlIlCCTOnBVHObhTd /><object name=qPDVantEqEWfcknvnfJarSAI /><object name=kMRIDdiZNglRmSxHZODOscDLPRIYDqZs /><object name=pGMkEibAyxWLZaFyaiCEPVb /><object name=rxwexdzWlfWFdFUSvnGmUmlFClVFTJzSSyYRd /><object name=WvxPTHxcwIHuCUeUsBKOEQXFyShFBfaJIbXvoaSI /><object name=CcGEmxCVIoAxZSOSUUeOtewjRXvMkGttEb /><object name=veYgcfEbqCFzuwpdgrxouja /></objects></root>