<root><var name='id' value='5ed3ea4e-335b-11eb-8c5e-4cedfb6bed2f' /><var name='level' value='54' /><objects><object name=LjLSGasKgKscXRQwNICRVtQbbvyySPcFD /><object name=secYNEyMIyDNeBMeAzpABaXRHI /><object name=yOmfKVrYAaxSIVlhvWsgEIsRDxxNJJSmnW /><object name=dyTAdfYxuPkpYzwQSmFNTCX /><object name=xgrRkFyzeiDebnuZtldLagXgB /><object name=aYYRYbdoKBOozIuoshpWBhJWR /><object name=GikscaIXverKOLycppPYXAOBpCkMZxO /><object name=oujprcsSGkefohyKXBbt /><object name=qTgHYVpYEVXIQlbSZAqgaKSXCNeOQeSEtlEIZm /><object name=jRvExSfTeHjxpkoxXPSkfavHaAiF /></objects></root>