<root><var name='id' value='5f3a4566-335b-11eb-a516-4cedfb6bed2f' /><var name='level' value='24' /><objects><object name=FlvOUUQExweqbWHgQznmHSFKouI /><object name=MtJMvPrCNdbuvOCWjWMglShXYqFm /><object name=mnAPJWFakMVklXnMKnjGlrXeqEc /><object name=jMYcLmNyCDbUaLlBEUjHCPzEjhOtl /><object name=RClabVrGWGXODepMnmIODQolZRiYkIsuLZsa /><object name=zGxtFhxufeWUFCBgKFmsaedwOMsVqecAWjaYD /><object name=CzEguKPGWDuqmPYF /><object name=SaMMuySXRpeeWNXGWaXOexswJRcq /><object name=DJQgcxSnHYAVWhalDePEgXEIyTFfVfKksK /><object name=qruGKAWZkiDCkkhaXdngaYPJdsNpaSuU /></objects></root>