<root><var name='id' value='5f3a1d4c-335b-11eb-b269-4cedfb6bed2f' /><var name='level' value='31' /><objects><object name=dDtymWSKaPLUshAbdbYwTs /><object name=bbJwUqQFOYImqaNvZqQyDudPY /><object name=kLQIrJPhAaqxe /><object name=EpUVnYeEReIJphUhdFlJhyjRhSQcAffputbZzAuo /><object name=nZeVXlKmxESpLXfj /><object name=gpBauchAAIbcRpqtMZKQntQTbljTSRGzlsh /><object name=qpxgroUMYUrnfzDviuFsITzDisHCmCBdVIbBtsH /><object name=HqszVKOAtYzclkXLbhCtvxzgefxEPkVa /><object name=daSanwhnExSClASXTLQxhC /><object name=exPEHoeWXfZG /></objects></root>