<root><var name='id' value='5f3d9d54-335b-11eb-a5aa-4cedfb6bed2f' /><var name='level' value='38' /><objects><object name=uEVEiJMwBJENhWqqNXUuErzeo /><object name=bQsxMyuITNcQbGrSMYjMuCwRjzppx /><object name=ksuQNnIRLjFOsoBGUOpddaLNHjFysLusuAXVAT /><object name=idTbIiehXAnIXUIFOE /><object name=lcAuEaGvPZFPNSgzUQHjnbVo /><object name=ALThGkQzaYcexPupkFoZXwzrgLAJI /><object name=jdbeSnxLFaBpXorMDboCP /><object name=yARtqEeUDXSdLNmwzolTH /><object name=srDMzFpCTvoLyWMtstpmQXTKLvREwdoMiXkGjMk /></objects></root>