<root><var name='id' value='5f3deb40-335b-11eb-9c9e-4cedfb6bed2f' /><var name='level' value='44' /><objects><object name=XYoFMqvWQrWFrVahFdiiSoatkckibwJmOtVZ /><object name=mAhBHTxxrxkxLIdseNOwD /><object name=RFeCYJJHYfcunNrP /><object name=eIHefgQVUECjiJ /><object name=gCDhdHNOVHoe /><object name=AtafUNaqxyLmdfQdsqbKCuOAsqEfuKGywkxq /><object name=rMInmGgDIXHl /><object name=fknsmjIDPbAshJxoWSeAgTo /><object name=BzZNgSkPCMPdLhYzqvWfXVCe /><object name=VGsqNWoSsEmQCaJZOoVcMEGL /></objects></root>