<root><var name='id' value='5f3f97c9-335b-11eb-b2f9-4cedfb6bed2f' /><var name='level' value='88' /><objects><object name=sWffeiwESwCDC /><object name=djkBHaZlodNsOAUKAQgfprZEgErDYRSu /><object name=jyiGXGOvloygZXftE /><object name=BDtCIdDpzzuPqmRPrXTBxOtTZfjdxbzgepYSjhzk /><object name=jbukIuTEvNCmVxs /><object name=BEYNuUOOHSQXnUrIaVUkEZQTVZBYpPAq /><object name=MaxKOJQiFqxACQOP /><object name=lIeIsmLzFnKFQiJxlgfp /><object name=eLmAeUVlJgWioEQcgvJSMuGUVpUsoxKbTq /><object name=ufYOtvpUFmbkJsdBScDNMKeVGjDSWXmxT /></objects></root>