<root><var name='id' value='5f3f22ea-335b-11eb-91bc-4cedfb6bed2f' /><var name='level' value='7' /><objects><object name=LIkkQgIBKkceNrPwbwBMTuPLdkDi /><object name=maWxxwOGKhseZjdQJmSGBB /><object name=pJqrCIYiDoVmjvSPgcqLSpZefegvBH /><object name=bmPBBGOOyF /><object name=zNeiokeSOllIbUCXRYkzpQRgXMA /><object name=NZkRJVrDibWylXSNHWYYcUWJzxvSsTylJah /><object name=DcJtAnYWpCWgXZsNppyRVdpUlztaUwQu /><object name=ZzIaqyyljlhJKoQdDIbzpKradkHGQFSm /><object name=XVLfblzxMrCWepmOeOynBbPQ /><object name=VRFERlMRcggcAkzRRDdrcvMV /></objects></root>