<root><var name='id' value='5f41935d-335b-11eb-9e1c-4cedfb6bed2f' /><var name='level' value='66' /><objects><object name=DWjDRANhsbDwaWIp /><object name=egArgKDmLmIlcqLDQlAV /><object name=TEXyKIFbccDxyJrwrttBrWZoudbpbubKwYdhD /><object name=dIagEFZLatEDdAMBU /><object name=uEdbEBNlSMYpyPsiSmtSMo /><object name=FXWnIMyQBVnumlrEa /><object name=MWlUyJggrawLswdcqHlOjLNXftgztwbZKq /><object name=qWgPehRJnYy /><object name=SWnCWGRMUiVorwBEL /><object name=FyXkdZYMOJHhWNAFcAuqcfRDeOSlPmzzUuPVUH /></objects></root>