<root><var name='id' value='5f1ce553-335b-11eb-8c45-4cedfb6bed2f' /><var name='level' value='29' /><objects><object name=JyLvIpROkRQoKcTUiCYL /><object name=ylpsQryGCrQGmLvwXvPYHSEWVr /><object name=rBCbqIUptx /><object name=kWqFCXjJzVlIQoDLvurk /><object name=taxMRMVsCDiPxFOgbIZGwtjkYVX /><object name=cOXGrrzDgVUURtmxjiRqowJUAjRVeo /><object name=tgdZqMjfIpVGDAr /><object name=gUwZaJsTVcHVXLrEIN /><object name=ZRzoiQxqADGfLuVEM /><object name=qvZBqktvjdVGCwIHQIuCRXcAalUeaFUFCyAsIO /></objects></root>