<root><var name='id' value='5f1c4981-335b-11eb-a40b-4cedfb6bed2f' /><var name='level' value='100' /><objects><object name=xpYFleswYHrbYlteXVMRgiGqtMEhEXVMnyWNNOy /><object name=QdKcixtalmzRlPwTDptXUktRqXMgxCQBWyzVobr /><object name=wfzThQaSCcWhsySVABzMqFmUyhSBCbnbWH /><object name=TdTQfeUxHyYwoqCXBnwlfDUOsmvJh /><object name=AoriaygpWKYvEZ /><object name=jghLSwYGVxtTVXlKvcxrmbDkstKYEhqxmajRW /><object name=VEruaTEcszbzikGMepPZepkbze /><object name=XuRXcyqkeBtTxWhISJkftXXyktxlWfrln /><object name=NIuGCLXGTBWyYobhkJSIo /><object name=BjVmohHrOKHZ /></objects></root>