<root><var name='id' value='5f1df63f-335b-11eb-8eb1-4cedfb6bed2f' /><var name='level' value='32' /><objects><object name=KmVUVnOCtojUApyBMHwkIQclCRLoQaxJLwesonrI /><object name=zrjupoqfNOctoEJWJbNqdKEwOUwfvvv /><object name=ZIakmZfwdxnNLyHfvHXRqmKiVhvDajIvb /><object name=VnKQTVmeluQ /><object name=STVOGdJATumSDhGEofkYNiIIuxJbFn /><object name=GhDGLWDuezOQsVSQQXOILqPhZgyoZLMeMH /><object name=IFaRjKcdqNAgZfDzuOjnVVeXfAwYoGNpTl /><object name=FclAQembkdiYdDugbcWlJcOMHDiQuDIozgcdRb /></objects></root>