<root><var name='id' value='5f1fc985-335b-11eb-8cbd-4cedfb6bed2f' /><var name='level' value='30' /><objects><object name=DWamTNoUCfkX /><object name=vQFhVlwpzQdkgKKpeTeTIFeEOASMJYKVjLNW /><object name=RbxmfIyAEoFtEjMMvvLo /><object name=kNGhSAvSXXPmBzVDYFhqaegydDTf /><object name=XwiIiUauhM /><object name=wYzXfmwYzIwNOyVhCrwwTXRPIdNcpkTbiK /><object name=khfiZwpQnltnyUNQRxkImFBNGXJRCBajaZAflKa /><object name=lsjyAXzExPb /><object name=QKMFZuWFQZQoTVYb /><object name=saOAFZfddqotJYrkwdThOPqgCzsYyxppFo /></objects></root>