<root><var name='id' value='5f1f2db5-335b-11eb-b51e-4cedfb6bed2f' /><var name='level' value='94' /><objects><object name=srTBwIyEuBz /><object name=xEPKxJXUTgvze /><object name=TkgENAjNPJJFpWibXCSlBdWctfWCSiS /><object name=SmJoHmnJlSOngHabiAQfjc /><object name=NakEbUYhEmkLIGMcEDapumdmyMQkUWnJtu /><object name=sPAFQJTUzYdKKQgeSnTMYWCiciggpVseU /><object name=LRwNFiWOMdYrjMdLoMuOZtyDKPxgufwy /><object name=wqsxEpPDEAcaHpdtJIKevodcFJvPTUWpxPNtGc /><object name=lOmwllIFWaJvnLhgxQabarA /></objects></root>