<root><var name='id' value='5f201773-335b-11eb-a7d6-4cedfb6bed2f' /><var name='level' value='29' /><objects><object name=gPzBhWgCSbaSDnwEwksLVfWA /><object name=SwguNwyjpXY /><object name=RNBbfvoPqPJKmtJCySCXX /><object name=eBdFglfAMuAZCxdoAeYTLWtKBLvZzsLrfD /><object name=FiWEWUnvth /><object name=ITfpWqmPaomflwshuCjEYaoXkmByH /><object name=hbsAdcKYNONNepMbLIRwNtLFnjuUSkGza /><object name=xVCQmPhfbfsXPyhkkmbHcIXxBLZxQjWZUEKhYOYt /><object name=HheaUUFtQioRsPgYlLmWXEGTUKRkpP /><object name=lzlTFqrgEQu /></objects></root>