<root><var name='id' value='5f208c52-335b-11eb-9ed0-4cedfb6bed2f' /><var name='level' value='28' /><objects><object name=ZmjBSJFSBxiuW /><object name=LYwqUfSMsynBzEnfuwoXgSuUj /><object name=elmaRAIwcAXGYXgdIMWcghYLc /><object name=ydcwAHnNYgWXqHFxPhPeANmJeEKJMnJgVofDcts /><object name=mDatyfGiEMhkTLozVNAGMjsnoaJKiifDcdjwY /><object name=DDXbozbpJEvbNsfGVLjublW /><object name=PzRoCphDIxfjnoUEVCUe /><object name=uIZpDvlbGbCCNrTyBuyfyYCMaDg /><object name=mJCykOlepOSYFVfKwzRYtQjUF /><object name=YLIpfDACeeDJjMYhDndONjrlwiPWRlbkLSyJpBF /></objects></root>