<root><var name='id' value='5f21c3f7-335b-11eb-a7cf-4cedfb6bed2f' /><var name='level' value='84' /><objects><object name=izgyySRsAxCVwfrLuBSlEk /><object name=TnFFNKPhqqwlwZRGMKcfSazsGRuQiPJn /><object name=ZaRLzqlCDkKixpsVctfXJLljCVWXYabVifIza /><object name=aFIkaIxtPpNkJyMRISB /><object name=ISHncynYjPNYIHyPTxxZSScMwPGFWevSaPrnR /><object name=zqzVRXRVnoxOYpZDeIANAELEHkGNpxdQAcWXFQ /><object name=SsioOyuUyoiANuce /><object name=OKAqdtSoKQB /><object name=CLPBNKoMRttkhxMZjvvmrYPhTCoaUL /></objects></root>