<root><var name='id' value='5f22d4b6-335b-11eb-a23e-4cedfb6bed2f' /><var name='level' value='44' /><objects><object name=gDcjiNqrkLDu /><object name=ZSaMTiXiYHSjwOjVYxYBKLfyTHlknoHVvf /><object name=lIAFwpqxqZVZqQPgEQWwZunUYXCFDSPizgxsYt /><object name=NxRBgAafarnPDSOXpmUNuIkIWE /><object name=vJGQYgmGzWvKU /><object name=MjpUwmcuhylJrOmCnvXfzWhaxEiVr /><object name=GjirfsrOXE /><object name=mOyObryVlmgLgsttcRS /><object name=xmGXeqSdxJNZdDBhCzqPTPDi /><object name=dGxcRsibFogdMX /></objects></root>