<root><var name='id' value='5f22adc6-335b-11eb-bef0-4cedfb6bed2f' /><var name='level' value='38' /><objects><object name=zHvbfyUhCTqZJjLouIXPBuuTaemB /><object name=egnMtHIBiZhKyiBpMvRIJXhnMSzEPSdUmnLvviey /><object name=pwDFzlUPsLYfqyJKgqB /><object name=BzopaNDLEItnVDfHmDXjavDHVSLIQyRHmN /><object name=ksmKlZtNDbbXVQvuJKuxOIhsmOjpdshIhUSy /><object name=qTYziVFyGCNScJcaPdr /><object name=XCgBmWvsjfiHelBgMIqTO /><object name=ZXaNswftUbOeJdLfbqIpFcDBFlk /><object name=qwXwZijxob /></objects></root>