<root><var name='id' value='5f23977d-335b-11eb-9b8e-4cedfb6bed2f' /><var name='level' value='29' /><objects><object name=ZpThyTgsPAdxJS /><object name=VQElyouOiygzPvPDKzGLJp /><object name=kxSDYxkapmGRPRjBCSldrQFApGEIvnvllXdaT /><object name=gcpbmmpFjRoGgsoqlebWbRRbebdz /><object name=gphdcGAWBXKzjqXCcjneSIeGMbfNIUPzNFjctc /><object name=WQtyFojYFWxvAHlDrKtOoUaJkbzn /><object name=XsygvZAmmELUUlzqNLVbZcUSpeZruGW /><object name=QiBBMCGRbSDSvBwWOHfSowwdvDUBHguT /><object name=FtbmMVrZrGob /></objects></root>