<root><var name='id' value='5f243354-335b-11eb-bad1-4cedfb6bed2f' /><var name='level' value='26' /><objects><object name=AipKKVvMBBhSZsvSCUAdeaAOMZMwLVbHqEhjKn /><object name=DMBFRvFXYTRzeZABJhrODGbGnjsKCuEVQPycui /><object name=XDZhAafbpVhNaWOvynqrNgHbdZoPlnkbR /><object name=JgDHykQodyKoSksLGCYwZJOf /><object name=nnCOYJrFUbCpKvLnjbFIfgqtAeXrg /><object name=svIVmLZGTgziWxCrXJ /><object name=MfclUuKPqKUOpBMGuypoHFBbkbostFyMznUK /><object name=VfYfcRrkSnhcxzcVgIg /><object name=ijvbcFBavcVpSRxilsN /></objects></root>