<root><var name='id' value='5f24f619-335b-11eb-a197-4cedfb6bed2f' /><var name='level' value='85' /><objects><object name=iSTKZCttBksdxuuu /><object name=AyQxJvEkFdhAxJllOfv /><object name=JvTRLhNPXMaqFWqKGBSFUEuCXBPmLfDeKB /><object name=hXPvweNeBDcsEXSE /><object name=rcAJDbiXsIdbforKksIBquJMrekgrKeaiWM /><object name=gFsBYKkHokcReHgWGTVFCOk /><object name=CUAqmcpJZQMiWrJEcWUqzigpzhEIvWe /><object name=QniTPFbvtHHvJrevTmFUGcZF /><object name=koZowTfglKAHhxjSuOfjylt /><object name=qVseplHWksbWhwOZFhdL /></objects></root>