<root><var name='id' value='5f24813f-335b-11eb-842d-4cedfb6bed2f' /><var name='level' value='10' /><objects><object name=dLKetgMvNIuDhlfyUpmomlGmDRCbO /><object name=jimFHoECQTYQuIhGbejYsfXjNcBMsMsuQkqQPcq /><object name=xRAoUIuICQzNUOTClLnaUbNfPziGOJzOPVx /><object name=InsVqEpOYXZqPlS /><object name=evWYbpGCGRuunbeIAwGmcXuFIkXSoGa /><object name=hECdFvdAPNsm /><object name=opiaPggYJKEXBMsJeP /><object name=nTjLlhebnAxiOoiRKUJdSIFmomDRVrJlx /><object name=tNdcdVvFAEgJUtzRMJtnVGEMa /></objects></root>