<root><var name='id' value='5f25dfdf-335b-11eb-9d5c-4cedfb6bed2f' /><var name='level' value='24' /><objects><object name=MLnWttJcQGVkDIJqydtAsjnPrKPYyagNwWJDlQ /><object name=RMcxWEnSES /><object name=nLkZGBWetnXCPHrdCUQgosUtpPvVokKGptGtM /><object name=HteBqkgWQoUimNEadHtYxcw /><object name=YnLoLHpAWWfZyylFMoFKVDj /><object name=RuAmrQSqylPoYJWfY /><object name=ExqixyjqnfEztqEtlXoNQnKToiPUJOx /><object name=gPHrKAZqqAfRnYItVQaLsDbagLIIKXDGZ /><object name=kPrUypUmRVOMCXzKqgfBvuEZVaLEYJp /></objects></root>