<root><var name='id' value='5f25b8e7-335b-11eb-b0fa-4cedfb6bed2f' /><var name='level' value='81' /><objects><object name=akIOqQxQDnmWNdJLeBbRXnctztcwpZca /><object name=pilrAcSfjYxzOXAftdEBVKeGeQqIrEVJ /><object name=IoxcSLgFKNEnOhajWQllMZZeYnlztYlQmomwmu /><object name=JxpePAOsTiewUqqbDpiDTPOFqHfBSPmhQcIMPgM /><object name=ZnWcaPCdzEfmupEErFrzgDbPOpLUN /><object name=mGabGJEEWnkj /><object name=EWYAWDoZoy /><object name=sSXIzLMDOEhjsJ /><object name=dXEECAtFnTkByyiBptgGPEZmteIitKgfTG /></objects></root>