<root><var name='id' value='5d9fef7c-335b-11eb-a82c-4cedfb6bed2f' /><var name='level' value='97' /><objects><object name=utdVnxWqDUeNiNzFmg /><object name=TRtVadvTvUCMnRgSCjknAFvnHyjTFMPDZRF /><object name=GZUUzivBzyXqNqWqbNnGNWUeAWtRnbYzVOQWmgz /><object name=HwBSiGUdevMBjVHvkrIXJ /><object name=PaGWqSSykxcEQwAAxRzuwPSjA /><object name=uZmMgcAVdALnOwDniiKzUwBD /><object name=MZbgRPqVNmLm /><object name=NmnFNKohiwufGzxdUIwdUkgXCfojQFavAfxFDl /><object name=ZCGOhlXOQRcjOOCQsNPsJHItD /></objects></root>