<root><var name='id' value='5da03d85-335b-11eb-b098-4cedfb6bed2f' /><var name='level' value='65' /><objects><object name=UESoSbLQvwleJWJOWSpOjXo /><object name=mbdhPCRDnZFzKYzpoYMjNnDRGcQqZjtn /><object name=vRXXttynwQbdQcHJaIFhM /><object name=tDVMsYquVHBrBFz /><object name=WvzzTbrhloXOWxqewTD /><object name=aHOKqSshdHOfnRQnPTLYwcwVpyrEmVYyXrqlGazu /><object name=ceEujLzpmcNAdCYExr /><object name=jkTQGXCnYJkGzHQhEkudEBOyqaoAClIPpHBy /><object name=JAXQEFWQIjuGACPfoBgJmirh /><object name=GQpcdphDiOuxcYsGKarxXzgVNLxzacWCkX /></objects></root>