<root><var name='id' value='5da0b241-335b-11eb-830f-4cedfb6bed2f' /><var name='level' value='78' /><objects><object name=HuhWFKfGJyKuGQOWegiTtIcsHCLMxZyfSHA /><object name=IjSLyFuCbewzxYjdloYGqic /><object name=FplhGNWFiesrjgCSCwpAXMyjssZaaaH /><object name=qWAmNlOKaaHHASLjIosSyvjttvwYOwacdIO /><object name=BxTsYGOITbTeKlILFlSJRWPgrRcPSNjZiAEBpUO /><object name=nAztsUVmlSdXmVinXTOJtbAwBpJOVkPwf /><object name=mIOICTAwNKxaQYtyLsUrrMnwVBKCBCdta /><object name=mBrSSAaaRGjRboBrqh /></objects></root>