<root><var name='id' value='5da19adf-335b-11eb-a217-4cedfb6bed2f' /><var name='level' value='91' /><objects><object name=pPdBbrZqSuWCVAKo /><object name=DUJcaGgrXzLuIaXpoRSYAXkMFcpSPFcMNL /><object name=VZflFgzGWmApO /><object name=iqFWwYkYMPKpTDcMpNbLrrfXMaeUUtEYRGTFLsS /><object name=YQxzEEuVAZVtiDirVXYyqnkpaafZ /><object name=QIphimsSYrnuAkZcrvTVjmWnHdCfiffbvGpmxB /><object name=zdKQybNcCqtTDqidkfpcadEwSlguz /><object name=CRStLQZyVEpLcLRbViOVABwPiSz /><object name=IGgNrZCEcjZvIVywGYmVEvHN /><object name=ZOreTKZYtYLIUt /></objects></root>