<root><var name='id' value='5da25f3c-335b-11eb-ba15-4cedfb6bed2f' /><var name='level' value='5' /><objects><object name=pJyoufEtjucyVdfTMxdYaeJZPWvMeGAOwqUN /><object name=bfPCqdPuCOLOWMmDUbzVfLGlXWEBjHRlIvvvA /><object name=GsjDYFDmxEjWqKnbydyPZGixVTlzhMave /><object name=BiQLWIZgQmVCBBQBXRgL /><object name=SNXVCFUZvLnqsXGlZyc /><object name=PaNGMQFWizxPoBfZxMGmE /><object name=FUoZMDOQlaRHju /><object name=rLZrGKfnzvJsKjrQrV /><object name=hiOiTTexYwga /><object name=NqxKRjaEzlkiaysOivgfrllZ /></objects></root>