<root><var name='id' value='5da2faa2-335b-11eb-8e4c-4cedfb6bed2f' /><var name='level' value='35' /><objects><object name=mHyYcJyBsjNfwCYXIE /><object name=cqIBXZRibeXwPWAnwCnvFPumNWGDgkFVGbenh /><object name=HcmSPMsndrWvXMUpLrjHOOVsw /><object name=YCLSGTsbeazksVHiwDutl /><object name=GROGMoKsRjCJVQNRoqjitwxINelE /><object name=MKqqXJkFLtVrclc /><object name=SlgvKmGWwHHgQhWiQSZndoLOqZNqC /><object name=cWHSExHHeiDxREmNoBquqhu /><object name=mXfycjJMdvIguSICaUBAClGvTpMWTxOntKxO /><object name=sUdvirDhAF /></objects></root>