<root><var name='id' value='5da2acbb-335b-11eb-88da-4cedfb6bed2f' /><var name='level' value='3' /><objects><object name=PJiwqMGSTRox /><object name=idBtRxCudQLnUHMoxZArNdYSmpeEGPUJJnWdD /><object name=dBlclHdxXfPMqtjreqHNMg /><object name=MFpHbPWHyvdMwUQmcCNyYlLDhIBbsmLCOQOdF /><object name=ClCvPhHwfYqBxGjDBNefwsXL /><object name=qkHqIdqMVbyn /><object name=DncPgAtAKXXGaZXAUUoHMBrnt /><object name=kSsHiTGZULAVjeXThiBOPSILcWKDRaqzGdfa /><object name=dLAYpmgUZVyXbnQakVFuMoTfoLvjsO /></objects></root>