<root><var name='id' value='5da210ea-335b-11eb-9d60-4cedfb6bed2f' /><var name='level' value='18' /><objects><object name=oeERTbRalEOjecWAnqqqVNelbeyYpwjS /><object name=ZRbPqbgrydEoX /><object name=yfgIUxynjIqbFQW /><object name=ggWKYZxcnMjDIMjvfaFMNvDYKOhKwYE /><object name=IKOeJkiSgrQcyFqEhyUwwjtxaQaKNYZEvnyFe /><object name=GmeaeBFUysXwYrBwmclpF /><object name=DynEfxYgikgnNcbkZBQS /><object name=hMHdroHCkV /><object name=iiahMuRJnNQ /><object name=qyMAMXkLyOaXCseOfjCFbzAnyYTi /></objects></root>