<root><var name='id' value='5da36e66-335b-11eb-bf87-4cedfb6bed2f' /><var name='level' value='96' /><objects><object name=XNqmTcyhmkgDzAVCysQoO /><object name=tSBoJvrLTVRhBYYSsAOo /><object name=KPluEzBGqUfebIVemEllD /><object name=uRKeeegozbQLssoNOhbIAtOmjJiqN /><object name=hSeDmoUtaj /><object name=qOaQMvrscos /><object name=kHPvePSZgKuJtkJuAoRblOTezCNzJYGm /><object name=EGJkDDIRNGgoztghSAdqPheqxdvSLt /><object name=VNFUkiKEwVWcolPsCYy /><object name=IbCnPfBuPygBnwLyKCaDOGYlzbCE /></objects></root>