<root><var name='id' value='5da4a72c-335b-11eb-bc01-4cedfb6bed2f' /><var name='level' value='25' /><objects><object name=tyFwjibxaXHLMExMwSanrSWaJeyxvJsUm /><object name=kTsXFHbddEolwTpelDgaPiFxMSzzYSkT /><object name=IPEgojYzzErqUKzOlUixYPmlbncMRT /><object name=euqMRrpwngiGnYPQqhGZycTCOoU /><object name=AJwUGKksQqVLwXgxsOnwCaOslTVImCYjSYoWEjC /><object name=YiDwnrHXyk /><object name=dmokjhtbSDVNzmwSYowdfVzHkTpCnXWn /><object name=PwUEQgBIOcNSfFFeXizasYebjWNhhalriDWbrijx /><object name=AAbZKwlVYPAoYoWEP /></objects></root>