<root><var name='id' value='5da5431a-335b-11eb-b4e4-4cedfb6bed2f' /><var name='level' value='89' /><objects><object name=hWCDyDXArpZqvouDlIHHDWnqAksOdYHNNhrkxXJ /><object name=LVHHboSTmyqunKJv /><object name=sZHLdIclAawLjQlxHZSMMQw /><object name=PNwkSRFgjWHGmeSMwhjaOOwycXGR /><object name=AOWlnrXbcGnRlJVsWQBypjOMzi /><object name=gcBfiFcnjtGbuaVsamSBavjyaxuniUkXAfGdaRQZ /><object name=iPdzSqKCnSQs /><object name=mLYwqxqZmlAepZdyNApa /><object name=KFbluYjODdoVsVIVRmjJopTkCTINXhFz /></objects></root>