<root><var name='id' value='5da5ded9-335b-11eb-8348-4cedfb6bed2f' /><var name='level' value='58' /><objects><object name=ObRLJnyFfeDjWSXJy /><object name=SXiKRdaWZDoitOYXexWDJtYoyq /><object name=IyRJGxzJeEAoOMvUZMZShPzO /><object name=prXNsuZDgLzjTqvCGtqLD /><object name=vBCEOnIRBZVYuRLTcZXofBixAgtzqLwcoB /><object name=hXAoAxURRFLsGtKdUFDzWcokFIsOAhFSW /><object name=BvFOgywRzcIItQUmSeYjzwqxOQJDtTch /><object name=THSfhCtWGwIxiueTDkGFPzmSFCxFO /><object name=uqbjGwwNlESHwGcrytetWIA /><object name=frnjjGseSLKmYDvHZqqQpXvRzJiUmNAiDZZDUP /></objects></root>