<root><var name='id' value='5da605d0-335b-11eb-a211-4cedfb6bed2f' /><var name='level' value='33' /><objects><object name=birKyWMgMJIOXOurwWMSi /><object name=TUqYmWmjVZvnfMpXXGv /><object name=eYxdCiCAJCdFGlO /><object name=eUeOhlsCCtkCsWSjBhilrLmDpouHUadJSYyw /><object name=sBXKWmVUTrIexxesozoCqJLyojHW /><object name=mFDuMDpsdRHuzbTwETQZKKfsjkawslbY /><object name=iFjuFhIjvgYdegcwTusvXZePDE /><object name=PfjyOpEoEBbyaUwcusOOwJOBNtj /><object name=JzBjieQkMEvEYKBHWpictXFiEdLwLRlPprLhVt /></objects></root>