<root><var name='id' value='5da6ef8e-335b-11eb-af51-4cedfb6bed2f' /><var name='level' value='64' /><objects><object name=KAmHhwoeHuRjahzPIWhjqRkYKVcNRPxNQdnOdDKb /><object name=MNswMwizjBATtUidkaSWmXxr /><object name=FcydSqnsDYggLrBpmAZlnXBxWO /><object name=sVXVTWWnHLteAJKqFMHcyUcYzddUGJrthOfDjwgr /><object name=VlbuWOXMohhiSuPb /><object name=ceuCJSiStmLdsWW /><object name=kYkHJQyuYfoBEQOkNr /><object name=ZPVrKjfUtQQSIujVwxAUKmmNlRUlRrHsZiHhvwU /><object name=KPvdYaorJTMiiNttzKeeZgoeUkZIpnqWRFxMaBOh /><object name=qZGWPefjDXYk /></objects></root>