<root><var name='id' value='5da6a1a9-335b-11eb-a600-4cedfb6bed2f' /><var name='level' value='98' /><objects><object name=NaDLvTJWVrnyxCNJmfyNVkeWbPbarDXUxNDm /><object name=LgtmjSbwtiSUmiBo /><object name=SrkcekmMKIJvronigmiac /><object name=FUIYfFoEOLjFrxcjHTX /><object name=ycGxQyinKlAHP /><object name=WieEDnTUUCzyAtwFBaYTQFNqQmCRdNN /><object name=HbBJDuFnMbAhyNLEPVseGiPDlNXLiSzdKjVqQHuO /><object name=fDlZtanIBsWoQAbbPRuXulVVjhzpccZhnpq /><object name=jIIibAeGBUtpcJNcBUsOYPBSZSqJUQGbth /></objects></root>