<root><var name='id' value='5da7d94e-335b-11eb-b6f6-4cedfb6bed2f' /><var name='level' value='53' /><objects><object name=eGahouQfipionTxbWHGNxdAmGaHflePyFg /><object name=cFgbBibiEPgVw /><object name=JMYsopqKHYAeePuDvrbDUUygdJRbytnrnf /><object name=rholAYbtnyFoEhiFCXdNekvWuMsOsSzKJuooLI /><object name=VCgKWGvaswxsBRUUebhOCqIIcmJMZUPJWPT /><object name=hROZlofnISbMoVQntTgRzTjGhWYwbWuPXL /><object name=MCPHylDowiKFJBHGurriR /><object name=YBGTIYtMOvBVgaYgwqYIAnkQtTtH /><object name=MkQRMqABazxnbYPnlHqO /></objects></root>