<root><var name='id' value='5e23f3b9-335b-11eb-bfab-4cedfb6bed2f' /><var name='level' value='17' /><objects><object name=KVvPUKlEWTLrwHEepFQ /><object name=SlckLUmOIheBRKrxwELFaooVXIzOl /><object name=QsbdCfIIQXIWAdGefSIyozpbhN /><object name=NtDegfcPTKvWULmjWRsdKsnGGXgkIAOyiE /><object name=YcLFHzvwPblbqRbBxurPQvXVpOXCbFgVUH /><object name=oziFagJSIPVsVMcIgJKHzlFygJPVC /><object name=BvtRRonBBvSPYdZAF /><object name=YzNRWJlirssrKgxcHJQDmjawP /><object name=JZidcjjMydawJwdquqKjLCumVKFd /><object name=mOUkjvNshWzFTMq /></objects></root>