<root><var name='id' value='5e24dd65-335b-11eb-812e-4cedfb6bed2f' /><var name='level' value='77' /><objects><object name=aQqnOgOjHIUvzdcYbwMZnZycwBizXOwsLdGuuQE /><object name=nWxfvzDfhKyKujahyFQL /><object name=wBsLQupqkGihHwHJObMcJGDNYWbxwYEaNYl /><object name=SqnDqRLhYpXEjwUtSlyTdEtpkxLLyh /><object name=mPqpUAVPkqqafD /><object name=yrxUAzqOCvVqoYkNbbfcsxKFDqyaBJ /><object name=HpVRveXqGeaReWnxKEpMMqpkAcTZnWWXlWlyIewS /><object name=KBbcQToqItQgjcdoksCEVftCjaKd /><object name=PGvBtxOrzOAilPU /></objects></root>