<root><var name='id' value='5e24b6a1-335b-11eb-a206-4cedfb6bed2f' /><var name='level' value='57' /><objects><object name=RgvzKLBeqKTjuK /><object name=HovQhmLerNxciLIpeVZVcVVMzsnJryzGUFlV /><object name=tlFveuzjBkNAfBcWKRNeMeINuQLGsMsSHO /><object name=jeXhRLPWvOwWdtPSvjdUVJIdmgeMEiIssWmIgu /><object name=hHSsDUPzyW /><object name=doNXzoiwDaEvIVCvlMDcMYg /><object name=HEWJogqoKoBKmUYnlGP /><object name=uRyHKavTinaFGFzMPHa /><object name=VNwgdPMUMuXsCblzqkvhJSktkrrj /><object name=eIlDgummibedWdpBzrYfuaRNSpHwBIVuUBT /></objects></root>