<root><var name='id' value='5e271ac7-335b-11eb-9bea-4cedfb6bed2f' /><var name='level' value='76' /><objects><object name=yLQxMkeZoqCKLQDwvEgbcYsfTJI /><object name=wwNDpVzUBuQJyuNxZixurKZiNmRdfIgdkMTWp /><object name=DTojjSDHJeh /><object name=ATTkpEBOSHibpGEUlhrNjaWxDkmd /><object name=BYGSSFJmeYAUMQFxJpwzJtOOVRJOrCDfdqFrz /><object name=DrpYapXXpUpreoKmDvaZrTBbEoDvQA /><object name=chIvshnBWsldxRsl /><object name=IjgYLfenehLOIHk /><object name=rrJzskXhzBORKHKWoMQmFynOIZXFRoJqOoPh /><object name=tuGPmJQYuqNfVuHrFCaRtFSBjUBFWhRQZDvL /></objects></root>