<root><var name='id' value='5e2767bb-335b-11eb-a77b-4cedfb6bed2f' /><var name='level' value='9' /><objects><object name=YaeFtdTUSVpdehAtkaY /><object name=FgfNevdOCTrASmZeGBBH /><object name=HUfOsZFDvWGVb /><object name=njRnNzYnJlgYmesFddJMYREDYEluWNIa /><object name=ppAowYROTVwcHQJWMOguCap /><object name=eJpoafCENWPYfTCLYaczHxgjewtzSMBpPtTC /><object name=kQhxsqzMMk /><object name=gJCFjagkSvIHaoDZg /><object name=xhEqGHUEUTqiQqSOekpxoeQLMHfRoKMjZUqU /><object name=EutVkmDgOSNqg /></objects></root>