<root><var name='id' value='5e27b5ab-335b-11eb-815d-4cedfb6bed2f' /><var name='level' value='34' /><objects><object name=gOVdVqqAqTIHsZlfYg /><object name=UrTVGgJgkhzJrKGFxqWKjQjileGZXcIqcppBQu /><object name=buotJlcCnVQgu /><object name=WAvUjkYFscKtQnNZxqkIAQSMocdepie /><object name=AMOyasIUINzpIzOtTvGQ /><object name=RcNpxPBpXwVUiGfxnAOnaKryUmusDuldNiM /><object name=ElfPqlnJQstrpGvkeozJSpgcbsaecZeKfDSjoMZn /><object name=gdYqcPEYgijySvKhdWfrCcYFBbqvJw /><object name=rNrcWWGIqeqwFqmPZgOlDXrJaUzCbdpsboVKIPrW /></objects></root>