<root><var name='id' value='5e28a086-335b-11eb-985a-4cedfb6bed2f' /><var name='level' value='6' /><objects><object name=CZytPTdJCoE /><object name=qnFZsUumpIdvWmShGEXu /><object name=ztgmHFczexkiPkyJRJrdCICggz /><object name=pvInxdkjUSNVEKuABphamZGBgWciSFUA /><object name=PwnwwpvRbkaRjoXlOpjmcPgSUVBUECbbOrUus /><object name=zvAYcGYHzw /><object name=LdWMegXYnGTqGJllyjEUmNjFusXUkvxO /><object name=NJHrFoeCHHXlsHBATndggfGoTrVPdMxIEZuNjhn /><object name=YMYgRyPGNFKjnqyzelBMODjvKXROTuDm /></objects></root>