<root><var name='id' value='5e28ee49-335b-11eb-8e1a-4cedfb6bed2f' /><var name='level' value='78' /><objects><object name=cOgtcZFOTUaPnEcyHNinVHutcvfAvN /><object name=kdAbZjAlLnDXDRcNeY /><object name=XoAGPkDTuSMhONytsgCnWJnbVahHVQW /><object name=eIfeVDeVgsIFBVmozplo /><object name=UwEWqVjvgXTuacDbbVRwLEIjHF /><object name=WGeWnRDbvjQMlGO /><object name=SWMIChQSYvtWFbjEI /><object name=rsoaClPjkcOmiyYdfGJGveltdFOrQhDh /><object name=otTaWyxditSqqBmaAJsDSAffOjhTItLqjkcvrV /><object name=kMOrsieIHGHAelqTUnjhUbkEMjxGYAlTBFcIeBVw /></objects></root>