<root><var name='id' value='5e28a085-335b-11eb-8894-4cedfb6bed2f' /><var name='level' value='21' /><objects><object name=yOJLAkSSjq /><object name=PbLNGABCeRkARXVAxapXErKFrWWZbFJ /><object name=jrkaCdgelQOK /><object name=nxqUolvBsklvoIrufyEKYS /><object name=zcvJXrElgAcCOGzOWoFcyGL /><object name=EAtKgchWChBTtHNCUiZiJFgQYfVmniq /><object name=eBTVRWCdZbeFANaiLzVBbnbrZAlYmBwFUDdl /><object name=HdhqDOZLixmTEMARNHkNkzSezY /><object name=aqioZGjQvDwIRTg /><object name=NMzlUImxJWpwkhQRVZqDxcfXiCOYuIMyXNQVKvqQ /></objects></root>