<root><var name='id' value='5e29fe08-335b-11eb-b98b-4cedfb6bed2f' /><var name='level' value='64' /><objects><object name=aKIsQYZtVTubcCVGlIREtoDyKkcLwameOqxIt /><object name=lIBFiPAkMkBsXvCuDTmDgVh /><object name=QLNkHPcezAsVNhhVqtsmFbapNoPzfFx /><object name=AuMWcSbFvjXDkcVRrndNXZYHaAJnJUYyXGgY /><object name=MGEkxhFzcWkUGPtDtmRXoiNUYMRsm /><object name=iCdGmJdqPciWbhei /><object name=sjuApXkkcKPINkZMZUJGyxEoZmtWnRxlsaHb /><object name=NwEayEiHkZxrSlqpPeLIBxXZ /><object name=LiFPyDlouuusjEIJIyrXOhNIuyxTsij /></objects></root>