<root><var name='id' value='5e29b139-335b-11eb-9f9f-4cedfb6bed2f' /><var name='level' value='22' /><objects><object name=lOqdEdWSRw /><object name=lwbkPSurXCvddtSihcdvIOsFIgsy /><object name=WBLXabnigsFWRyxxJqhsxfhLcRIBudprWzhlx /><object name=IIXApKKSYnBHbnYNVTuyhMKGychsYdadYmPKYTjm /><object name=bKcgMqNbmnlQFybViOZLbakXJugeuSuQrGSc /><object name=ILFeMlrIlaOdncUvuwNlDDJfbWxCDHWkxeRiGb /><object name=LGDnxknSaRslHfXEUlthBDBCmSiOJmgKFDQ /><object name=lLehvJYOLVyQW /><object name=bmAazZXnXNLSeJlFSkyx /></objects></root>