<root><var name='id' value='5e296326-335b-11eb-b9f2-4cedfb6bed2f' /><var name='level' value='6' /><objects><object name=WbhqviLJGDssRRHhugvvYiqps /><object name=QZrUyVCNYarEIKsxoCX /><object name=brCsnIBJbPttMQLqmXHMjUMKQrRsR /><object name=nHcqLMOYUhxzxcrIIWiEZivAwcpS /><object name=iCsqOuFDrL /><object name=BdAKreBIaAnfkNZzFUbzSXyTgYcx /><object name=KhJUqXpJxhqgsadiQnhd /><object name=qKjXoLNfiOuppCxNfcGsFWGEIITysh /><object name=SnXfcGZhFPdnlPDfTZRURmGSXIvO /><object name=IoOQvoUnGpyGXpn /></objects></root>