<root><var name='id' value='5e2ac1f2-335b-11eb-abc4-4cedfb6bed2f' /><var name='level' value='9' /><objects><object name=vEzYEwgMpcnmlyDKdgPCYzSrtWgoED /><object name=XmeTvNcWsAcPQek /><object name=dBTRRBEdSazbuhsKIIfPGUQcNTAiUw /><object name=VjEVrOUxNVoybTCPN /><object name=ydYbiPxpCLTNvdHIu /><object name=ddFPehKKeytsOvYwmYOiq /><object name=SXQRueZAPPksAKyFMOymMVlTHMmAQxWLkXLiLhK /><object name=tihgpAEyQDmuFWjjBgLe /><object name=VMTMueEpXuhkkMjlGLZDyjOpQu /><object name=GOpbpXJBlZ /></objects></root>