<root><var name='id' value='5e2a2641-335b-11eb-8922-4cedfb6bed2f' /><var name='level' value='81' /><objects><object name=ZswsJYGuvlfFiUqDCczIDSsLOnGx /><object name=XTGyoFDrxnvwLxQFdzgsC /><object name=UdKReGLlzUGZIzwXOGanEOYfugkJImSCfyhdV /><object name=qgBkekOxnzqfoXhGDjLctCmVYxarfUrieQmrwUhg /><object name=CsxIGbuqPbWCArZJRxdaoGnRGdZyutLQftqyojcV /><object name=EVnTjRViCQPBisrIApjPMrRPZdmXcQLeNDsVqcQI /><object name=FnRRLakIqLjWK /><object name=WoAkECPwcWQWYhxUGRvbhXJdRfeYZbfFvEBZ /><object name=najTaNGgDpiRCzbFwJuXJvDpYJjAq /></objects></root>