<root><var name='id' value='5e2ac1f1-335b-11eb-ae8b-4cedfb6bed2f' /><var name='level' value='61' /><objects><object name=WVKAkSVNxfTrwfZNjrErGwgfCA /><object name=LUuySDLmJyOrA /><object name=WRwrppEtglFziZuAbUhrZWEDGtbjOadf /><object name=maGzKEHueeLbAcYNACzHxWzYwZMGgwN /><object name=vAccsHxCpXwwJBB /><object name=GFgkkkgVkedIjvEPaBdbLWFML /><object name=MtiYcDJrYUKSoFdDQ /><object name=lqGRtermnTHdTmFSGLhUkMgKCHqybfTRl /><object name=BvXVkkUFuGtxsMSFMAY /><object name=FsBGVvxMJWAVy /></objects></root>