<root><var name='id' value='5e2a9aff-335b-11eb-b3b3-4cedfb6bed2f' /><var name='level' value='21' /><objects><object name=QulqvNzzewsKsRfoARcU /><object name=fAzOnZRQJTavNprywHKILSIHJgLgyYGklUhsDZh /><object name=TCNXflprUwTzsrRbfuSTJOiGOSywvkpVG /><object name=RYgOJXiMgVswxoyVHzQFlvcdklKKmjMbsQqyS /><object name=KqCFSgMRcIojVXokFVRqTtxNIguyBgewtCiB /><object name=PWgdiQjhfOxjOoWRPjrEQPQxvNzdcudHbsbT /><object name=kGGUxQlwrJzLQoKeSZDQTdx /><object name=yEvelcUcFEKegAigEaqnqIheOeMvCORXLNkeEUes /><object name=UKdFQmoCrHjZPyWL /><object name=dCHPaaZGKeMnNwbxXMOwHjINihZb /></objects></root>