<root><var name='id' value='5e2bd188-335b-11eb-8daf-4cedfb6bed2f' /><var name='level' value='27' /><objects><object name=eArjbSsdSLqfLJxNlmYfuAUM /><object name=RSebKItRqduwzDgqPslKRZZsAkZAwaaR /><object name=FcqxCZeEwFVD /><object name=iwoYuwnsCFcxfnIGyfPyfw /><object name=JWxwfjRejjNYmtmzTUQyIkyHWKcJSWZNRUbImGmE /><object name=iMCJFpwZYKCCMnHlmt /><object name=VHadRzlurZwCPVQHtiFoHrwDfxzYro /><object name=DRSVkFMhppOgnMwXQGIbzZDniQtkCAjeeazfOev /><object name=fnluqYBdGWGCdmvH /><object name=aLPAdEUqzBJSbpQl /></objects></root>