<root><var name='id' value='5e2b0fdc-335b-11eb-ad0b-4cedfb6bed2f' /><var name='level' value='13' /><objects><object name=qqJGwqMeRqzEGbuIgdOjH /><object name=wGmlJjoaTDqunfztRSjzaysDmlmiJlNgK /><object name=LchmlaELQHrLylheyznTnhoGDRSx /><object name=KGUdpVCYJHXcCxTOg /><object name=OfHypDghgUTWrDAGosL /><object name=oulrZlNYkTKxtFZQztqMVntuiPGQNHTDIeW /><object name=EAJjhGySmBlXdVeoirnljInwFGLAbUHYNbPOREt /><object name=QuSlCRFkur /><object name=JiCNvCuvqmMvYfebkqYSJnFYOsozr /></objects></root>