<root><var name='id' value='5e2b83a4-335b-11eb-b77b-4cedfb6bed2f' /><var name='level' value='33' /><objects><object name=UEhpieqHNWQazQTKkrTibfKudZBfKacnOYkCb /><object name=SIrSGMCPsYC /><object name=cXoaJGSJewyGoWEVPVDJzWMcvU /><object name=ByjNTdKZtHeIpUNxatAIGxPRCewUHEpZJe /><object name=epZforZuSatPCXDbStBYAaCZfeUz /><object name=qiYzMvAbIyTLHscOuLv /><object name=BAfIxXFEBlLafsiYKERovhw /><object name=dygxXWkYanBjXuMMArdbnqlZUdiBeWQABjsO /><object name=QmPSAOtXTHbTHTjvcWaRmdUarAfXykkAT /><object name=ElcZbrhQiKIDtcSQlBUJcfcqya /></objects></root>