<root><var name='id' value='5e2bd187-335b-11eb-aa08-4cedfb6bed2f' /><var name='level' value='16' /><objects><object name=lRPaoaMrlVYERqMSSIBxGigETkDOZSgqc /><object name=WUjFglqDQfdpOyZJyplMOrYWOYfjVkXmv /><object name=TAucPHazRgHWXZUcZGRzKaIUtuezkYLpbPcCHyV /><object name=XNTmNqVfBWhvbentaifZco /><object name=CcXJkIKfwXDDAeRpsxZYcGpSdSBdZfp /><object name=jTxFtYpZsiCUePowxXDdUYUmvX /><object name=EWbZtSaKwXJUsiVNnzakUzcPgNonIVqYXL /><object name=GHorGbjswvMfHIuXuPP /><object name=RcacCTPntPcxesVacPGkgcgPQW /></objects></root>