<root><var name='id' value='5e2d0935-335b-11eb-940b-4cedfb6bed2f' /><var name='level' value='30' /><objects><object name=tQPnVTIKcoXoxNrGlGuRbmVmRimtbzAiVm /><object name=jATzAGEhwWhjcaF /><object name=epcAlFuVfAZzVdtAmjMyBJIsGxjHqhhAQkpPpLr /><object name=GyhFGAHLJSrRzQbvEVKNsElWWwFSoXYdGw /><object name=oNCXvpsFcVtXRLnPEAt /><object name=bwbxNyKrHhbwogfyqTVJtZRJuhivMypvyLbrI /><object name=jpxgFhulpGDsWVOEoOjUzN /><object name=xvUbYnuYWUvBFTOjMXGgkVG /><object name=juHKSeFYxRnopDbHXNgisQVn /><object name=kSOvZuBvmWeMkyrmrOKeDYEQsPFsROMm /></objects></root>