<root><var name='id' value='5e18c3cb-335b-11eb-b6f0-4cedfb6bed2f' /><var name='level' value='75' /><objects><object name=vDvfEcpklhFrgYNYlCrl /><object name=uXHfXfTBgTPfqoCgQTWvIkSym /><object name=nthSdhSnFIzklbuqTYqdTVvjTnIdNddbrt /><object name=IwhBNivNIgJimlTq /><object name=fcdtuyIkgsDXNMuCLGEMRAbeDAWMJYpy /><object name=VoDpJgHSCRehclMbCsrVbzPzRFZ /><object name=jvwpZekLSICfaLULHslebNdq /><object name=rdjJbYisdSDd /><object name=gbzyCDVCskjLYwpJYCVBXMAyQkU /><object name=YvVfPrtsYwJPFIiAHKACgENf /></objects></root>