<root><var name='id' value='5e189ccf-335b-11eb-83fb-4cedfb6bed2f' /><var name='level' value='29' /><objects><object name=aBqetibozebxNQxhLvbIwHadItOqaZgy /><object name=HbVuQIdsodIKrEZcqHIMkxu /><object name=AnLdhQebGKCtMFuqBMChKViN /><object name=kTXLXQDMugcEoxESuwAlCgRKnDrqohoAXFMBM /><object name=YCeKglfhNcPQNWrcLUyEMJ /><object name=DyVKCjZMuyJbiKzDfsgRGlSSAaaGkJfzkD /><object name=BguVZjuEyEJqjnzBlmPadNuXaYBQNGOriUrkJ /><object name=cHbVdqNJozSoEI /><object name=emNAHZheRsk /><object name=RtPiqbkSLFNEDm /></objects></root>