<root><var name='id' value='5e1938a7-335b-11eb-8992-4cedfb6bed2f' /><var name='level' value='18' /><objects><object name=dKhBRmJCkDBdlpGamClZHXTEygOyGRjRBVgRC /><object name=crRAMFDGDTLHcqOPxXvbHgbuFB /><object name=fVPgkTIZRMQIHRjSoDSUFGNICIuIo /><object name=EsgBRJEyvLhKuIEMYFbJeYH /><object name=RwlnJgujVYWSeQtSShlIniUXXleliZIZjsokWdx /><object name=HrgkWKznULJAbGMaSypaM /><object name=vNSCrGJgLECLup /><object name=InNOePeuQZgVkBdAWlDCjnoEKGjTWdeoIO /><object name=BsiYnxBCFNywRr /><object name=YCwVVbpCpKNcruNjMjeVCPwqeFbUglLzaGWeN /></objects></root>