<root><var name='id' value='5e19fb93-335b-11eb-9d29-4cedfb6bed2f' /><var name='level' value='52' /><objects><object name=WIqYJIXflOAwBPKilr /><object name=MmTrqoVguvoHNhFd /><object name=wllPOnuXneqvESfCyAZa /><object name=tvLYMCVyiGXBFeq /><object name=CLFNhMdMngqOXIjmBizEXfgyEvnEb /><object name=RlxEAHwapyvTVYKq /><object name=RaUVFVSTwcPVZRqtsSfkVcNjYzgytSVLmsVHxAG /><object name=TkWjCQWHxxBIRomEIPgOVvpqTAZVIxkO /><object name=dmGJRLxOrhbkWVEjHPiBxNivdCTgNFq /><object name=NthzeGuQHZHtKEToqWwgZFAnmDelNSuoqAXKpmEs /></objects></root>