<root><var name='id' value='5e19868f-335b-11eb-9067-4cedfb6bed2f' /><var name='level' value='68' /><objects><object name=kXVrUpDUGKcrLfKZmrAdANIrVVUtAj /><object name=qkijCxmqQMMwBEiDgnGECgINEBsHkItnh /><object name=sZGeWxFgjnxJFzywNLBmdEdvMlJOFhSlJnjoROxb /><object name=ASplnFBJIfSwXTWie /><object name=OtrSbaqGOkJcNiPLqCTuBHOAwjGssdRwQA /><object name=jshVhjfZckpGdvhAUFXCffYNGXRuwyhSNAZitYA /><object name=RzpSTHYvYKRIdlERthdrgcYElMLBbgjXtPPjAVj /><object name=zCcNUSvfhYlUcmpfHs /><object name=PpKGKjMapsvkcGCKTlYQ /></objects></root>