<root><var name='id' value='5e1b58f0-335b-11eb-8df6-4cedfb6bed2f' /><var name='level' value='50' /><objects><object name=KASleoyFXZR /><object name=LKJJJguWWCPfUsOEPznwPlGvcmbMhHfE /><object name=ViFlBUhOMlBOuCeGujxBMvWtudW /><object name=oxRCQuJfEalmpWXkZWYmBUbaFkFjCrbllAebJReF /><object name=XhtBbVQlHnaqtZesMDzMSGbCGE /><object name=qBWwvpndJngYNdLAbuaEQUsd /><object name=pUIceWsdhpHEFXNNihXkVjLkYnJvgVoDjxHenYd /><object name=OtusBCNHWUCEgkXGmKwds /><object name=ShPaBiFsgbVOActPBvJKxzbBeu /><object name=uAUeHMGpXvutyAzBPpeqjjZxlY /></objects></root>