<root><var name='id' value='5e1ba7f9-335b-11eb-aaed-4cedfb6bed2f' /><var name='level' value='5' /><objects><object name=cOHixIsTDUNxZisQURFddokxGdcQO /><object name=RiwriBsgGCZlwEXwdWTTkiJIc /><object name=KTsoigReIguzhQiITivMSXTxv /><object name=IisqRfbNgjanrKTR /><object name=KShrDZiivMQw /><object name=BePqgLkjhDPaSduQEqgyEJoZpBHshP /><object name=ppiFYVebWpZvhtddYPIgqjxIuDKSUmJkB /><object name=jjvDkNrYmpLfkmsXbBJxlEMGZRowWKN /><object name=CaPLVAlXSLDakgbNDzuuaHaGNFFDQyBtaCJhdr /></objects></root>