<root><var name='id' value='5e1c42ad-335b-11eb-91a6-4cedfb6bed2f' /><var name='level' value='32' /><objects><object name=gIcoYSIKAACQzYDVGQiWQHukIdDS /><object name=tNGMVqNYOvuO /><object name=MRAPVPKNJnxBRqnSbANEkTxNzFWiUGLV /><object name=ycLijBhIYkABLhOWkaWyaYPIhvDXfocffGvU /><object name=VXsGJQLFWEClH /><object name=jBaAgcHVxGKNNXT /><object name=QAdJtxIXOPvsDZOlBWHYVVNXzNghOQvGSzBuJ /><object name=ITovFGpaIxCtbxvnEaT /><object name=aBrLTUsKBWTOfSWjxPNHElGvEOhmtKLMXg /><object name=kjJNHFvKKBQ /></objects></root>