<root><var name='id' value='5e1cb78a-335b-11eb-a0cb-4cedfb6bed2f' /><var name='level' value='73' /><objects><object name=YKbdTkjBygCbCKwITjvxBmkUqJrZCXIEoCSihBb /><object name=sbRAByleYbkQxObn /><object name=BHxUrlPlWofLzuqrukEGdEpszRjOtNgU /><object name=ksUZoVwPMsVhHmCvaKNTiLAEmsXPsUfeJHkU /><object name=zFHLnlMheBMzbUgzLMxuwWSfYwxPwzLPIV /><object name=qFqWOMCGVizbmrAKCVzmOftreeBqDnbrinprAx /><object name=kREYxbHSePJhvqmqSlznkfAFDQBeCTMLA /><object name=aOWyKzixihrTZOtmKrjvUFoqJh /></objects></root>