<root><var name='id' value='5e1c9096-335b-11eb-8478-4cedfb6bed2f' /><var name='level' value='4' /><objects><object name=ohcxtPbhjuCMPVcgEmpFEsNrrlCNEqvlBMsp /><object name=GuYnPKTjGhKeRxDzfY /><object name=ODRNgkGvVkmsREfVQmlIBTNFJFWZUYzTPjuA /><object name=IctjzBjcUXLuyGUySMdSIxlyGwsslXvfTqZ /><object name=jCHigbuUJWRKbImNumnalxmVCRorBxVKYxz /><object name=UfIVkZpvPxDSAcWVAUFcpmqiJbePANlGzaxD /><object name=zfimmKYhYEdFwETwyIev /><object name=HQSrAIQxoBehfg /><object name=CKoVaLRfocOhszaLOoG /><object name=MLyNDIPQaDKp /></objects></root>