<root><var name='id' value='5e1d2c68-335b-11eb-a140-4cedfb6bed2f' /><var name='level' value='43' /><objects><object name=pJCRmClCfPDEusdAERhTEclzJtCMyRpIzEgvU /><object name=xrnJXLdBcTTbB /><object name=UNgarpmTmesFyEshqaYqqxupkn /><object name=kvGkLPPGalvsfcmGPVcCYAwDrYo /><object name=QktcBvRfotznnZdgUpU /><object name=RSSLZNucgVDTofgCkqQObCPktkKZDs /><object name=HXhWyywvAnNtLZVkTuRjRSDuQLjYQEZWsD /><object name=eDlHGhlVGcuFbRaXBuUtvWHjYrTgaUqSAQTdgjGu /><object name=VQRahlfilaHCVidIPFwSLvsTMRWO /></objects></root>