<root><var name='id' value='5e1d7a54-335b-11eb-b521-4cedfb6bed2f' /><var name='level' value='8' /><objects><object name=HbeopuJBhPcC /><object name=rKHxVpNBXESLvJQKBVuKKma /><object name=NXVWDbNcsZVxBNIccnSGavvkdi /><object name=yXQZxZpUGLGLjubbuRJDTMKnrMJqOpPvutRmMD /><object name=uBRWrqMUQTRp /><object name=ZpYinEHOQBZufYZOoBudhnlHllyvN /><object name=udZHMpsJxKnHu /><object name=SKxgoSFkmfYpBompwKSJmvx /><object name=AVCvPChRNqdhvqkocKkaJnm /><object name=ttKXQimEEBfAYuGOLKmmtfxnbROdxkVr /></objects></root>