<root><var name='id' value='5e1def35-335b-11eb-8b3a-4cedfb6bed2f' /><var name='level' value='37' /><objects><object name=znDhTkjPeLLcObLDnMJkRQXqCNeeTk /><object name=nxULngqoybAnaivxwkEIKQzFORaokA /><object name=AaaNxofuuWUrydBdw /><object name=vhScELZlBbHwFBFQ /><object name=WRqUAUnnakQWRLgZCwnzjfLZxuOVYtgwHpm /><object name=mLcWKLZRyqgiQyZunfGHRxYRzxZ /><object name=YAAlqehihZin /><object name=jinvzDpHrEhYLUwGsbQrpGkwPNLg /><object name=QbiMHrrbXtjbyCOaLvomVCioIybIGPIgfTHbAUT /><object name=PHtGuaAVPORsMSotfCcDPBLVfWcPIgBcxwqnOR /></objects></root>