<root><var name='id' value='5e1e3d21-335b-11eb-b22d-4cedfb6bed2f' /><var name='level' value='93' /><objects><object name=BetnBxYXVkfuwHDyOhB /><object name=eGyEALQkNicbyfEiMDOtbtZ /><object name=ppdwhUNqcPbPKXlWWOXKBgfOawZgZ /><object name=ylCPeIkmrgVOZ /><object name=etSPOXqiRtGAklkyffXJMoC /><object name=NYiAqPXBuaoAOhQpny /><object name=CpqQOWPsBIBWKktoFTTZIoDFXeyzXVH /><object name=OlbvzraGNsysbnXxVVvrBpiEDXa /><object name=RQtJkKsGAD /><object name=bbRkNxKtZwpuaLPmEpgfzOioMoIzJShTqHNLKNT /></objects></root>