<root><var name='id' value='5e1f9bd2-335b-11eb-af54-4cedfb6bed2f' /><var name='level' value='70' /><objects><object name=kZAnQLxIWvIDnvQREMuoDkZNpxJhdsmS /><object name=ONtutMpWkhkvIOIyIUQDJvtAGbNmuUomgUUs /><object name=zaurAmODBvkirttoPkAdRZkvUhTwDMnXplGO /><object name=HAmPvMvqTqysZNdOmPzwjgPdY /><object name=XWwShSChKeOEIkUStSwIDHHngJfMcndZeAE /><object name=fbVuScmBBSntMkETKGdNDSukYe /><object name=gOnAXyTQdHUrOXFqPPXikKYtVYp /><object name=PfpihdhppkbEivmrvHgFXy /><object name=UFuonpzQoQZegjQAmqEfh /><object name=TfwjPvyNSEeBJBXthB /></objects></root>