<root><var name='id' value='5e20fa77-335b-11eb-b271-4cedfb6bed2f' /><var name='level' value='99' /><objects><object name=uvwVetNVaxUKXeoRIfuWjHGsSkhC /><object name=wwmmTgyoEFmIaDuuPnDqrSSD /><object name=OEXuPZACfXSHXtB /><object name=nUwlEcLzbudxqnxEwkdAvxeOHUdrHXS /><object name=mAlzKlEDDKCLlcjWNppuPdFKofKeaO /><object name=mlutRAkzttRdxaltVwINyXIDZAHGhhWxqitFWh /><object name=iwzrhAHZkFtzZUVFJyiWOtnlUaiWLwDKwFTa /><object name=nubmFFbNDxQxc /><object name=XsBZrYBPdehquxPjSDUhpw /></objects></root>