<root><var name='id' value='5e203799-335b-11eb-81d1-4cedfb6bed2f' /><var name='level' value='44' /><objects><object name=YWkgWuDdOAHpdpjIacBonzTwrCzJLi /><object name=kdcoFNBaStmGKoqSBGqCfOUVotXbUOsRGlRRDF /><object name=nQeVHssgimnfJUbPRynz /><object name=oMPGKchGTpusQOmFdNRTO /><object name=dqxKfBDsqqrmzpNdVDdiLGwtPtzZdZbysYiRG /><object name=VOuXyvQtqSzTNiqHEVrTIZVA /><object name=yvyxRHaYfutMlMDVnbtlStkblatiIUKKxR /><object name=ChtfIGVUsLHIegTTgjWJpiXxYmrdQPz /><object name=lHxEUWunfkrNSRxoZaHC /></objects></root>