<root><var name='id' value='5e212178-335b-11eb-b25b-4cedfb6bed2f' /><var name='level' value='47' /><objects><object name=UdhwBGpNYgGt /><object name=UgUsLORGqlJHYBqinkDoSsiawEXeIwJxW /><object name=zzsSYWTJAUPyMloOzcPtDgqOUUgDuaXPFuzB /><object name=sQMvvRTFTvwnedDuKlEHWqdKgRapfgNGaVUozveL /><object name=IzjayxtEmasgsVarbbBboObp /><object name=CszjrKNdcPNQzpxioLAZbDIKtynFbao /><object name=bwKcczIQMrTArxTgQfTsghECJzIfKXqhWeR /><object name=FNsfahTkODNFaLDeYObbadePHvskoJsRqpYdiO /></objects></root>