<root><var name='id' value='5e21e422-335b-11eb-97ff-4cedfb6bed2f' /><var name='level' value='20' /><objects><object name=CdCWZWFKuyvCwKYzdwCZQH /><object name=fwmKHCLwLyhqTlfJixDGQbMWWgfZ /><object name=kSzflAdOZaRAcoumuRiCqkIjcStUJyOh /><object name=ZrOWqIJKrXBkwUbeRsZxplfHneiqmu /><object name=MTvtVFuOcudtS /><object name=AuWgPtDmPNOlTuukkHfnfkJyFAhgFVzPN /><object name=eOlwHzgoEJPWIVAUGyrxUnWsHSkg /><object name=BUFGYhEnPvkdCuYrjkJanfQfsTXLroJtVyXzdN /><object name=mgyVFOerlI /><object name=LhARAjmyYV /></objects></root>