<root><var name='id' value='5e22cde3-335b-11eb-84cc-4cedfb6bed2f' /><var name='level' value='77' /><objects><object name=XPqgDtRULzUTedwFfDAmyHSXwKbLTvzBvUdGpO /><object name=fTtRHXKdiQglBHKfvhtmviKMvwzOb /><object name=FpYKXlmolVzecUe /><object name=HpMChYoQqLjIsYXnkDKVBVS /><object name=MIDSWFEaQwnmcKPFHCQnyYuPMrSpJCVcrcOc /><object name=QKmShYoZJxA /><object name=roPQqkzaancqOzqVxpMrGtcDZcVyOc /><object name=vzRgXWUSkLOGgKOILXXozivvuhmIkf /><object name=LqJRPKTvrvKJDaWIvpeWCyLjQXStjCP /></objects></root>