<root><var name='id' value='5e22590e-335b-11eb-b049-4cedfb6bed2f' /><var name='level' value='20' /><objects><object name=sIdzVSTbAIDvqfbFwRhGthDHGVJ /><object name=XKoWDJPRKppnfOMXPjmGVWMhMe /><object name=BytWmjLHdjWuSQOGPrY /><object name=FqWOyVzBbQiHZjngwFqWmBMPm /><object name=WttBxfflCFPyr /><object name=yGnZzeNCnDkyxytcitmzRPGiwajB /><object name=MeZzbfkVQp /><object name=tfwHXynSmnnIWLhOSYuVXTQrxrPenxoZCjTgA /><object name=JMnHddusqWnHyvXjPjkyTY /><object name=vRBgVpRFKWRUgebSW /></objects></root>