<root><var name='id' value='5e2342be-335b-11eb-9496-4cedfb6bed2f' /><var name='level' value='41' /><objects><object name=VQkXcXiBuCXrqwGurbCbwSywgJzzKDmV /><object name=BfzMgavQrw /><object name=xzNlAMMnkAXAxzZjmOpgPJoifbQLYbedUQ /><object name=sxEfnMdYfclGEzBJVmMKUfrzUDwiABlSrkED /><object name=aJTnBzRKtDDAOjFAApu /><object name=cUdWnVMpvHLyvvuRaVkuAhpqxAxVAWScUlc /><object name=eUtQlwqLCrxltFbeWCJNFXoTdSZWeCvDAUje /><object name=DWepZphkYfckaQSXWROxIDp /><object name=HCrQMjnLoZo /><object name=HRddabicCnCgTWxGyWlQkUWan /></objects></root>