<root><var name='id' value='5e410189-335b-11eb-829c-4cedfb6bed2f' /><var name='level' value='64' /><objects><object name=uggFQWBCKDMmUmntvXCHxbPKCqNfbQClQj /><object name=RnNuNTjnkRQ /><object name=xmZUYvQCgrEgEyrTMCmg /><object name=yhXoPXhaNVkhKcqvtLZnFYJHFiiQjN /><object name=IUywNMRHnYQFmYkwdaBvRNbnnNJb /><object name=vNHANfnPTYJp /><object name=DpXigbEpKjHBYGhSWlIiFQjtznDQwQlY /><object name=sphLAZJTRmtGeunMtdezHyacc /><object name=sfKsmDFXMaGNzkTiGgvBThmEzQNozdWGsBzZ /><object name=bRTqEkcfbJoeWiC /></objects></root>