<root><var name='id' value='5e435dea-335b-11eb-b8f1-4cedfb6bed2f' /><var name='level' value='63' /><objects><object name=bwEAjllJmZoUyFYEMTiFmtasDBKBqgWeRdhv /><object name=cmjSixEwvzWFzBNFHBhNeNgaomDGgI /><object name=swHQbCVIhHxZUYKYxzcBOhsnUkFeyfnnZoTCh /><object name=fXHmJVbMuBcpHQejBXyCtvwows /><object name=NzZpFTjMBXgvPDkf /><object name=WxSfwtkWVUvdpzGoGGpTyb /><object name=ZYhooiDphthECIHBjplMDkvAyyhlgPIwrOpwrqC /><object name=lqlKUCmZiTyYqnz /><object name=YBFfrniJANTyDJzEABTAxlp /><object name=kYKElvXEIGUWyHrUbkmgPhFeYbCvwQVdMJebm /></objects></root>