<root><var name='id' value='5e43d3d8-335b-11eb-b2a4-4cedfb6bed2f' /><var name='level' value='86' /><objects><object name=hLBFuVAsibqazPMbKFSPyyWf /><object name=YrwaKGaPQWvAKKXcSGIPoA /><object name=DzCBlwrEwRHaNxwUKBj /><object name=zzGkEbfRqKgvJwbwaEwnNYVzHAllATstlfe /><object name=DGwpPAzXLoVomGZUUQJzZqiUOblzZqa /><object name=bIMcEQcuzBktqLsDefCAPWShhTJGOYhjsDtDMVF /><object name=CsgNLqrUYthFUGbj /><object name=uVxfVFFCgsNNnLVTJtJTT /><object name=irBriNuCKOEuO /><object name=xDZBXebJAlJVjktoNEF /></objects></root>