<root><var name='id' value='5e43ace8-335b-11eb-8659-4cedfb6bed2f' /><var name='level' value='5' /><objects><object name=lomejjflPKlRCQEUPiYzCpcUDf /><object name=aZdsYTCLVFwxHDpDQsusnjlfXxeFlwugucKC /><object name=OxZdISkGuRejrzuZymlQtDBaLZQUZiyCI /><object name=CNXfZjnttAVafYoFapoLqBjhVCZlq /><object name=PsTTQbKSukwArNSGajzRcE /><object name=QhsDVUQdgqKxLqsgCsKmVTaxISUTXmwBRY /><object name=DhYdxIUDpnAwAYoZflKWzhznyvkQFqCqfK /><object name=YsRsXVcQDKxSEuIxhjCxoksqpQGYVOVlyE /><object name=MRdXKYqzYhuidmx /></objects></root>