<root><var name='id' value='5e4385ed-335b-11eb-89e4-4cedfb6bed2f' /><var name='level' value='95' /><objects><object name=tsJEWmSzHQGEexltreUzyaubRJtCqilrz /><object name=osLStBvRTKQJImUASwRUYtPbSxC /><object name=SMpOruJiLzmwAEurHTrOFnSKpRiaUA /><object name=jAdPUIuIOqIuDNeulLkYhWwfc /><object name=IbitRBmjPfPkvMXBOLtiuXHvqTlPjKPiXzyxqu /><object name=ScStWNGZEhAnfJ /><object name=mrCObycebNMmzYcN /><object name=btZtZjCiajoYuAHSG /><object name=kfEsSYXYgvEsMSjduclvjAGhxyPGlIHSaju /></objects></root>