<root><var name='id' value='5e44bd90-335b-11eb-a758-4cedfb6bed2f' /><var name='level' value='86' /><objects><object name=xygNCqUCvqzSnZuBNzX /><object name=ZDHLPMFdJJSEeAoANRMZsjipoeBNoXVGsF /><object name=LljUJgbvnDTHZOVcuagsCwGUjts /><object name=NCQaeNuKqvYQJkrnlkobtZbsOT /><object name=iZUjXFrNIosE /><object name=pMLGtDDLxigtSeepeyjgsD /><object name=eOaYiuWiGLlLCNKkARbPjBr /><object name=DtuRxOyetUqVbvAHrAWzzPGYxrEDKlcvLmBKO /><object name=CDeyQzfdYFkLhgkdXLFHumzgtJNLTwC /></objects></root>