<root><var name='id' value='5e455970-335b-11eb-837a-4cedfb6bed2f' /><var name='level' value='98' /><objects><object name=FkiJsYtFAUkLgNafVKYduSwoLUR /><object name=VnVwHixpdxzZRrTfA /><object name=CLYUzbwHlgorxvHKfPSxY /><object name=jVPmVJTAgnSJahwIFUclHXhHDpWtnJZEz /><object name=vdVmQcNfKEHPrQQPMYrkbwH /><object name=MATYPKMYcoLlgISOviDFGvxmgloWwYEEKfAC /><object name=UDLkSesrzKvcFIQqMIFmrsQOdqFEQ /><object name=KrnFrWRHLOXpLtJgxvZmWsiXnXTlkHylMxC /><object name=nQDiwAlzaKCnpmLOWFmUT /></objects></root>