<root><var name='id' value='5e45f428-335b-11eb-bd3d-4cedfb6bed2f' /><var name='level' value='85' /><objects><object name=umBGDWONfXJxMKevsaydbMaQxTlBtaugVH /><object name=LxbtLgmWzQJNSGAUaaBTX /><object name=sxiGaZzSkd /><object name=mwXjYHncxkaRsgOfhbSUgsdIkYcphFjHXGzRfU /><object name=ivMLenoSugdiEDZvPHDXIddEfIyFlJ /><object name=aOoPXMgjbDVJvHbQxswmnjsimAtdIqegxzXSaZ /><object name=CovtrBYUlhbBaWTqcHQQ /><object name=JDveUlRRugxARSzg /><object name=zGTVHbqgsNZfbKlIMdhRYwPOqxN /></objects></root>