<root><var name='id' value='5e45a762-335b-11eb-9e09-4cedfb6bed2f' /><var name='level' value='70' /><objects><object name=JyVZzgOUHtVbdaBvaOCuDXzLWfWeNOviAAywE /><object name=gpcggroYyoWDohIUxAcNVHUPYz /><object name=JgClcnuMBJd /><object name=erputlPMmFVgvTxXvQQutZHnKxqPdfW /><object name=gViDiaZJovjPitYdUBvDrSKEnMKpPdrnZHbJNxe /><object name=WOprtSkpHdyCUtb /><object name=zfjKgOPFqIMNcNXoSf /><object name=FrpLbWwXXFIQZcMSdQhIksze /><object name=vlJXDKARoScERbbUvvCGjMxziepoBnnLBDn /><object name=KxFxJWhxFWGeXVahoAQyxWWuYxmOmiJ /></objects></root>