<root><var name='id' value='5e46dde0-335b-11eb-962b-4cedfb6bed2f' /><var name='level' value='65' /><objects><object name=EoaAnBswvlJ /><object name=ZhPfOVxcskGTbLj /><object name=kiLEMcOokwjbt /><object name=wEfecQilwNBIFpMPfiubihuDRkTtJCaE /><object name=PpqQabGFDQfKBKnpYTNZiywAavuINOcpk /><object name=vCKHYYcFZeLgdtIarIcumhHpWuTuClF /><object name=vvlcLLIhvGTrusKcWPcgJqMIrpKWZE /><object name=EBpwjkOfrZneWBNGaxpEsvbtJSLWMsdneEABqjVu /><object name=IvDwKKraFPCAoOWgbrqBbspcYoUGxmmQOaZd /></objects></root>