<root><var name='id' value='5e47ee91-335b-11eb-8d7d-4cedfb6bed2f' /><var name='level' value='55' /><objects><object name=keYNjzpCbQKYZDUiXygvLrGahfrEfCmjzaTVmZGD /><object name=RySaaqASaoqGJtypmoHeINcTbrnPppsl /><object name=ZpLrFfKDWWVXoCUgEHiXKKlbXrUtGPIYyi /><object name=YamAWIMxKXMgfdgDbWmYwEmkcnUvuOvNky /><object name=ZmisTAiNXkmeBc /><object name=mdwJrOupwPOEzxuMMEKRKXZCsGXOrUcJhNDzB /><object name=CizjuPeRKQXLjfHe /><object name=GPNzraHXXYpoSwEq /><object name=JkZVMNMVbXkephxPQvZJ /><object name=SAbRUlJpZyLELQkUIARqUV /></objects></root>