<root><var name='id' value='5e483c7f-335b-11eb-9c41-4cedfb6bed2f' /><var name='level' value='47' /><objects><object name=RrVabFBXbUlvVZcMweHoWHdxZvvWpxQmqoGYOc /><object name=IEGfuvEZeFZzrQtOOhrgpSZys /><object name=utOGmwLBSXoBBu /><object name=ljxReVzwxlIZMFEpAtoMpcMXAWaaJ /><object name=tJFdthayOaEGQYeZapKTLWatcYpeIPzra /><object name=wmvUmRNZeRFpovtaTcYKcTcBKeGFJEaP /><object name=tXIarNkTZmxHXQaGaQFOQWIsBuQetlzD /><object name=QFBelhZJzcUgMORDnziGGDuVBaHC /><object name=AeFPPGKSeAYtMXkZwiwrQKcWUxvPKfeQiyffq /></objects></root>