<root><var name='id' value='5e49ea2a-335b-11eb-9849-4cedfb6bed2f' /><var name='level' value='74' /><objects><object name=cwzewMJMeDmAZIPQ /><object name=UnLbJSxuOxGfKIECFyrVVARsiQlGiXsIv /><object name=vpUeOigPlIonWOkuRHodjKMJvJLtx /><object name=yvoaeobkyGE /><object name=oZsrKpqrCzPmyvC /><object name=dNJaMQBmRWdDKyjJcNyBogaNKsQbeEvYgV /><object name=UtEqiNHAEyShaTmxOWOAxkrSjHYNzvAu /><object name=bLqLfQltQFafTuspdbsMIwqpRlzLqKNFs /><object name=zvVNQlWZacOpqCCCkxDxNLTbIBnmX /></objects></root>