<root><var name='id' value='5dd25e6d-335b-11eb-a96d-4cedfb6bed2f' /><var name='level' value='50' /><objects><object name=HHigomsDvcjWWMS /><object name=OzgTdxzUdqaJTXcZxRBgSLPUUZwiuxvyF /><object name=PNQqqrnpPZTNGJvmPzaDExHKKodZEeMs /><object name=mrMURcgxZHcbljVfdbYFpShEjpCuRAbnBdv /><object name=KlZxgkRvHqZcTwuvaTllozNykzfqli /><object name=XSqRmnSUwStkScZGAyMkTmYOElCOTNyzFMaq /><object name=GynGWFzKxiiZfdYODFljX /><object name=TgkTwqfPEzZLnzZxBXrNtKWWwgsCpCYfBDK /><object name=nwjUKPnfHBRLFgYt /><object name=qItBgkRiiEHLvswyuoGGGwPcUuXhAnG /></objects></root>