<root><var name='id' value='5dd28561-335b-11eb-af9f-4cedfb6bed2f' /><var name='level' value='63' /><objects><object name=uJGynoSXwKPIQuWxff /><object name=zLtvWaXWEtFJKwBYk /><object name=XcFzvrjdEbobOETNsxgEztiLlpX /><object name=MfERrWLBILeTorGTZhGMiDxCozdEcyIsjuaPzLQV /><object name=ETOoqHXiNQmtizjJbNdmfvdZ /><object name=SAVtskfjeaMhZxUlqIURJPjBPfTqBnoNIeUMegfA /><object name=nufoapSaHUnLlMeIQrrqvdEltpwRHvaHjT /><object name=gNsUxCpWneTTFlanIEfT /><object name=HBmfFZZabDwwhexfSIsiYYuJAbWCGvVZZlSqxk /><object name=pPNLOhnmjFp /></objects></root>