<root><var name='id' value='5dd2d34c-335b-11eb-ae99-4cedfb6bed2f' /><var name='level' value='31' /><objects><object name=stJvBZpUKJBkSKGRAhqHquARvxWMdI /><object name=iuXZAYouZbSHhOTIfSUnFMXY /><object name=ADqOGXyJFLeuoyeAirxvjPa /><object name=isosSSmXlhCSDFRKxcuLfrlwYssTpZca /><object name=PrWxmysFbBTpUcXULKMmeSnpBGWjVFABF /><object name=whrUZYHxoIqIOfwbtbHMnNFzDyYd /><object name=kotkhWloopsXqpgOyNZOTlqXIVtzTswBsYmiERUH /><object name=UTcvhNGjaCznEfZyeFKDib /><object name=IvSgUjzlHOQWAy /></objects></root>