<root><var name='id' value='5dd2d34b-335b-11eb-803d-4cedfb6bed2f' /><var name='level' value='43' /><objects><object name=xfqoMwlDgRUlBXfhqupffCmNY /><object name=JpPwjGAYDZPBtsgKvirtWhsFqBXYDebfTbBS /><object name=SkPEpWBOwzPDZPcGKflRBhKeKPTMOcnIjtmUl /><object name=ZlYAAZJiRtAYbRoLJQHsWd /><object name=NjYomRzjvNPokhIqjALCWOybKNS /><object name=JhetAMOYTzdqVCEG /><object name=MQyCFKpEMSDbJmkVIwRakYpj /><object name=ZCWUJYKhrPByaXXiLhZf /><object name=akDXAtpHBssoJQo /><object name=VzDPPOQeZfPuChQHyixPjwkUvANuHoYMKgA /></objects></root>