<root><var name='id' value='5dd3482b-335b-11eb-b6c8-4cedfb6bed2f' /><var name='level' value='31' /><objects><object name=wrdABXFrYlZZvWyfXfIMrJsVyanshquBxNhuyPn /><object name=kHbODmNYtcdAiPAxgEVnoewUUEOpOnh /><object name=NsPTfLdjsbuPOBIxKrcfOOqlLPqaBrdtM /><object name=IiDMXYvPmmZEXPspoZcWfrfQyqs /><object name=EfjGwEdDdZOUZukwGzoTZowQOwfQrOrka /><object name=NvGnuBFXtzmCgPyxN /><object name=qdasUAsgkqYLRIQJMAUpqm /><object name=BsxmfBFdjPQeOqT /><object name=QyzMJQpdyQjhYYooOW /><object name=jvSHOElGvJ /></objects></root>