<root><var name='id' value='5dd3bd14-335b-11eb-9212-4cedfb6bed2f' /><var name='level' value='36' /><objects><object name=teRGBaxxoqCbOqJKNfiVNoDhaRcXVYlqGKnrtj /><object name=MsDuCCYEoYPdLFQdvSWaMGqyiC /><object name=IsyjfGtHwWECIaXubGmRleWnO /><object name=AuiECERNmCXQMdLDLqujTipItPdQ /><object name=CXUTdJaoUFnNQimppTJxYmWRIhIEfGPqqtQlAIUM /><object name=mmwIPaTrxWgldaKmKVszJeJi /><object name=rtUuaHwzfBBoiVPOX /><object name=eqPBfkHKboZNimpoSOoTAdavNkABROElgLe /><object name=puApVodDfcLVBlxhKkOeQbcJREanebndhBPfCPw /><object name=bALspuJFvVuGKOUcHEG /></objects></root>