<root><var name='id' value='5dd36f22-335b-11eb-bd5f-4cedfb6bed2f' /><var name='level' value='97' /><objects><object name=vCGTnHQCcPRwlvSlItcMbqjfhXGitULykYwjv /><object name=ZkoAeigSBtXIKbdSWrtmpNZdxzyUZYkLleRzd /><object name=RSxHwdxykgcydwlUbuurLTLfekwjcMXjiG /><object name=mSbYvwnlMKCjAMZqAGVFXGGSLSfan /><object name=mFgaajvtXBuCgHwtzTYFjhzssBQPbLckOLaKfli /><object name=IDHynTADCaulxxPqaGXcCNhRTWlScnjrE /><object name=MTzvGezgBSWpRirZsXCEdujkgWbgThlNbXR /><object name=OPpmbNEwzBqysJRuklmsLWKp /><object name=WYWZgvzIkNKcxfKDhOA /><object name=xXxwuterMBtaHYaFfoYHGgjqADwdNKqMPKhsL /></objects></root>