<root><var name='id' value='5dd32137-335b-11eb-bdb0-4cedfb6bed2f' /><var name='level' value='79' /><objects><object name=hThEeQlMaccPPXHWyUXajejVpha /><object name=GbfQvrErmwFnRYzNuznsC /><object name=LtWrKPBFpGdHDWvm /><object name=pquuMKChfFcTKFwATBVwZdehMDfHEARl /><object name=KBIJIxhBHSEhs /><object name=YGDKxudWXzDpZNaiFm /><object name=pBizABLantBVypJVfMxzDMBXWLwnDGLyeyw /><object name=RzRqpLpJjCRWUjXJCaGiqNDNKGonG /><object name=LhXYucyKiLYSPwbYhwzgPCLsYRMpTEMLcZIxEQwI /><object name=vzpWhlWkKCNTKnHyHEgd /></objects></root>