<root><var name='id' value='5dd4f4b2-335b-11eb-be76-4cedfb6bed2f' /><var name='level' value='20' /><objects><object name=dtmuLzztyqazPDQLvzvQbOxA /><object name=YERtpzqGLghmoZAsKRe /><object name=CHrsgmmCGLOjLImnqNFMmyFfqeGkeJkPtsUs /><object name=rZpOaijDOBHrLqyLzrFTHahZiQXC /><object name=IrijcHzxLqHnBAmPVnaLZEsFwOFxdBEQmGY /><object name=GdwrgefOmmzJzprPjljapzlzyOIecsLULYrMevc /><object name=bxaOeRWZADJAPwcfutebWsFdzrapJo /><object name=PjwPtwbnlvSfYnqmxTFOnvRfFtzIhWDkgwBGCRs /><object name=XNmjrobSKJVBIVJ /></objects></root>