<root><var name='id' value='5dd6ef2b-335b-11eb-a0ce-4cedfb6bed2f' /><var name='level' value='14' /><objects><object name=XHlwyiUJSKoiLbWtonQfOx /><object name=eUZaoqrvFyJU /><object name=CpDedAkelPbtjeBRQvEdIaEUhStSTioNkCQTnpB /><object name=OSpDyUSAdbYwy /><object name=VALyTpKYDDYbqylEGMyiWRydVKosHENBSXHYmE /><object name=cRdxwekslWDpQuedLWpoNgCZXTDYRtqZIKFsQBb /><object name=yqbnKlfeJyNfWpZtTMuOqZZApxbTSiTNCLKDdYa /><object name=cDyCjvNejqO /><object name=SLdfDApXcEFDYDCVcyOTbXUklYgJNHoa /><object name=goOHOUWiDoRlVlmoyfEXGrfoTsKpqFLCUC /></objects></root>