<root><var name='id' value='5dd6a142-335b-11eb-be84-4cedfb6bed2f' /><var name='level' value='9' /><objects><object name=mtaNRFFiYvDHisfPJPd /><object name=KQJeXLPQGSudLADyHfXbHXp /><object name=ADoxUvlZotsebSoBQZOLLIpdd /><object name=DVuqhefspdhXeZftwTQrl /><object name=QiyLVNAqRaRfeK /><object name=RAgrcgZsaCjQuvCVQQCjdjVrhBzoFPpy /><object name=EGwLmcuwAYHXXcpHCiWuXADVmUPoppIEHJd /><object name=TOdHUpUPVukqDvKd /><object name=sOrPOPpfzZ /><object name=tPzTERSNBGWdQMkudHzEylvd /></objects></root>