<root><var name='id' value='5dd62c61-335b-11eb-af82-4cedfb6bed2f' /><var name='level' value='15' /><objects><object name=RwzIvYfxTfIKrfTB /><object name=qgLLJZPOwzXlRTjGmcvQ /><object name=pvqjQeRbcGhAzaSkwomSwgNALabbIPiVzr /><object name=PYnJandUcwQFimdZQtrfMDyotRDthjhov /><object name=cSquDblGLdtgkFzYVTdIFHussq /><object name=jtIaizndUmErvFNVEyIl /><object name=kSFVNqDEkArkCVFFnHZsRJpRPwzWKIpipaLsu /><object name=xscuLorQIRUQOcpE /><object name=IXLXexexIdbaonggnQFAXQJzwhZbIzAIMPE /><object name=jFkEuYKTItIAxzJEQuZCpTmzDEzmQt /></objects></root>