<root><var name='id' value='5dd67a4c-335b-11eb-953b-4cedfb6bed2f' /><var name='level' value='14' /><objects><object name=cKaQszfJJGoXfAzxFEeovxZX /><object name=ZANvMMiYEAzGjlsSiktVdjFRUynaZhyQNKwcT /><object name=AqPXXxbBlzvvIVWi /><object name=XJDuTtzQoZIqVKikPRiMspFP /><object name=twCdeKMOlC /><object name=axPPQZfUZrBkTBapCoFJLQEmKYeqldLYbCYILcAP /><object name=qzvEuWgOCNcrXtpJTyjTHs /><object name=ZbYHikJsjfjfmZToXp /><object name=HBDkMZqquuzGkNCcTfjhdPNph /><object name=HIBvMSaCqOf /></objects></root>