<root><var name='id' value='5dd7d8eb-335b-11eb-8d77-4cedfb6bed2f' /><var name='level' value='95' /><objects><object name=IKVMiSyrkVsorkrupxzKJsuwqffMhzkBmljzXFm /><object name=uzafWCRGlWDofTBRbzRbPUpCnKUxHPL /><object name=AFWyQbylWpYPRFA /><object name=oSbuhETIBKAcWsKRqojBtqveeR /><object name=JkYzYlVndzQosy /><object name=dDMcMISLSJRUCpPOOoQCFY /><object name=vHcbCUkffcu /><object name=wXIMeEoVczWCgqspRkeWhMPlCTgpO /><object name=PORSYOszNMNftSFnWNdFrYuvntgVYvzcwiCe /><object name=qaoXSbUzuzXNxKRtj /></objects></root>