<root><var name='id' value='5dd78b06-335b-11eb-9377-4cedfb6bed2f' /><var name='level' value='80' /><objects><object name=TjJLgOrdiwIazXCekFCZPfkdHA /><object name=ENlmlgHDKnmkQIAePpzKRfbYsr /><object name=YgElXmUhSmSe /><object name=VdiKUeNAKdRczkzGaiibvPprNeaJkndPzjIb /><object name=EIkFRlKlsVvuCBLNSVFOr /><object name=fdEntDnhJgLnaQRFKPQuhMLmMPFJVvVBqdNyPDzm /><object name=iPKAsOdlTcCbbZWnUQsnKLNjydJgeohWTOFW /><object name=qjCDUwFnhLuERVElFEDiE /><object name=TdZCpdgvZUSYOPDDqBO /><object name=FTIhLcihwVhoEZKCBEgZEiUQVxEr /></objects></root>