<root><var name='id' value='5dd7ffe0-335b-11eb-a488-4cedfb6bed2f' /><var name='level' value='27' /><objects><object name=dLooxgVHoJPFGYgzpSIxAdrfgzmtvduqTB /><object name=DanesXIKaWrpAvtkacfiHPynMnhqsEnp /><object name=MdWiSWEDupIeQcysSNJmDUXa /><object name=raZYnIHtqhocJyjUWPyUChyxXSpMCdMkPDe /><object name=aEVUxIwjnMQBlxgEDabPOcoeQliJ /><object name=psUviKkqFDOrE /><object name=MogZGCXpSzGEmdKAt /><object name=HEJtiEPEkgoZz /><object name=EsitaZzfKABcgmClaQQoFYoubMAchot /><object name=YmgWmHVgeHWLeFPKneq /></objects></root>