<root><var name='id' value='5dd91098-335b-11eb-8ad8-4cedfb6bed2f' /><var name='level' value='39' /><objects><object name=nJJTHfwSCPR /><object name=VcBLboEKoWPhKXZyYTuLUyPHquwSI /><object name=lYxtFZOMpKixZSI /><object name=JGdtmxVYFkvGnq /><object name=OVyFQFhDFcCXUbNAloLNnIXZNjlpQPzyCovEIfF /><object name=iNJmojnikKnmnRxQmqjHNYbpZAAKRdaMWkBz /><object name=YVZWIJYYEJvgeKxrgfQdato /><object name=bYadFwkwqIAgmLTmXlgbAKpOHIm /><object name=yIVehnQdDZtTjWyegNOhcXxtjquSl /><object name=IRtnLGhrwKGaRUvHpwxumZJZfqxHqNFMYns /></objects></root>