<root><var name='id' value='5dd91097-335b-11eb-95cc-4cedfb6bed2f' /><var name='level' value='88' /><objects><object name=vDHnrKdsNOUdlTvNMI /><object name=kDyWyPjuMiSZCqq /><object name=vqanRezGPTYOLCLCmMWncXeDXJzFwGIGt /><object name=IDsDAptDimfpZUoxWFHKgWTEHOl /><object name=IlXFQtRGUIwhJKxjcnteGMaCpNviASdMuQhUB /><object name=GobcTHShMbvtfeoV /><object name=VLMLUkJjnYjjxguYkdLYBdjopCPKNZklEyOOQ /><object name=EsHzAbcotfsy /><object name=UuuYSJDynigLYX /><object name=INXprAyUGjiTCoRMKXh /></objects></root>