<root><var name='id' value='5dda214b-335b-11eb-ab2c-4cedfb6bed2f' /><var name='level' value='14' /><objects><object name=WbkTiyArIQf /><object name=tsFvaAIdsmvpIMWZsDILnbBnnrPo /><object name=hkSlcCdvnpyNipyGnOuewwcwZmRTZJMHGIGS /><object name=kReVkfhLTiEWydnjWsNnaMBLExq /><object name=JpsHKIAZBfRSsZPXVvbIzKOloKZTjCCfz /><object name=kOVqlIgXjZGewX /><object name=coBryWNCIxbDzKnQVlu /><object name=EXkeqlnLvGybDzQblezIAdPpfOdZYUORZaCgCGoe /><object name=BTnalDbihSkqHhDxfpDhFcVCCOhVQJ /><object name=jkGYisvWSmqBAeFedTAgJNkvlzumobwvYzAY /></objects></root>