<root><var name='id' value='5ddabd20-335b-11eb-839e-4cedfb6bed2f' /><var name='level' value='53' /><objects><object name=ZYrKXFrxUiw /><object name=mRCQsMLWXFmD /><object name=waPWhjHiHilTFBDAVBK /><object name=JQRpjKjAyovUWjBk /><object name=FuUPFTcgmKvOYOJT /><object name=uQfJugrepANVssEDcTZnZhrDyLlwJrg /><object name=QsfHBodefUQRySXtrGJulabfrGGfZthtQzsSq /><object name=fcaLwwBvmaMKNEyaFTlvcYeYIpNlRDOcVl /><object name=XauhRmaJdblFubymdRiKJkgAbbzjbaxKvsIVFY /><object name=wmBqXKZNXfKmxJqvNEaxDDUcpdhDWdBl /></objects></root>