<root><var name='id' value='5dda4841-335b-11eb-b6c9-4cedfb6bed2f' /><var name='level' value='16' /><objects><object name=hurjkanuiWVbvsNRFJoSCOJn /><object name=HNqnStqtIGPvDjpLbJYkWDMkkgbrZT /><object name=HXCegUNHPYpfBuvbroxBzhAzkPTPVlSAlzaTH /><object name=kZekcESfFauHcEwPoSLchcqSRxmNr /><object name=HIUUwfqkqGsfiayxqfgOfZujiDqB /><object name=mzbTttPlxU /><object name=bEwVyAsksdLCqYCaxnCqslpjSie /><object name=VtqftHnglNwQIqHzOUSbdjwCMjuQIkixcZ /><object name=JtstUAWCsnzU /></objects></root>