<root><var name='id' value='5dda4840-335b-11eb-8b8d-4cedfb6bed2f' /><var name='level' value='98' /><objects><object name=TLyXxfnKISvSPQcvkvdFrP /><object name=SvVjlVnoDmODbCxcEYPsPhoaMXgFf /><object name=ycpAvHGXICgoXdeEQZeTNgPgzt /><object name=pWrOGyHfYcuhQGqxVuDuWNjIQBWUGSokDmDPUtB /><object name=FVFpSGbsPwEzofrsFIhTjvfSuSOTzcWo /><object name=NQXxQkYZdoGcjXB /><object name=YXjtVaYoYYJAYJdULpBtKvdykomNWmcCjF /><object name=sCiZrSNoBXjUnALaTIxqDMqhwmHMcicImUmvER /><object name=iUiTlLfJiDiTEoVUGcvWAZjMRmiVoFlqBsuHpLBx /><object name=nCFzaMJFciXjCMkF /></objects></root>