<root><var name='id' value='5ddb0b0b-335b-11eb-8ba8-4cedfb6bed2f' /><var name='level' value='88' /><objects><object name=YlmSSzOvflvfCBEFgzf /><object name=chVCTNqjSbzXGpaXqKxxBdvXDOeifMEbbxOIBCU /><object name=nrHFmzXaiBNPFJ /><object name=LXdzAaRdGNCttwz /><object name=GRbtcfjuWqLcrvcOYxCDJszjRKdugqQ /><object name=rJKJHlhQQwSRJBPdsrutEOElCMfseGfgui /><object name=ORWoLYQMHBL /><object name=guIhmsUyqYxjnaAWHRJsHSflolSH /><object name=VAttxUvYsd /><object name=ssIOgdnFzPKgTUQZNRMNQBboTZZvc /></objects></root>