<root><var name='id' value='5f4e049c-335b-11eb-8ee8-4cedfb6bed2f' /><var name='level' value='78' /><objects><object name=ptpkXCRpFmStJXpMkAdxJbVx /><object name=WsghdotHNFtGFFQnMtUmJtOqTtcEty /><object name=BqOfffWbaUkHdgCbkoZ /><object name=AAtdHEMEWAWztBufTYGKFMikPwXoDnDVQ /><object name=FRwYJbDOsvSSeN /><object name=OeSejQVUbfQSSEcJOuOzUNWKybwdfwYjxKJM /><object name=ABpObFRxTBcvrmRRqPGgQYsgjTgTlGDPppYb /><object name=dIzrXrEclRRlog /><object name=mOdAXuNfRCdBhZoZ /><object name=gTpYtSDpfPasCFuUlDZGdIWZCpJQyH /></objects></root>