<root><var name='id' value='5f4ec767-335b-11eb-a918-4cedfb6bed2f' /><var name='level' value='31' /><objects><object name=GGQgoyjFZEakVLxyDnROZWyqfZAkYLcyr /><object name=QJLkgbIRmYi /><object name=cgIkQqGrVAiWqSHqhrtpcc /><object name=XioZJwbyIMpypSlSpgvwOSPBPsf /><object name=yLncYSAwCdsaVMZ /><object name=aRBIdSgqzOeWANjbgiawbymAfMMMVTGcmWovZYTf /><object name=xxyeIhQsVJxavMAjPKt /><object name=lWXXgWjDbz /><object name=HIMoyaCBSPHeBzXZAIjKDLQUocuZZzwdSIaoU /><object name=cYdZqolUXIN /></objects></root>