<root><var name='id' value='5f4f633c-335b-11eb-a9bd-4cedfb6bed2f' /><var name='level' value='90' /><objects><object name=jnDywPTovulGKIsgasNcIImHRGCdAnzrFUJhwbO /><object name=CQnFjhhrzcVnRbYrnAYFGCRbGYOvKAfJ /><object name=ZtmqHZVWLABCVsWEWBzwEbVlbXOitzPmxItzt /><object name=RoazWRjshYBgkGAL /><object name=AtHFdZgbihgARrUX /><object name=rnWSsNvCltpsfaYhuodtBkWPfr /><object name=VZknNXQRloklaUqTsIL /><object name=iYcUTwXtRavcCJAzCGsaXS /><object name=BwQYCorArdAugKeBsrSXoSoNFya /><object name=SokiaRdfoaewNPisDMGkjgdPYkNLSTpyMKafzu /></objects></root>