<root><var name='id' value='5f4f1552-335b-11eb-acd7-4cedfb6bed2f' /><var name='level' value='84' /><objects><object name=bbpJVdBWxdOjpOkrXKkSwpVypIlOsDyW /><object name=coDsItAinpxnEQggKIVrDJNesVmuOLRyfxAgpGI /><object name=yYqDUOvkiPPBLcAJV /><object name=xPisIBXEXLZrIyrWRkBtSKXkoTryffenXbxGK /><object name=gRbfdvYCMSCtkgpFWF /><object name=DjeJDdcDLizZsLvFUr /><object name=AfrjwExsAfhocQIanwtu /><object name=HGdEXnPGiscmKCAMRtEdBqU /><object name=WzfWbMOkcpQwihQrqYsINplBXVkRPRyaBCLpNWXL /></objects></root>