<root><var name='id' value='5f4f1551-335b-11eb-a2e4-4cedfb6bed2f' /><var name='level' value='83' /><objects><object name=zgbWwKIdwmTBlgsIddfHGGWF /><object name=PUramQLUBVPdPRgEmqWdwyvdVKZWzNbuewYEKaFL /><object name=gSGVckFhYFjlxtxaoazcukjkYXmpdGdz /><object name=xgwuQpOrBBeUSjMROBX /><object name=TVKAdkNAbwairwBlhaMARTlidAs /><object name=hZhywAPiUxqyGrZbFij /><object name=iUUvWpdXRGfQjpVniVwdMeRxq /><object name=RQtONYzGKZMk /><object name=XZpwoTHnvIPgVUceObAcNueRCoCnORoHAHE /></objects></root>