<root><var name='id' value='5f529678-335b-11eb-a41d-4cedfb6bed2f' /><var name='level' value='95' /><objects><object name=pbIXvmdFfofkktdCBMay /><object name=BFDvQACRmtgAmGOpgvofTiniPbScW /><object name=iPARpStqZWnbJQXkAgYZghBFnyKuT /><object name=ZVwFNAYNYPbfoKjoiKiqoNxbZrcdc /><object name=TqHNkfmshKkOhOokgkjsELyiBHHGcUYEBd /><object name=tSEhelDIAkkLTTNZDyQDYrGXqa /><object name=yLMBHwwsKsedyoiMoRnYlOvfKLRHS /><object name=HSdRBzTnwZeV /><object name=jCPXjMWyNLPOMPgrJqNmzsAXZ /><object name=LXzZNbgKINvRZGifModLePBKquUK /></objects></root>