<root><var name='id' value='5f526e69-335b-11eb-8d2d-4cedfb6bed2f' /><var name='level' value='32' /><objects><object name=veLsmRNaaMlXu /><object name=gnresukZOaRqoJlcnsOhSKTEYbyFd /><object name=eQtSILeIwRbPMFKsmctV /><object name=YKyrmYodKqqmvdCOxSRMbikgiTZvMLpmNLRRYC /><object name=cpwhaXqrdItiAomK /><object name=nOGMkEeHKmzTmtS /><object name=XVhbFUluSDLidpMIpvdSqaubXW /><object name=bpESfsruaOqcqFgtFFmRnIOREqkXexcN /><object name=qFqLUtpdaLa /><object name=nFtzABJbkvPTLOTKrFCPcOBFuGG /></objects></root>