<root><var name='id' value='5f529679-335b-11eb-a9f0-4cedfb6bed2f' /><var name='level' value='84' /><objects><object name=crjQFPUsoXixcXLkgZQ /><object name=OHzJJEYZdHclPiUHujqxBcmtYlnlTuzqFssETIq /><object name=LEqNvuVBWKYobIfWzITSrBAgNQEEuGCPRN /><object name=MwBbgqgNSRijrIJSTO /><object name=jzELhNEHmyvzbMARsiuehphGELx /><object name=pezLuXMeNtTSwOxKDvvtqPYaJkuh /><object name=EcChCZhHEDRcErOfifcebABCNVPAbVccTDJQ /><object name=nvrteVgkfZ /><object name=DFDXCYLIcAqVYMGtOGvvZ /></objects></root>