<root><var name='id' value='5f53cd06-335b-11eb-9dbc-4cedfb6bed2f' /><var name='level' value='5' /><objects><object name=wkWtTxDKRLAlwLFJJgIpGrddlrpm /><object name=hCSaaAdTjsYdCafnPDYbOxGvTGCsYbWifYrDWChL /><object name=RALLpkXiyIDkZgOUKDekMGMqwWkUdmWPVrfLxT /><object name=qLXMyHYvKeugtCNSaNBAjDLCUwQMqoFikgK /><object name=JDJZCtqLuXUgLOGiiG /><object name=CIcfGFbpAxObgw /><object name=UfkMYPLHOXgow /><object name=ErRVtClZbGVjoIXYLattmPJOOcFdlOLw /><object name=VWTPZEzLXETQlqlRkJTgiI /><object name=PJtaoCjsddyRAzKxoDdxMfTPTaZQIOwodI /></objects></root>