<root><var name='id' value='5f54ddbb-335b-11eb-8e0e-4cedfb6bed2f' /><var name='level' value='74' /><objects><object name=KcsYplxyxQPccqmaZKtyjFepmQxfyay /><object name=LzTwqNAOlWQkNIvjZTetC /><object name=JMKIwiKNZXHtfkHVUoAqMbHJvXT /><object name=hxVAzuIqOULvHzFWasqCdVlcqxe /><object name=zubSQyckLDiguhFNtzoJwyAzRpxICQwA /><object name=MUetXNSqMnGLOAzZjnSuA /><object name=zMjzhgBGxcNWrKweBVjmQh /><object name=ilqKhDGuzCHIbnabrTlkiDDSORi /><object name=ElJfXdKTasQgiKOBFATtYdOQJNdZSiQfTv /></objects></root>