<root><var name='id' value='5f5468db-335b-11eb-a359-4cedfb6bed2f' /><var name='level' value='91' /><objects><object name=FtbOcKkvuBUPYulbQQB /><object name=nNzxwMUnnlGwmCAaUReQfvsXDduGduzlV /><object name=NunJFglTwIcqngrzfgkyDcfHiJOffZhBZyate /><object name=ybemVRmIetObgFaqvcRgtzrMvYKvgp /><object name=kXTXDwkCRwVVrfjBrtnRIyBOBrHgdqpyNHKWiqL /><object name=SdKbgsJuVuNfzylpsFUCGhdCofWJFO /><object name=mcodHeyfKWINGTSqJyQTEctNVovTDNFhTusCkQ /><object name=pfKIOyFLtYwuVV /><object name=dKgGXPbAeWY /></objects></root>