<root><var name='id' value='5f55ee70-335b-11eb-9c42-4cedfb6bed2f' /><var name='level' value='31' /><objects><object name=ksjZGOwsCOjWIDOjxincGRBZVdMxUMEd /><object name=pvtcKKXSUafdkwlSPuvBlDCak /><object name=nKIoBfMgjiyk /><object name=XFUJxBAwFym /><object name=lpUlNJAMQVrlWWDqlMQfcVcFOZVrEAAwtJEK /><object name=yPPYzuphzUNHXhnuMGYOaMi /><object name=JZqUAUDseEa /><object name=pxHKXBuBwUaRkgSYlReixFSXxbFdnDT /><object name=FROALKxiFxeoOSyjxziKYXLxeguch /><object name=mILlGjkTNeg /></objects></root>