<root><var name='id' value='5f557990-335b-11eb-911b-4cedfb6bed2f' /><var name='level' value='56' /><objects><object name=fruTnFvQDnLTFEbmxRnvquOtBYk /><object name=TjuARKVDdOgGmPJWR /><object name=PhKTDftmUfPmwHJsfdBHijOoBdREELBWdRi /><object name=jyJyiCALxTHiWAjVkORCap /><object name=DCgghuHZODAtriUzoOWvp /><object name=MAAeGcLkiJdmuIVMbEmlatpVceFn /><object name=uVwRHEQrsDqaRPpBBzGnXzqERuZSkSIwecSnz /><object name=liTFKsflOOwklLCgYOUACVK /><object name=bbpmKHJpgyNeMGaqBSRyhueLAgvKROp /><object name=DKfmOHVUDplTbp /></objects></root>