<root><var name='id' value='5f56b144-335b-11eb-90b5-4cedfb6bed2f' /><var name='level' value='69' /><objects><object name=eDglxjWmBHFvEaGvM /><object name=kHCZAJDnnAjaEYnBAyXdNmkEKo /><object name=rMMHvcOWYiDtacJhXByYJeCUkitONwQVeWPKKK /><object name=opJsrttnnyniNNethITGblRIKbOMVOhUYT /><object name=EGMshOGBurwcbiTlCniybfpPpdvH /><object name=tOaHtWiPXeoTPMIudBTdaAXsxZQHfNgdXc /><object name=gOMmVSnUTBNvCeJrrFGJcldWG /><object name=ZefHNBYGkjxRbwhsCGSaFPDsHTzu /><object name=zfrFCnuNlsVttgkoneorYazwaRMb /></objects></root>