<root><var name='id' value='5f56d830-335b-11eb-b699-4cedfb6bed2f' /><var name='level' value='23' /><objects><object name=RrAwxGRItZCdPXS /><object name=oxHJfOZkcGrmbGESsGmLSsyWmulBqecqUzBmYM /><object name=mgeYiRJWgEJEmRHnNdRSAaV /><object name=BbBUQItgaZzRdBLPVvKcMWCOTjDHdEZzQzVONxwr /><object name=mdpjhiBnmnGLONpANhmlyggmd /><object name=zZlJfAylhPWRzgTcLXGmeVtsHdgrcjVuGlLzbkIr /><object name=JpDmdzlyJpFLpFlkgEWWgmoqHLKPqAEoO /><object name=CEGbGqrqvPLHlEgPzvfqCrkdpgSQczS /><object name=dEZqCoefOcLLODgZyoXwYQBq /></objects></root>