<root><var name='id' value='5f56b143-335b-11eb-93f0-4cedfb6bed2f' /><var name='level' value='86' /><objects><object name=EmHacYuPsyQbSymbQ /><object name=oQYGoITfjhlXkKVdyrAaHLWBBfPSFJgwf /><object name=MGJLwOsrzBwmSLShc /><object name=zPtEROyjUdaYPvySofXewCnCbUblKGemVdhqwJX /><object name=ofjtpSLwCItSLJZOjfjIGSwCXqP /><object name=UjtWLiIwgdrmxaCtRDPaMvTZsNFhAPMSlVrnUwUs /><object name=FlFogBqoJmqpyMfdHlbCHDFbAnS /><object name=KqsWSGoMxoQPLRMxtFDPQImK /><object name=nXXwnZFeqyWhQpVThPavB /><object name=WhLEPYKRVTnjcNLhmNvkmfZRruAzT /></objects></root>