<root><var name='id' value='5efb67e3-335b-11eb-b299-4cedfb6bed2f' /><var name='level' value='53' /><objects><object name=xKTsRDlilxSCRhDfmENrpqPRxrzBMIuGbcPHtUuw /><object name=OJsRyKnlWG /><object name=LfcFZBbrZdJXbEfgySagrgpbLxvTM /><object name=BAvDHBwRwaEFjFUgxQxndINOPEoZEWIKrTFTKlj /><object name=OfeSDOFZITwfldZehJuKBKARpmDECEEVEwv /><object name=uqwJPkQqLZtPfsVvvYSZXl /><object name=oaJbyqltxIXavdOWWldHoKyptO /><object name=qQzIGEUWhXKZx /><object name=baIauLDyJDpVDztSZSMRHnyABfEYsKopeZHYHoz /><object name=YOGgCdiRKMJQBdAHtCgbZFuFiHQksgCvvHEEPZD /></objects></root>