<root><var name='id' value='5efb67e2-335b-11eb-ad29-4cedfb6bed2f' /><var name='level' value='20' /><objects><object name=HXrDJEDqadlfj /><object name=cRmulJBwFhhvoAuykXEFdJhhDAL /><object name=hbrPjgUdwmXPazmDKuozVgpdnEPVaX /><object name=MTkTxVDtyXSstIVjGKFhzPpZJQTAdfIppuub /><object name=bHbvKEIjyTmNZt /><object name=opbMgoKCIGaJiYcQLFYvlHtikZZ /><object name=PiwwvxonPlkmAOGHbrFPOSnsmSKKl /><object name=DyXkkLeHSHrmDM /><object name=VrgRdfRphtBmEXiCAwMoJFGegeYPpLu /><object name=oaMRvlyyxepUHfxHijPPazDjwTtAuDsQpWfoRm /></objects></root>