<root><var name='id' value='5efb18e9-335b-11eb-8b53-4cedfb6bed2f' /><var name='level' value='41' /><objects><object name=xBgzKNeJyoNBRyVsEvoFHZVPbeRr /><object name=VZuJOrGUelZVobQlnWLvpWdiBH /><object name=ECUELOOvqvmyzugkoqGgdBOqWNpgPkEG /><object name=hVFjqwboWZAjvpAwmEuUjjzrVBVnstWKrUnqVHo /><object name=acACGVuqTGwxIAyiDGAzJYwaSxEujdPtUIxIUjCo /><object name=eBOWSlngQMnoEHQRojpGrCqIPgayqCTwJSmS /><object name=fXzjHQPzdNvBvXiXiwLCwhEIWBHkGCpmDDlOT /><object name=whaflBmjrtNubebXdDIXbLYhBQtqh /><object name=RTHImWtmYEgtZPhXzBzVuKRm /><object name=MkKdqgRlxpXtGNPdWnIqSFAQNpPSjhFTW /></objects></root>