<root><var name='id' value='5efc2a63-335b-11eb-aa54-4cedfb6bed2f' /><var name='level' value='50' /><objects><object name=moThusRWhoN /><object name=LCEwkAhnrFokBVxcfxu /><object name=zFebdqKZyflsIEapgqLpzkcWdgSTVJjpvyvjSzoo /><object name=ZNvpXWEcpBFhzYWNbmmH /><object name=YWfXsEBSlAWHsdy /><object name=VhBDAFcFwuGOTovmtkUaMAlGKiMeRxCqgpyHr /><object name=qUDJgvHljbkLtBmoFytuGJwTpp /><object name=QzqOIwSjRrzzTyDhJbSgudmNerbUd /><object name=NXuPyCmAqRKPFRnBQpOBauemiMEKtmABcQYOB /><object name=WYVYJLzuTuNiQoeVsmZhi /></objects></root>