<root><var name='id' value='5efdb2c4-335b-11eb-8ce2-4cedfb6bed2f' /><var name='level' value='53' /><objects><object name=DnvPJbQZcOuORYDWjYVTtYpR /><object name=ipFRdnAlcmWIviOz /><object name=toNsVIIptViTUQOsyXM /><object name=IicIGMYhqoJvRHHLpICHmeHBJfwjUbTm /><object name=gSVjIHjnhQficabVOVFvYchBOQbuAiLYsRmAvBJG /><object name=PkISapFEFkxHXzvzJkOj /><object name=xbNatrMLdaYZgdSOOVZUZFlfQAEMYzFdZfJQILb /><object name=hstzBedBrBOkUYIfBmKs /><object name=UaxgaEWUEQcAujKUtbcdqAEVd /></objects></root>