<root><var name='id' value='5efd3614-335b-11eb-8ba2-4cedfb6bed2f' /><var name='level' value='17' /><objects><object name=HFKiBmJQjFaAfxdRiUvUOJCqIcZinvIREYacJEKc /><object name=nQTiALIMGg /><object name=luXuVLpMAUarjxwrlXzMHLRLBjbXmLDULliu /><object name=FWdbPPnwirAZNLbdkUxOoHXIrUzVUIJvPG /><object name=GPaOOsrhcDhQGfrBdbtGtF /><object name=GSRZicpufyqkDWvOe /><object name=lkXAhdmLNpE /><object name=upDVpVIrQJlHuxLeAwQlGZFQAoj /><object name=jzGPeDONSmzVKCbIHYKkIWlKUAoquhGeLucp /><object name=pfMYdZGIpTIsUw /></objects></root>