<root><var name='id' value='5efffc27-335b-11eb-816f-4cedfb6bed2f' /><var name='level' value='23' /><objects><object name=gHgqKjhNCTyjfDWvDqGRjZPpSmbAUigLlL /><object name=vTQdRYPmEqoqyhH /><object name=LQEyncrIVZuYubiUvcSrWUDJYieWz /><object name=IjVXtVDjyVtyWeNKgL /><object name=PjDRIYlMZvFBzsxyrrcLFeTYvKA /><object name=zfhZoBVyKdXjqOmiIUCjYjMBqccZ /><object name=RPDHTnCaVHwgm /><object name=eJHGFlmsFlphhATItwNITIwe /><object name=qXDorlNinIpvvhngE /><object name=YKnkcmITXNEDEIjNZA /></objects></root>