<root><var name='id' value='5eff3922-335b-11eb-8e72-4cedfb6bed2f' /><var name='level' value='60' /><objects><object name=JPkzZULeRIBhOFHYbMglpqnm /><object name=VdpnJqKpSUXNeIdAbyMKHjoU /><object name=oOnmDKARieNLYgguwRQYKuVLsxAhyyFyiMJUlE /><object name=OFUJEwNahFzwfELQZjZeknakuTQtKioFkYW /><object name=QAIDQJMpMQSHVzpczZQhx /><object name=NCVVDodsLUhyBNloGswtGQTfzNCbkyHRu /><object name=pXAaMpJnTilBsqgjkhmDCNhM /><object name=KLRmKBJhsncOdXNvcpZURalpDeIJ /><object name=TVPYzlLqlkFeNoYRsdVtyqwkwBY /></objects></root>