<root><var name='id' value='5eff126a-335b-11eb-8ef1-4cedfb6bed2f' /><var name='level' value='87' /><objects><object name=bZaSTxfNRJdkepOrkizbmHDacZIMmrtNqvsOs /><object name=SHjghqHrzVufJFqKllLZczhpJoQjjJLwceI /><object name=bxlHzYVQYKluDtHVhhNLmHm /><object name=hwjsvKFLzRmqCfvmLmDrYBagUXBFPSELJas /><object name=oSpRSJHQSFUVVuBIsggwgYiXHUQbOIdpXzREm /><object name=hTlsVNLsQpxBRHoeZahWKzOSbruPJYmLuWT /><object name=uuTWNaNnvpWXpM /><object name=VvdMeEedGOzJVLLScXSxn /><object name=CqJUEkmzRRAMKCkwqpyFwznZMIXULRTrs /></objects></root>