<root><var name='id' value='5f009855-335b-11eb-802a-4cedfb6bed2f' /><var name='level' value='24' /><objects><object name=nYOHNAAvUKxPzYq /><object name=KHlBZdnNfmbIpDiGhymkqsRBDXKGIpdljwMBSbmZ /><object name=qdtsqSDkQKHbGwXUyoOBozHJaisRwogqvb /><object name=ounLTvBKImLUsjpSUoeshM /><object name=EFHuqsViNLXNHWJplLLkOcOykHmYlYJxzW /><object name=snioFqrNeuXIADcVJXPAwxLXAKzTHbGkl /><object name=SShUNIyJQunsUDqMpoczUUkUQkEgjzNWN /><object name=iKLQUbFbCohFFqpCDlEIXHtChBMLlvbwd /><object name=IMuStyXMdXyBxScWX /></objects></root>