<root><var name='id' value='5f00e5eb-335b-11eb-8c96-4cedfb6bed2f' /><var name='level' value='85' /><objects><object name=cqagcJlgIkMBfaYIdWRTiUdprWZxBdg /><object name=zFNDnfunCWGZncEmlyPzUBTPUVpgzxogmCGuSI /><object name=UPJbLesITTlPydgfUNM /><object name=qUGfDVSdcLEvJDtYfAl /><object name=uLdXKhrQsNACMWsDrlNNJdn /><object name=MXMxQBTweXjBDRfKwOhDdBgHFdpFQiwjgVitSgQY /><object name=dwvNkkbmJhvhLJFRnNxl /><object name=DvVSYDDTNiOSpAYkiqEIqyRZFHRctOTIkm /><object name=CXuIfRMGxnRcHpyObMFqVlhvHfHLXgAwh /><object name=LKvSHMzcyDrrKlifBbnHjTNEMcr /></objects></root>