<root><var name='id' value='5f01f6d7-335b-11eb-96c6-4cedfb6bed2f' /><var name='level' value='9' /><objects><object name=YCSaUGXGOLVaeCDEhU /><object name=CrGhIYfelVGIDhgRZYqGqCKwkqBOrGNFXZqhd /><object name=PRMeLbCOkPBu /><object name=piOPKdLLJPbAGqXFvcTclaKxhatGIdYa /><object name=nDXFNTVNxcBeejTDAbXFvObZyZITpleVVKT /><object name=rxRHantDZuqVgVzYodHHVyDTkUtUPdnSjHZSSsSx /><object name=lSNwwqJylhySLDoI /><object name=RmKTZksUEngcILGbCePNSZFswCiTPuiWZY /><object name=xsiMSxgYuYpMvyyKTxExzPiHvYkGnLDwr /></objects></root>