<root><var name='id' value='5f010c6d-335b-11eb-8067-4cedfb6bed2f' /><var name='level' value='32' /><objects><object name=RiTntQcHdXcbXOnWfgCGZqUdFblLLnKh /><object name=qzUnEZWXkIcDasLWzjkMDztXiokyVofMpANzcgen /><object name=oamxNWeqloaQRz /><object name=icPHPPbrjTLNufNxsZVEWZiMQp /><object name=hrNWBniYKtAevgXdk /><object name=uepdLppzrVgDU /><object name=yfOHaMzZCuTo /><object name=XuTslVMVmGMkaHkLXvPuiGrtmBwKyMaBavlb /><object name=rrRrUGUVRTYBDEJOTomlqVzgSlZIlO /><object name=uATnBxpHpLLnEPSFBtnxRvFbcIYdrKFPfp /></objects></root>