<root><var name='id' value='5f01cfd6-335b-11eb-b7b4-4cedfb6bed2f' /><var name='level' value='86' /><objects><object name=cvLfvBWDyRcmsRxveiFGgljyBiudiqjpsLLDdfbr /><object name=GIJixyCKwZLsifxSufAUtZxLpSjiLj /><object name=FXdSNIQrTK /><object name=OzjZGhKoPb /><object name=NajvcoBbIXgRx /><object name=pLHbTRACMVwTfCOdBgqcBFdzzIEolhuWfk /><object name=kkBcNQBnFwjzRXKmLSWRwEPyIoKCdyCpqZDssN /><object name=SvDByUqEvqMMYPWU /><object name=OowPQKZhDPFpFPPFqULHodfHakeaLdMx /><object name=ZijOtYrBjDgaZfgeiddW /></objects></root>