<root><var name='id' value='5f01f6d6-335b-11eb-aff4-4cedfb6bed2f' /><var name='level' value='60' /><objects><object name=QjLQNplCBKGER /><object name=zAdKtYYQyKvdZIHpkqGbowmOwPCjXUlxhH /><object name=hnsRtOLwBKhCCRBIgdvPS /><object name=bfMhncpOpuVIZvrszlcKJgxepsvoNA /><object name=NwIdLHbyUnunkSBVJHyTqDArWAtC /><object name=rIWJmeVtcy /><object name=gNOYIQfCPBDrZyUMxSaHRJFKvAkvuCmUowHwnN /><object name=LxXTTUJKtlaAQEVCbDinElcipxNwxziY /><object name=yLkgpKiBbBDqdCdZNprfsAjTeHNdlQnvBzY /></objects></root>