<root><var name='id' value='5f01a8e6-335b-11eb-a4c1-4cedfb6bed2f' /><var name='level' value='13' /><objects><object name=qxOGDBdWZwkwptxvfbRaHzvAauCSXfpx /><object name=vGifGXOXzUWkP /><object name=igOjgeNgklLLeXKxTRcjAVxVphYp /><object name=ZHDsYHiCvYCmVzdUGFnvM /><object name=SMQFZqGftTZGKxoQJUkTvZDMgFGgdhMUzXUuIWhM /><object name=RvkrCUmlwfq /><object name=UEeFgPmzmpLJbcq /><object name=ONFHibqlVdMam /><object name=XangsWYgQBGS /><object name=seFdcrYGMZvsaVBfOPXpRagFUoDJfypfp /></objects></root>