<root><var name='id' value='5f021ca3-335b-11eb-8292-4cedfb6bed2f' /><var name='level' value='35' /><objects><object name=rnfuWDoxBYzZAPL /><object name=RkSjDDQpDHrixTcVTSrRmPgVkUDO /><object name=ANddXOixGIlgsUrkGCeZFNtTfEwBevZycBS /><object name=xokqLphPCiDnWJHtoOYTVpNDJfz /><object name=vpdOesgoYg /><object name=sgfrGOVxliFYZZZlOLDNwChYnpXDKSLmQjmSlmn /><object name=VoxjuhCrlPYSUgGeZsjUXOgFbIZwDq /><object name=CJQPaZuiVkwdJIvvWqEuoWL /><object name=NJCMCxWwnBZjDmsOCZwDilMWvGUFOJEpWbAfY /></objects></root>