<root><var name='id' value='5f0244bb-335b-11eb-95f4-4cedfb6bed2f' /><var name='level' value='4' /><objects><object name=dtAHGWdKDIEplCHaIEarxblI /><object name=bHUIOqiXpnPXmX /><object name=EZJmtfpGfoVOGEpERUIFXGzZmshKCwdfsEE /><object name=cNRnUevfnMDhOERtaVHngSoRqFazEMSKPX /><object name=JeMfCiwYbF /><object name=nMiqCQCeTchLlTrYcJbZHpVxYrFrpOQo /><object name=KoDgSbzlzVIPGLB /><object name=GRYwDbpZJnOzrUqBKDtCOkALldvxhl /><object name=zLzLZyoUUTXPnCYcfDXDTUjbTO /><object name=cjOZOKGROfcGKudE /></objects></root>