<root><var name='id' value='5f0291db-335b-11eb-8305-4cedfb6bed2f' /><var name='level' value='64' /><objects><object name=ShfrkgoxItlZxCqGZgJCZZgYzDax /><object name=SKykkIFMMDS /><object name=xGmaKPEAAzZNlyJEceIqjyQhXtHu /><object name=EtgWFEfblhvAoTTKnORuXUCWNlZUdfc /><object name=gHCYudbXoPCTdjEsJqOBhKfDqARuyUH /><object name=ECtHuuDINcNqYQkaJElxRlDUwWwCzwjDJeJHsVLM /><object name=WEPaHsPJZEkize /><object name=RVYZNXFfkMqapPOEX /><object name=yYlnpnkKfjVowJXCS /><object name=AZuNbqBUDFeAgeThOkzHNmokNbGVDQouVoXdzZwr /></objects></root>