<root><var name='id' value='5f03c928-335b-11eb-aeb8-4cedfb6bed2f' /><var name='level' value='88' /><objects><object name=TdSrDrdRppSuMVyobnwnHiHABoUpQ /><object name=vqpCObscFWZCfpvptMLgGPYPKdgRakk /><object name=XcDvOENjbdnkZHlUBJiwQkWPgoGeUO /><object name=rthGpKAZOEVGxAGXMvoqzDZUodPCuLfU /><object name=TuJXKPsODsgpGwtMSDNNiT /><object name=vMAiYlcgvUUZFMhHxvPSJwvytxwwy /><object name=ZeWfXOpyNLQwfURomuMsmplsYDwpsxntqj /><object name=aVLDimYckOQfamUbFcRNYRXamVjUhKertXkxYh /><object name=tTrqnuPUwpscIlTRtFrtqwUm /><object name=xnoZsFukkKRrqoS /></objects></root>