<root><var name='id' value='5f043e0c-335b-11eb-bb35-4cedfb6bed2f' /><var name='level' value='45' /><objects><object name=eqJUPyAROhUrsNzzCpWXoVZuUGAodqciJ /><object name=zPScMdtsVErETkcCosiZZgQzcxaZL /><object name=ktNwnalTsjkwnJLVJLnoKygevSQvYvNuePu /><object name=kzzFWllCnnALbvhikRPJX /><object name=IgjbemsHTuwgpFpNtLdUDJalNY /><object name=WWNkyTGFChDqNeMJDJvIoyfDHEYdktAJHHXXPAXC /><object name=nsuftguPRCxGKYZvumxKvCUjMTvAl /><object name=NqBigVWUKsfouEdaByJfTBsqvLiTVBpylpm /><object name=sPbMTOPfQpPr /><object name=uZkdvWSNuBZdJvIiClAFPHmtXNZEeRxgtFYwlYm /></objects></root>