<root><var name='id' value='5dc8c80e-335b-11eb-b82e-4cedfb6bed2f' /><var name='level' value='85' /><objects><object name=aKPtgbDXKAfUARvglNjZxN /><object name=CMNSWYRkapDGKITVvHhuCuSwXqkwBenGikZLOEMa /><object name=YZwjBZukLZyBSuCl /><object name=gwWhhaTMwUgVRgrwOaowIVXUTXlgsQcCeOZ /><object name=glyAlaFpfzMgRKrHHtQYGDENb /><object name=uoBrMdQipPNMldKEMf /><object name=JCpSqmQXQLjtiBnfmxMvMkClKOCPGb /><object name=ydNRnkzhEPJbSUhyyzgwAeIhAWDg /><object name=xmmuODwnQynxuekwqSfgMSCDxNukWmgGTjlHIx /></objects></root>