<root><var name='id' value='5dc8a11e-335b-11eb-b7a5-4cedfb6bed2f' /><var name='level' value='7' /><objects><object name=icmhsCjItjmbEQok /><object name=YYBkJMWWdkFQrtwkFTRCdOoeDPsnsCylhnFiJZo /><object name=NhrowYwqdKveDecFdmJibIetF /><object name=fUNIHvOuRxvcU /><object name=oqYxPzoLWWjjznoy /><object name=HBNsLBvDuHFfCmCOCWul /><object name=gMQVLPjtYTeMUPFeEGDHYZlNkcyTCDaHAkgG /><object name=oODnFBlkISBDDvAxCTaBnot /><object name=VgNMIahJOOIbfPPdezUjUbwOkwXxIzxIUcgKD /><object name=EUFOuiEEuCMRMGaeZvrkaZgRIlXgjkgXKGpZ /></objects></root>