<root><var name='id' value='5dc82c39-335b-11eb-abca-4cedfb6bed2f' /><var name='level' value='23' /><objects><object name=buULKudLynpxKdMpjbpeZGeJVuwfVYdSVnZIMch /><object name=XgAcqOynLXxgwHzViKflyROczxTmJGWCzggnvZcX /><object name=JrHBNsMgDWjiyguTmZNGXPfMXBzCJBuBCDupEjFD /><object name=cloXFqcGzrrvENAqRAuOBTbuBRnNpO /><object name=KjKuetMzOysXtnuNbjeFRdyFPArTCC /><object name=VHVSDQlbtWYNeTxLiLxrhYGwukkqFuAk /><object name=TtpnJzgVtdCesYmiiuxafdhZWbOXk /><object name=UwWCpJkhuRsEgKJVIvIFAP /><object name=HpEjPYzcvgakEjPN /><object name=hgtWtzPTcvYdjDS /></objects></root>