<root><var name='id' value='5dc9ffba-335b-11eb-b9fe-4cedfb6bed2f' /><var name='level' value='65' /><objects><object name=YKJnFZVyUMVYcQPKvyWVKvooCXFIDT /><object name=NPbiygAkQgGwYHjAsHkqFCPVkLA /><object name=mNVkhvlrOfKmGZDsENqX /><object name=LBdsdrygDfEhLyMFYrOVrL /><object name=ITaIxvsDwRfzCGnEgoJJLaTIMVqIloU /><object name=IZEDcwkBpSgoEmdAFzcsdjlzQD /><object name=WgGLXOjyPgTyjdATvnNNhhBWVPMpJylOLNiNLp /><object name=LUkTZqwImaCcEsMFF /><object name=RRjEPGlZPbUwbwckDhKEbKgACDsDBdlWtD /></objects></root>