<root><var name='id' value='5dc91607-335b-11eb-8959-4cedfb6bed2f' /><var name='level' value='72' /><objects><object name=nKfUvNdsrtNarxDpJHjXWdcLIXFhgwNRfJiS /><object name=tlUyofsCvPvnlRQstvVhSDRBqIqJlvACGAmXwv /><object name=gAaaTVLovYnvaSPAAbNc /><object name=oXxhjABEhMILGvnozdJfTprBeMRrmGzPvQitH /><object name=PQWJfJLbIIYsxxWDKQIZ /><object name=EtmGnZAEVwinOVoxvrFrqSoxyGdZhUa /><object name=wSvHniAiRxSvEgLWuIUylimnyVX /><object name=OcooBQGvkFziwzVMWlSbFVmukILeCzbyfsNIGv /><object name=GtIvkEtAgMjKFjWYBOzxqNz /><object name=BTGtFgPUepwuxWrGNXvdWYbcmSRAvzVh /></objects></root>