<root><var name='id' value='5dca4da6-335b-11eb-afdf-4cedfb6bed2f' /><var name='level' value='91' /><objects><object name=QRZKfBKXbklHgi /><object name=nQKhDfIwdSoqKq /><object name=IrRuYMnAauaiBfawMNEiMiwXPvE /><object name=BHyBvsfezZcGiKabmIzAd /><object name=caEfKWFnqQesFSPCSLdgNspGTxzKIGxmUDc /><object name=giAlDFRwDpBpipsyoQaDdlTvpCqR /><object name=SVJIYKsrQYxeSWiTbXxPqNXVcFzpEoav /><object name=tQmZhnvWisjUWmuQGjlc /><object name=vWZmPyAoyGGsl /><object name=DpkHOFwMHHtiqGT /></objects></root>