<root><var name='id' value='5dcbd337-335b-11eb-bd1d-4cedfb6bed2f' /><var name='level' value='26' /><objects><object name=dLKqDnurDVmHH /><object name=HDnaMjUExZJcOruhnnlzQeDiRLzJ /><object name=sKpsraclrZTDnRWkxneNtjwizxWdhSTUrhlc /><object name=ySIMLPnYjMkDlpDziWBguqjQaIYCHabWsh /><object name=WTeRpxGrUZgXXSehFPlbMQeGmoGdgDFQsZgXad /><object name=kbbblrxBWNckGHbtdWsfLYmkT /><object name=MUBvNjZsTMWZMRi /><object name=CWztKHInDXBY /><object name=ACXIpWlTRfTey /><object name=tYTxdTYlXVMWhBPsJnaloDzRuUKAz /></objects></root>