<root><var name='id' value='5dcb854d-335b-11eb-9b58-4cedfb6bed2f' /><var name='level' value='76' /><objects><object name=HaPlWosIkcoMOcWrxDSzokOn /><object name=NwAqafSTuEZ /><object name=evlsbMxzdRluvQzvRKmzWsWjGNoc /><object name=yHVJKchCduVxpsURMQTkRXcrDBbmwmWeesXHVIy /><object name=EylEFbjduugXH /><object name=HYWKpertzJbvaCYVrzVoXjs /><object name=xfvYSOPalInqnqsskxKvJSXLEawGJiiHBOzx /><object name=AWibDeMzmyCYDLCwwepXVPUxu /><object name=qwfXfpxWYLfDtNlZWYCsFA /><object name=ppVifJXWPllzgbuPlhTksPehlBfEKoFswW /></objects></root>