<root><var name='id' value='5dcc6f0f-335b-11eb-906e-4cedfb6bed2f' /><var name='level' value='35' /><objects><object name=ZonCvhhdPxIKrFGfZxRhWhUEUCrJbkoHdxcwmQ /><object name=cRAbvdQqSPgaWNWdHouxZcEEAqtKvzLlQ /><object name=qGDnZBupQQNlvk /><object name=kJiYkupJhCRUXMCpkPazeWJOs /><object name=IYwqPtrxDqrPomCYvGHjJkHILRhRearpB /><object name=eTsXVHdJedLKbSKwtZTVZTHMqPj /><object name=oAmPzhzkpkAIFeGeXifyqzmoIocgBRLzHvF /><object name=nwBRhpsYVJdneWTCtojGEHNTL /><object name=VFZsacZtoAXicedIPbr /></objects></root>