<root><var name='id' value='5dccbd08-335b-11eb-baa2-4cedfb6bed2f' /><var name='level' value='47' /><objects><object name=ZPEPPOydAlQfubZubEKmzd /><object name=QmzCbjyKTTvBpRjaxXpKUEfsxttLhYAVInsoMnWp /><object name=jqmPcfQvmMiGDTeZOFqErbXPNxUOW /><object name=nGmvUBRQyMUXpaHxkYSYdBsMfjo /><object name=IrYPimqkWWYfNLYUgrLWYGYvqwUTdHk /><object name=ZyuEravTfXYoTIGtUPKzwBItpwMzRjVxEke /><object name=JOhdUzRRxyRBejcdFPIyIWTuvjhIdgaeaKlCBwZ /><object name=YdBbAXpGRPedWsL /><object name=miosUpqoBQUWVqfP /></objects></root>