<root><var name='id' value='5dcd58ce-335b-11eb-89c3-4cedfb6bed2f' /><var name='level' value='30' /><objects><object name=JjrZlVMLYYFbfBZBZGfAdNuvLFDtWYpNBlv /><object name=GtwyUwnyeyQdYGytqSnHbCsBsNfzlvOI /><object name=iBKOPWjpjAvJHz /><object name=bxKhZtxzhBoMaCMsSttTyGKeoEvUFqTrNW /><object name=mTGuARfpvOGdndxVcPhrPAhKVoZnd /><object name=XZqqiCeWidRFaABZ /><object name=DXJPWugPUAsULCyLwhhRoZtIjTgazOikLTiU /><object name=krWEDUwJnVRHTWHKae /><object name=EiPMqoAFDBBOGyXWarJobSiOiVNqfw /><object name=FYuAfsBCWNxxFPUMwMhAxvolFMUcaChdjah /></objects></root>