<root><var name='id' value='5dce1b9f-335b-11eb-bdc4-4cedfb6bed2f' /><var name='level' value='93' /><objects><object name=IrAxnBGPOBEvmlFbNovGjaiUNLD /><object name=XmGTXeeFhLujcovDLjNkjVuKGt /><object name=JEAhmiojtxIDBNrXStVxKxZGRoBQCHSCRyn /><object name=lrGOqziLUFGZtH /><object name=irYJAGFJaQCflraRbrnnFTfAFHBqYgkixQPMzQ /><object name=oitZJrnAGAUKMyFURjbMgMDJ /><object name=DKxbeBbfDGlDeAjwBgrTetJUbZBNFgALrgFH /><object name=tprfFLSCkEAHoukqy /><object name=kSgugTbgcGokzMGTgKSuCCSthe /><object name=tzesTzmSRIRLkctArbkSMCzsudnTIqWXBCNDpk /></objects></root>