<root><var name='id' value='5dcf0557-335b-11eb-bf0e-4cedfb6bed2f' /><var name='level' value='84' /><objects><object name=CeEFZsPXlbzUMPcAXgHvrTSzRqWHoHN /><object name=IBidQzhBRTlajmL /><object name=prJCCnPXBsZqfUsQIjVgKiKjcyTKfk /><object name=lLkUbetpVdYiSRtDIjwESZKIpekZl /><object name=VzvxOFHVsNSytIrbsOQzliyBqcduSM /><object name=QDhTqEuNbZsUCbauwWCQnuMXOmNbQIjow /><object name=BfXJmALBMokEDqLtismECaxpLcRKvUaPXV /><object name=migQMqAYqAAeSukOLOJssxmzOIknz /><object name=ciTdWCINQVFnNXLrTczyQVvmaqipVLT /><object name=aigGkpadcFEydDZaeAWPZJypgqDPhDGhHPak /></objects></root>