<root><var name='id' value='5dcf5341-335b-11eb-8600-4cedfb6bed2f' /><var name='level' value='36' /><objects><object name=xMyWlyYiVMoOooRXpHBGtOpNafJKxB /><object name=MiRfbwuPnhmYTMKPE /><object name=oXkHdlaPZvrMiPVJkWFiDNqPVmypwsb /><object name=loqcjwiwkzmwnJCiFxSgGMJlLoZ /><object name=HNKdYEbNLWOblgkqOufgbyDTdzVFddCrspK /><object name=CLZoJuvReVdql /><object name=nHsfDqNmfVWvCoRckDoqvxQpPW /><object name=OuKFwHgzsvUkHzZikrPvUJCLvwnhzJWrHjNmCX /><object name=odylpxxLMXYXXAqcuqPcAn /><object name=IzasCqIcJsKGlwfPFKrUgMJUkGbBDUrMJKTSslY /></objects></root>