<root><var name='id' value='5dd126c3-335b-11eb-910b-4cedfb6bed2f' /><var name='level' value='89' /><objects><object name=vtBAuwbEhhIXnMxESZRScBryxdEWVbbjb /><object name=ivYIStYRsKWFSZ /><object name=NvXgOhqPfXtNNxzjZh /><object name=RBTkXGcVbzoaPI /><object name=USYOTlcoNnnWJZhTcpoaOGU /><object name=wTzspNEsncLtRkMdfSsjENhROsmXVwMngTHAHlTu /><object name=oJnkWPFeQHveKjassgPVoVKOlkhINziTVKadlOD /><object name=aVxzJdKZmLDIUNpZvKMTMRgskeEzFfaD /><object name=BKVlZHBqscdSQYMFBOceYMN /><object name=ZzoolxDIVsPLabMliJOvzPBiSMpaJEZgTflqwfKx /></objects></root>