<root><var name='id' value='5dd174ac-335b-11eb-ad08-4cedfb6bed2f' /><var name='level' value='15' /><objects><object name=NdfQBtHHSslKscz /><object name=FsTLDraCDpSagIdhCKTguDYLM /><object name=mEWOJWrhUosUMgWgPBEeksICdjrI /><object name=tscwVLEJQjxIBsBXjqrrJiHnsiDeNNFqe /><object name=ljORlPHUwkjoetFHBZ /><object name=LqGXFjxuTvebnbGDOpBW /><object name=LfwMOACoQGqNSvnwikMTXvEhejmwLknJKqvtGa /><object name=XDGLdNeDGxFstfbAfn /><object name=fzrLGgZXSLblUhrGuweJUXFOrIOelWBei /><object name=NgUnUShyOXCdBAPEaKdMokZQgpTrq /></objects></root>