<root><var name='id' value='5eae719c-335b-11eb-a07b-4cedfb6bed2f' /><var name='level' value='22' /><objects><object name=MGKtHcHvJjoHhyZj /><object name=jgulIpWxAovdVEZcqWhAhaTiKuPBK /><object name=sjIIdrWJlDNCmmdNTztJQUobyEIgTGIHq /><object name=UnTuEQeHuiaTmnbvvEzlEMZxVjsyHtHmdDSo /><object name=mTcxnXLCNAXAhDIQerQtUSN /><object name=lgEUgyJYGySMzQTRzJlBpqWWkCQmOxyuzLp /><object name=ePDnnKguhUukZsSibbLVSONpHtvpOiIAmKUUNWoa /><object name=KkZoTqqgUuRWIUveqAEXfhxkaZlyaiNJpcw /><object name=dVOwMQZFSKOLKR /><object name=RlhuBRkUwzEMBMUyuEMgwoMUzXEuc /></objects></root>