<root><var name='id' value='5eae719b-335b-11eb-bdb4-4cedfb6bed2f' /><var name='level' value='86' /><objects><object name=sEURLYntpimOfkCAGocLnVOyBIewtGjGtqQYYrQF /><object name=JOhmgCEESHcHRljfMTCsGPdoCezuvCyvGoDD /><object name=HjfgbVbeUgPSTatZJxVUVyLLxB /><object name=YnbDqEjwFT /><object name=bHslzoSXJfjBPmWsdMmuzxWdCWFiM /><object name=IFWPHhabChGskBTjHBNQ /><object name=tfxasCBfRCxVzLDGYREKju /><object name=DjKeuWhtFIBeNwtOwLh /><object name=NRZbwLfIBmVCCdZhtjKjkxljvhTgnRdLrBmeZPE /><object name=VwCVRIEoPdAGUapkCAUgfOXnJqrGMeWPfiT /></objects></root>