<root><var name='id' value='5eae23ae-335b-11eb-aa23-4cedfb6bed2f' /><var name='level' value='1' /><objects><object name=wiBZKBwVPQHTStTAemUETDJkuPuxtfgjCSAuouD /><object name=KkUrhrXdPgd /><object name=aZMbmMGyuvycUEmg /><object name=axJnoRGWvqGBiNOeafxpWrzqtlozDS /><object name=vrVdlNrnVdNWPtVPizuSGlFOUusSdXcStJBG /><object name=FYtjmpHulruSgnrC /><object name=EeWffjEcuLORkvsoUJbETTqEcKYELlJhvpIqLa /><object name=TtcDBnbgkklbhMvG /><object name=YemAFoFLlnHqqOIdOhpKMTJdkRkgi /><object name=ccKDAcumryJpWIpGF /></objects></root>