<root><var name='id' value='5eb09303-335b-11eb-9ac0-4cedfb6bed2f' /><var name='level' value='44' /><objects><object name=jcbrLUXsFUPSgAzkaiatVlPNJtOcZvtEqiYnVD /><object name=jVkObllOOWl /><object name=cvIXQhkWcOTsbvTgDXRlq /><object name=EyHBKtcOJGoqIVca /><object name=ybtXWMdFSGokaxvWIApWAuyETUVdbwmHav /><object name=gVUPJotUAPWbtCDllDbfqBtifXgbLmJAHKXAbhca /><object name=rnZIpkWlDIBNcUijGWPZc /><object name=eCiukqEjepnooRAaNtbABfzCTcDDmZECPx /><object name=xcTHYCActVPlQScqjdLCyHhbrIvQPR /></objects></root>