<root><var name='id' value='5eb0b9fa-335b-11eb-9cab-4cedfb6bed2f' /><var name='level' value='59' /><objects><object name=AthOShKuJMfktZlqJwBqw /><object name=hjLvdySGChBtosKoUovmoxAIKhLiIjYtOJlADoOD /><object name=BmPsxFZtXahcOLZLPMOrKolclbseSDYXIZM /><object name=ePokMVoSZNLOoYIFaVTfAVOUDuBfpe /><object name=OjGVFWwxnQfQQAQycBoQEKUpn /><object name=ubZIEoACXFdyoRVUrvaiQEkHZ /><object name=lOJCRsnjeZomMPLCGfNmb /><object name=YOMENwNWngqAuq /><object name=VZrGtUhPwFWOrHSnQZOSnTGWqRGWT /><object name=ROAvxzTqZCSvZpKOKVluxJyjO /></objects></root>