<root><var name='id' value='5eb0e0f0-335b-11eb-83c8-4cedfb6bed2f' /><var name='level' value='24' /><objects><object name=baAUJutBNbNUjPsW /><object name=rijVAAKIKJozjaPpQhv /><object name=jSRivINBfLZuov /><object name=jUSyWmXOWbBhtFlaVgQInYNEAEZEctKJwses /><object name=tRnkcZbSgRtbZjdEcFOQVIV /><object name=UVILOQisyuKNrKsETqcTsCcWzbsXWZUMboi /><object name=HkzlYCmfuxbVkdzYRoUWm /><object name=zcQNipvtDSMPexOVXJQuTiEhryLouhLoXho /><object name=EutnrSbOXx /><object name=EnVWixHVUYXWlMGp /></objects></root>