<root><var name='id' value='5eb17cc4-335b-11eb-922a-4cedfb6bed2f' /><var name='level' value='79' /><objects><object name=qaNijyDwmBciuPcbBmmIwgAZzVsxMuvQQXrHBOg /><object name=tSHGlQzlQjZlomAQEfYkB /><object name=RNolBCOAdGorPgtzShZVWshPrrITOsUXx /><object name=tGTBfjpBxEFeSGwASiLuJCCTPvzKwWjGHTV /><object name=QwInUwnXHaYrgTPn /><object name=GyBlKNDWqZbZlnhzHVnTuRWwftV /><object name=VmxFvxLvOuFtMuSdVsEuMfO /><object name=hEeBAwDpzc /><object name=xqnVqxfwLFYyFKJkzzDAAHrCQZmNRHTrvzEKMK /></objects></root>