<root><var name='id' value='5eb1a3bb-335b-11eb-8567-4cedfb6bed2f' /><var name='level' value='46' /><objects><object name=FfwEolOJnDaheukdaMCdqgOtfLXaTU /><object name=ekjMnJzqeQKLKarQRnEaW /><object name=BdizWxRMYGQdhteEqqeQrEAqPzfcqLVlth /><object name=AOuvzYdhfE /><object name=mQuppBnzGdcKlDIjImGPKSeFWiAbYgGevDkYGHCH /><object name=oJVInxrNDJa /><object name=WtUPHSVwrdyFUlchnzZyVnKrPRmfkR /><object name=tAtxrHHoyOxDSnnKPqNADuEbqz /><object name=xovaHJrKStzvjVTBScEhzyXgkqdv /><object name=UXjUFcYRDMh /></objects></root>