<root><var name='id' value='5eb1caae-335b-11eb-966c-4cedfb6bed2f' /><var name='level' value='26' /><objects><object name=hUiBSUiADgHpZO /><object name=ucrKeAZQuHJmOpysNzuACNoFzHHCpPuCaTVbEaqx /><object name=NbHGrkXTxFVQbGULQDgPOvrouaysyKETnt /><object name=OSfOHaFHDBJwurQ /><object name=lSRBjbTsovQGFPlbNbidgCmvvKYZVSxuCRTm /><object name=HmvJQuPHlMNzWVTZMqVOpzoWBxAFwceCwjzg /><object name=GzHQKnTUjXfgqozSOEltl /><object name=ucUqLSmOLfGeuAkLevWyPrYRmItLFlo /><object name=GNmLmthLCAkmrhQXwgUvJfNEZed /></objects></root>