<root><var name='id' value='5eb23f8f-335b-11eb-919b-4cedfb6bed2f' /><var name='level' value='55' /><objects><object name=aIHNpHrdMdmmCxewfYLN /><object name=lqFADLGEpuaNVtMWXhdbewu /><object name=PEkwSvlvtmbUMKKoyslBSrZgzQpLnbzo /><object name=MXTUpJQhnaQPSWBjNWLRCWlMdjnuFFYsoWBoT /><object name=GUvdjUTJdpHSkYEkHpMwUJkUZi /><object name=hinxEjoqFAAYOYzafKVQMlXaTZsErY /><object name=vNIOQuugTwOLEgbUhjfnDUlLpImbhPWAaRGGvJC /><object name=PEGRUBGlVyWqfL /><object name=xLgiAmlGWGTezVbtqNIrkf /></objects></root>