<root><var name='id' value='5eb2b46e-335b-11eb-b2fa-4cedfb6bed2f' /><var name='level' value='80' /><objects><object name=LvrqdQsVDJDDEByEsmT /><object name=vdaQCSEIumnuyhzEFXLCQfQvi /><object name=ViFArjPCeHxvJfiBl /><object name=EjwZgRCuoJpAcHhWLhG /><object name=xDLdCCCkfbFhrugkVfjqx /><object name=lXyvWNYSxnx /><object name=tujOOGhSqHeKPRUk /><object name=aLwusMpRpWtqHKmmarxuRW /><object name=hGsHEqvXmoWFTiLXYABvEOvjPPfTeyHtWIGWkw /><object name=hRdiBrdEUiYQohhxdxfkarHZRjveqLgU /></objects></root>