<root><var name='id' value='5eb35044-335b-11eb-8578-4cedfb6bed2f' /><var name='level' value='91' /><objects><object name=UGbUWqMVZfYNYUlbyeohTnDViQxITVJDe /><object name=cyJfJaoVbtDyNmSVOPhNZPCCNH /><object name=cvINtOyDzhEPsmHbTuGhBGEWriGzdIc /><object name=MxftzbNnlSVCocQfXaXzfUqimYtfHTVFekgzB /><object name=ZrQntJatpFPX /><object name=MnhSLYPFpBP /><object name=zTgFufVxBdQIEm /><object name=OBXtNfWqkqZUtsisuzkPbfrduFzxdfkGCHcCgLV /><object name=gTWIFKMvoJUhtwZOmxvHUAPqkgCLEACSoZKARb /></objects></root>