<root><var name='id' value='5eb4fcce-335b-11eb-9d3d-4cedfb6bed2f' /><var name='level' value='30' /><objects><object name=vlgHbNMTbzJfIwuceUm /><object name=FlevbVqrCpMlZMxZrXQiJVphiuHiEGjIdEAdYO /><object name=OrqAHxtsBvXGKjJJPcCGlqitXrNCufutRteI /><object name=fDoFpbjHlHwWCQLoIYBwNDhmrufVjij /><object name=eeazOGBiibOaarO /><object name=HRxlemWMwhnmnh /><object name=rufUMCxDbmyzjapGzIaOnqvyQc /><object name=VqKDEMKwrLWxzHvvCJJeyxgIUhiSjJ /><object name=AazYHzoiqnOfIrIZjuPQyWxdQgSuUFsDVzYxcyBz /></objects></root>