<root><var name='id' value='5eb4aee3-335b-11eb-8529-4cedfb6bed2f' /><var name='level' value='57' /><objects><object name=FLFoZFPJOcTUpHEabTJ /><object name=zfJPzMagTPfHMOuqkUGynBkamdlCCChCbOukTK /><object name=RymmTCReASONaermhpfICQBlSFimN /><object name=AOVYIgjauVvLOIPWvSeBiwxnAmFrb /><object name=GtzSqNvisQCOuUypfMBWRSYfx /><object name=kkkWFhUMYUulkZraGpqQmat /><object name=KaMPjRtUMUgiWX /><object name=OmSfOhXnRaXThAiP /><object name=KmWQIjCtdGF /><object name=ZGYclwxIPyaMKuhGPRTuRwvR /></objects></root>