<root><var name='id' value='5eb54abc-335b-11eb-8041-4cedfb6bed2f' /><var name='level' value='92' /><objects><object name=BkIQBuaWcfKovVMRUnTzRXvkrbAnGWQOkiCYYz /><object name=BTfRkXOqIlWMJnqMZKXgHrtTynmpsGDQob /><object name=iGjSoNSHIejCfMrKnzdgHmT /><object name=MuUvpnSjxyx /><object name=FQiDaKnYjzBLnAWYNgvNmlLoPWfDlGwzDXqJOCDc /><object name=hfrcaOvxYJTwHzqzVfVgZpCVxhvKLhIAbut /><object name=RGsACbPmeY /><object name=ccPJfawzNfkVHOuILQRbHUtoZgduCClvImbqILSP /><object name=PpiVDthfNPYyshmbbVULWEqURrzKFpKsa /><object name=cYKbsytHTigX /></objects></root>