<root><var name='id' value='5eb598a8-335b-11eb-ace7-4cedfb6bed2f' /><var name='level' value='92' /><objects><object name=wKeKvoOgWiTidyPthMGHud /><object name=AvBgbBnFUniPUteDRqCGTymBH /><object name=yuyjzmvYAGxacRHuKsdgNXwOyfpAHMXtmN /><object name=jNNuCyLhuEJfptnwTAoqhITcda /><object name=JXqCUiMKKdwPtUQezyqpiPuTOzQRa /><object name=vOFouZGDNwqgPlZyHkAdQadmjHWN /><object name=WGSPxwGHcsTZeh /><object name=wYREgdcggQeeCuCutuQYqEgBmwZA /><object name=WyTXZmpOaJisZszobBNgFCulajwfdz /><object name=kchegwORRdAwNBoXemBqhmKLWyqOIXrLYUkAc /></objects></root>