<root><var name='id' value='5eb6d04e-335b-11eb-8bb9-4cedfb6bed2f' /><var name='level' value='35' /><objects><object name=MOSuhHkWSTKYxnrVZrrGnbKU /><object name=jJPCViqvKVGiNctwRbUtYJ /><object name=dJsiCRkCBsmJMbnZ /><object name=oZvSETztJBewxiYSIliY /><object name=HHXmSqYCUeCRAw /><object name=JEzdxLmkgJmUNqh /><object name=dOikgjVUlFiFAdIOxYMibSQIpfDGivGo /><object name=hrsuBtxvLaWgSVHmQ /><object name=EgQCAQtpvJwOtfBWpOmgzBv /><object name=WFyRDGgwiLEqvCNgmXXRysDXlCHhrFgx /></objects></root>