<root><var name='id' value='5eb65b71-335b-11eb-aa5f-4cedfb6bed2f' /><var name='level' value='31' /><objects><object name=nQKKAfLIHiZSOVcvEJeC /><object name=wWBnsGPnurJ /><object name=dCSwFVPubeSvFMNiHA /><object name=QolKSXgfMcBDcHZSDmzyHqeIaoILNbrWiDQbO /><object name=bVmOAFZOykizr /><object name=vqESamTBHGCNaJjeMwMFeWNmAIarOpC /><object name=ESdPYkNYQPETknCXSlwhBfipIikYDsZJ /><object name=NonkYzGQSlredZqCIATC /><object name=raIJNXpUVKcpyUhRbEbctutRoBKfsehUvt /><object name=yyQXWpwbcPmTtzbggoqvChYS /></objects></root>