<root><var name='id' value='5eb60d87-335b-11eb-95a8-4cedfb6bed2f' /><var name='level' value='28' /><objects><object name=FrTNQheAlhpBANDKcTGsaqEqrOcMooRMWZe /><object name=pjvLsRNJXlUZoPefMFThmqIkpIwYmlmAD /><object name=sOuymonZpjUURIBbRachjdFCFuYVfutxrQP /><object name=OvbWqEOCSBMfpDJsrmAGTQDW /><object name=EmlEJopbmHWrqLioQZoIkIHT /><object name=YmswVfmEdqbsDpyWgBIXTUL /><object name=gOVfYgfUhJpAqqJTxvdhG /><object name=UlYgIkYxPajwiws /><object name=BjghmRHLEgWcFyvwkvEgY /></objects></root>