<root><var name='id' value='5eb6f743-335b-11eb-8ef8-4cedfb6bed2f' /><var name='level' value='91' /><objects><object name=gdzxlMMMOrJCVUiEMTzICKANAa /><object name=ycCDhJzSKCjVpDU /><object name=ENmmqwOdJjrldcIDddaTKkkdWYuAhcABkksL /><object name=ujOkpsxCCLcHYnbSYfxXjBiduJzRTySdDcojO /><object name=HcqPZhTpvymJJp /><object name=sXrRMHOqNOTLASblirRdONWhZndMlgXMT /><object name=kFmCxQWsiJDXdvlDBlkU /><object name=jXALtmgdkYOqesouLkVfmwoTexKI /><object name=JjflvSiQHINiOWYFEpgDlkFVrzSgMrfqKouopIn /></objects></root>