<root><var name='id' value='5eb71e3f-335b-11eb-92a3-4cedfb6bed2f' /><var name='level' value='19' /><objects><object name=OvqzJYxUwWoCCnoFSajKETXEpKJoVpFwSoHJXhlg /><object name=oDVOlfYEzJmkWXNXPgURAhTtsHTRJceADVZ /><object name=ddZiFXqNDbtysXwyOFpZnIHF /><object name=SVdgtKeHCYSSNHgzTSiGyJimyzBvwZ /><object name=dhiDXwfJCudJE /><object name=jGXCvmfMidSLVRwUkqfvOpdaPyhwwAPtWx /><object name=UHsbSIduoBFQsSgjfhULhbvdKnIHJlncM /><object name=BhfuVqaGtUgstsawJX /><object name=zUWiDVTCOMXysWWWXACVVqDbxGWnLEiBkT /></objects></root>