<root><var name='id' value='5d78f859-335b-11eb-b32d-4cedfb6bed2f' /><var name='level' value='19' /><objects><object name=xPzmCtGrUNitRzvffovwRcPNbdYNfCnrr /><object name=CTBzvKuRxyhvaewHRMWPk /><object name=UrzZSAquapCbgNqgMtaKVFlaGRuHDcgyde /><object name=XHsSgPgZVukMkIzSRjbHnWolgmpeRSmwquOAOjJI /><object name=WQKMyCHgDOqruQbkmpiffbH /><object name=JwqJhTYkUoKLGAFUYknqA /><object name=lhURfJsXAoH /><object name=zzNEXHaGcmrvsubGAToGOEfeeQOrnovcOVYh /><object name=LKYfiZaQJznvoxebXTNfbEWku /><object name=GFfVekCMSycRgXcmnOUGPripMFzIZJWYPJYLU /></objects></root>