<root><var name='id' value='5d794643-335b-11eb-aef8-4cedfb6bed2f' /><var name='level' value='96' /><objects><object name=VtcogtTDkuJSFzwR /><object name=hJMVZWrsynsMWIPppV /><object name=NhHlhypxVkIeeDOWqUMlPLjFmkO /><object name=WJcbCCLRHSlILgRTAIskFLdIvjHnXbTFVsR /><object name=BMKsrqVGYGDGrZqXYVLMyyrrXaDj /><object name=XygEAcfgcGDcBwJDYDsVBjeRgnLbeVX /><object name=kOTJZdGdPsbehGYxhZfOHajUNYqROgPfSGv /><object name=GdxOrlKYpazgoMWWCzvV /><object name=rNqlMSomzbzBjounFJUIzkPujCvbH /><object name=cNcVhypJzmVFhcghlGfOdoZOhIcH /></objects></root>