<root><var name='id' value='5d799430-335b-11eb-895f-4cedfb6bed2f' /><var name='level' value='70' /><objects><object name=kcQJHmHXRYutAvGUJQbYdSADIvncdRuwuzNQCeIF /><object name=zEfuHRySScFCDlIxyzChTCtJLAOfdRNDnkgpoOT /><object name=HkGMZAskGdJwwfDfp /><object name=YvwKUHMfgJXznjcjBliFYavnK /><object name=ErqDnlMyVgAANcFaqrKACVfqlINLZUgLarGaEA /><object name=ATKgqbCqngGzpZqHDiQTWVnHfuEng /><object name=jFxYCGKkInohhjTmATwhoIwFKDWpD /><object name=OKpXNNqyNKUZrnTkWjbj /><object name=zxQAqbifewKYnxjikqsGaVWY /><object name=jsImuFaUvjZnc /></objects></root>