<root><var name='id' value='5d7bb597-335b-11eb-8b38-4cedfb6bed2f' /><var name='level' value='92' /><objects><object name=DxzhikEJaPOkYcAnJMYAKQouBQICzNHdVtOpXgZD /><object name=oMEYJSEtmrWLSEeyqnyYMtql /><object name=bAskUagxJAOYXzQiZWcjTPjpjE /><object name=CSYTXqgPLhvgouvJoRJcwhgvctULBPn /><object name=jVARzpAEgjPuZyttbJQeqKaMcniduZIhbypUq /><object name=PhqIDxnbfei /><object name=UFixkvlbSFOzCogqUTnIbcJc /><object name=gcCOlGQVqpMmSiMrt /><object name=KsshUzGGoJeqxVMQhtPlxwEECTwWXZ /><object name=ntIbImVsEduztObE /></objects></root>