<root><var name='id' value='5d7bdc92-335b-11eb-b73d-4cedfb6bed2f' /><var name='level' value='29' /><objects><object name=YoPiXhYqvyjZVHCHtjKVSRWADSxMgBqv /><object name=iRtqSIOAFHyNDUIoBRFpxK /><object name=uLNXnVIlPDKfmFCNKMnoLAhsLwUUS /><object name=gtVafFlJQO /><object name=pKySigENSSSpPirPRKgkbbpkHNcgv /><object name=JfexxANOurADAAtfyEIqMdYVkgGBOqiA /><object name=ieHZLUtkoTlBiWzXZyWfJzoKoUpgGelkuOMfC /><object name=lwfBTzykUPFJ /><object name=JUOPWVqMtifAWALEVARMLOksgJzUIWK /><object name=hcvrJXBdyCilPDNBCSULXusaTqVyndmfstNRYRC /></objects></root>