<root><var name='id' value='5d7b8ea3-335b-11eb-ae31-4cedfb6bed2f' /><var name='level' value='55' /><objects><object name=pvWwaCkAoVbzxNklbJONuGtWDzejfz /><object name=nSBYRuIaNPxcOhusEOalnhgYp /><object name=iaLkkFPatJlwFabYlmsUrdTJQsytrWNfLtiZD /><object name=prDKLvMBzcCHeSrLDcP /><object name=QKnRtOyKldGmlYaQAgqs /><object name=svEuwAGVZTrJPiUmyiPvTrWTQXwQX /><object name=vVMPWNHomNZunFaXdbKXcaBPFDZZhZfQJnxH /><object name=unjXiJglQhZC /><object name=tSHJuROFEp /><object name=WQUzUuehOVgjo /></objects></root>