<root><var name='id' value='5d7b19c7-335b-11eb-bcf9-4cedfb6bed2f' /><var name='level' value='50' /><objects><object name=ToiJqYwJlagnTVBYmlWGYpGUs /><object name=MJcAhOjTsmQEszwATDZvuFUJXGQPAjRfQdw /><object name=MZkzsxWkaOCNzmMiJqDvlKsXahrTtcto /><object name=GSxcmmgKhDAyCfpujwWVyFFXPmxZhEEKr /><object name=WBuWOmZOZMqCNapRdYqSIAVwbwNeUkGZJ /><object name=vHFWnjwjDEvyydtHJbEywzVpoDoviY /><object name=JflOyeKOwVmRYjfHq /><object name=fECphDwBMSDJrxBMyBiwuYHTFv /><object name=RZfXCXNCsA /><object name=OcEemDirtm /></objects></root>