<root><var name='id' value='5d7ced46-335b-11eb-9957-4cedfb6bed2f' /><var name='level' value='60' /><objects><object name=sSfJgLeuKCCjkmNmqxYKCCBfVIqIShrtMVRI /><object name=SdcaknDNAnsBWpSORfDMjAhBbxYgyKpZpuX /><object name=krefDouFGHaRaTfljVRkEkIaArQjJxIqMfGFWgcA /><object name=OeJDUPQuoYufMyuYMEOWsuLHQUOKLlZXsBxGWxF /><object name=yZPYeSLJAuDeXKPrKRxQyDTQpRHLSsfxJ /><object name=JzTOcEQsYMgcFdpiNLgDijBHfaO /><object name=aCxMKSgjgAfiWAWZPVDTjXjSGMuuffpwA /><object name=ECAVuuveaokJZVwMVxfA /><object name=lticBVApoYXFiVsVRSyPTQ /><object name=ulnvLZHZOMTr /></objects></root>