<root><var name='id' value='5d7c2a7a-335b-11eb-8e3c-4cedfb6bed2f' /><var name='level' value='97' /><objects><object name=OtkSdBiFcUNlFLTFioNlSbxjCkYInNcFiczEVCa /><object name=KKCaKBsRoyKPHEFTLeEBekM /><object name=yDXWuMMoyWrvJfLRfjOBnungULxNKRqIA /><object name=SymWfySdqwpIMyRqvPfG /><object name=WfMZONxJOzxjc /><object name=TwLRtfgvKlQapZpipInweqGq /><object name=QEqDrwlOueMrPlFSeZhwxhAGMKtRObEYBYjcwe /><object name=QCSKaachiWQgigsCQSOtkdNtLYYbZXSBrV /><object name=rSjnDNOwzmg /></objects></root>