<root><var name='id' value='5d7d8919-335b-11eb-a6a5-4cedfb6bed2f' /><var name='level' value='12' /><objects><object name=FtsymspkqfTLkudBifqjtUTPyVHuILwpXD /><object name=JgzecnDxSrnDaW /><object name=FUVepEvFhrICXHoGgQ /><object name=TmBEkRpHyHoYKyRBviJSodZflTSr /><object name=XGsFiOwEWFEkFqPANJbTKmHKEcAVnZYSHmQuij /><object name=wCkzByRzEpiZAguQvUsCEvUITZIbNmKyg /><object name=udYOHJWmNTbRFTheOHpMROzbeoYWNE /><object name=hMhMyQTEkBOHdGkVClEsFwXYwmU /><object name=xcjZTaPBTmdSE /><object name=dKqZLWjVxU /></objects></root>