<root><var name='id' value='5d7e4be4-335b-11eb-9a81-4cedfb6bed2f' /><var name='level' value='30' /><objects><object name=YAhDaciZRGppOzuy /><object name=KNyskhslZTiqTXHHcllpNhUThvOq /><object name=wbThAzKZNxg /><object name=GdsgKjnXUjioCkjs /><object name=BXoJDOCplVVkyZRamaLZ /><object name=hhBQYgLRYNrZrGj /><object name=uqbcGEKDhwWtiPaHxRQZJjLxGsPV /><object name=OpVKwaacwGRRxEHwaMsSJIyDmpdjONWftZoKFPCQ /><object name=sYelgnGyTkNWiVdCqErsBdwysHziJQdiCyO /><object name=hfmWiOSKmsSNzUtKKDQzNutZbVoEpcFA /></objects></root>