<root><var name='id' value='5d7ff870-335b-11eb-b2e7-4cedfb6bed2f' /><var name='level' value='59' /><objects><object name=dPhBQNpluUFalmDromrkHXamPaeVmyRrHybWi /><object name=xJEwXeJnadbxtAsWLOFydBcOztKwSjdtwqi /><object name=GhRBDBsUCyQkXwFszu /><object name=miXTQbBzzTEHBeIm /><object name=dlanFHMhNQeWqMPsflkbCPu /><object name=wGugHdFVndfJbQBGuoJpdsUhliDHrHDUMlXVAnkL /><object name=EiuHOILzHEMPAqSWBmBacaXOXqegYfypCODeFzl /><object name=UMQWoepqJbRxUoCgewNsaHuToI /><object name=zQLgGrPjuL /><object name=tgJuoghtWQbmcx /></objects></root>