<root><var name='id' value='5d7faa8b-335b-11eb-a6d4-4cedfb6bed2f' /><var name='level' value='21' /><objects><object name=QesHcjEympjlHmKiOUMrEuhXsAdQYGUT /><object name=JQpsFtzgzaT /><object name=eFFlBtDUqLTvdyFEEeT /><object name=cNnTilZXHkpnRRhWLvTYuxyCsazSgfWIaS /><object name=WcXTGzEsWglhgr /><object name=noCrkINLetKnWnvoKddmbRlMGi /><object name=LrBULTWbTecsqbeGki /><object name=bYlpRFmKoEtdvYjIqrZWkrnxwetQYhbQqdKUoUT /><object name=OjGFfmYrlOGaUzBDmV /><object name=UZyYubwUWHlwGBlRBgKclBOGVYmRy /></objects></root>