<root><var name='id' value='5d7f5c9b-335b-11eb-81eb-4cedfb6bed2f' /><var name='level' value='1' /><objects><object name=TLzZNeCoJGuWcRjUCTP /><object name=bRUHGmKYcAYweCSnZMyoxZCaLYZP /><object name=bTPuXuNBYdWcjEubwIXnBY /><object name=ZsZCqQJrnBbCfUsTETOyjSVzcSdo /><object name=QrZvKSONnVTceKwYvkoM /><object name=XOJPJxWDtS /><object name=DRGbztnaUQDUrpEDtGwrGbNvhMAbGp /><object name=QyCMrHtsqmIj /><object name=HNURMqmTEdXfrFZCNzwmsttSoBwO /><object name=ibTodSHyVUEZsiFkukYhJBpRzRnZSStYQdQbQr /></objects></root>