<root><var name='id' value='5d7fd178-335b-11eb-9dec-4cedfb6bed2f' /><var name='level' value='45' /><objects><object name=FHMbcxEBfCTfJhPTqkfzvdn /><object name=RtRrCSsKiUjkKzceAcRVHPeiKbdAGs /><object name=OeXuEPAEsgik /><object name=jqqTGnMmdDze /><object name=wyARWAjFKuWNApHgbQy /><object name=CHiYXPmAxoOjEMSHbRipJPhJGY /><object name=ilQoGmrsxbNFlFXhxsZPaeUn /><object name=lafIVXtrqvXZTGjtfQmWl /><object name=qHqeSYZDNMLZTAinqRFFWPAJongSJCPwUjZjB /><object name=GUySwQXoPuecMJDLI /></objects></root>