<root><var name='id' value='5d80e37b-335b-11eb-b4a8-4cedfb6bed2f' /><var name='level' value='16' /><objects><object name=XjDTzqcfrEQ /><object name=IIPxNQWwVZwPMwzGACZ /><object name=JHbaDuagbkCtPczfpUadIAvLJQglwMESIj /><object name=XGmeHAYzlHFCCQzUYds /><object name=SDCeRnjMClKQgmPPknHgxgxyAKOaX /><object name=dJbxfrKWOO /><object name=SxHFZxxsRFWLECyhvTIGUdYc /><object name=VGFAviLGHFiaHOodLsbsbbLEtTotWEOYuaRcM /><object name=aFwGovTzdFymKLObcownGM /><object name=GmblVrmPCSWlhZOrUhRJRtTHNcuQkrrIIHvIUsXJ /></objects></root>