<root><var name='id' value='5d815715-335b-11eb-8390-4cedfb6bed2f' /><var name='level' value='56' /><objects><object name=HvcCmGxhuqUeP /><object name=KzLCKnVNRTLkKXymdLwaXIiZKpbpMOR /><object name=eXVBSMAswMlYqxMAyAmUeWbMwzS /><object name=fhxkuuvxlIENBvvaJDRdqEyQJxeVicYYONW /><object name=AlXilSBMrDSdfgSzgQGUpzUuJpEgmr /><object name=EXeEfZInRbNygVsHkUnutlij /><object name=GspRQLRehVZsUtxlHwNPUDf /><object name=MtlxAEQfbbtOp /><object name=ONVfUJfGnRJoEhbRBWqUDKSGClFPpDL /><object name=tRFDNRbUEntEi /></objects></root>