<root><var name='id' value='5d815716-335b-11eb-abf9-4cedfb6bed2f' /><var name='level' value='100' /><objects><object name=UXkJuMtltZIjRUn /><object name=gaifDlduKeKFvtgpuWAOREMDaXVvQT /><object name=ngcoxKoLEkRnmiiSBZUEKlAFKMCoV /><object name=yawDDHyeKURaoGykNTxnYckwHwynzhuBmRUay /><object name=AXYgYYqwHu /><object name=OGboXMfWAuknwhGHBAEKDhxtlf /><object name=ASKivXpGRExYeEdxZfEAKdECazwGvbZQBGMhEJoM /><object name=FaQogoLFyJgMaCgbGISLlUUVCNoJszjnGsaZe /><object name=UFNLDnyqdG /></objects></root>