<root><var name='id' value='5f57b88b-335b-11eb-90ff-4cedfb6bed2f' /><var name='level' value='42' /><objects><object name=epLqTygesVCZcHKIHKFerEN /><object name=QIZIBfKgNDDZtmmtvoQJOnuGuX /><object name=borkEcamutzhFEQgbJjVR /><object name=bXJmeaxZqjIrnQhmXtxcTtBEBi /><object name=PeDslQayHDiMsvkLkVplnWa /><object name=RpccjIcJaIYZBhOQiRmNmut /><object name=KoxuwQHEZxZWAZlEcgEibPMUA /><object name=kEyMpwHCuYQqapQIw /><object name=QWlegnjafAncajkjaiXTfkAuhvNEINCaI /><object name=PQSPRUIgfxRqsXcukmYtooSoaSj /></objects></root>