<root><var name='id' value='5f579177-335b-11eb-bdea-4cedfb6bed2f' /><var name='level' value='82' /><objects><object name=cFectokvCm /><object name=YipVITKfjRdjKsTVuzlgtllTUoV /><object name=hBrjuKktQqoxeAALNDipCnbkGRHxrgzPaOKxwlUW /><object name=emEkotwpglBNYnZbxqip /><object name=RmSHUnZcFiIIZRaOdnxUXcfrMEbvLNkWiFlJO /><object name=FYMwfptLongp /><object name=qmTAWjRERfGjVUkUCbZZJNwVNiNtqnmOdIsTAyO /><object name=aWNQQtKctTtQtqrpZkHwaQUekkyuOyWcnubF /><object name=fqYkCenxlhzgCVb /></objects></root>