<root><var name='id' value='5f574d11-335b-11eb-bf91-4cedfb6bed2f' /><var name='level' value='93' /><objects><object name=WxHlxXiSufjMAbBTaWiVxkFtlJbciwwKdNCXleF /><object name=tkKBBdbFAWHZyyezuPxWTexKrFVcnLqLymnAcRE /><object name=xHMWAQTCACGKeeEqkROLQ /><object name=lMcxxWnzQPPzJSbtCUttfYo /><object name=jDQLqpxyDQLYfGo /><object name=fjZLVFgBXZSFqkhJuWjkDGRnjsAMWgAByUjLGbs /><object name=WdCQtLuMolDCURIIXGj /><object name=SgKZlfVszzVXleYgMqFJtWp /><object name=FUqHWZErRMSDDShQbyWZCjnDHpTBHj /></objects></root>