<root><var name='id' value='5f58a12c-335b-11eb-96b8-4cedfb6bed2f' /><var name='level' value='71' /><objects><object name=SPxglbVBnGYuWldkxdpDOQbEROxniXtmF /><object name=ZqrwdpwiRNtFgqrehLAlVIqfItOJHbbwl /><object name=YqmiWLPthxRp /><object name=IrIjuxzCGFxrfUjtceWndna /><object name=KwMQkigGRCSqNmMJYyacgGhA /><object name=waGjljXuEdDtGpRLjfTJdfpmZhCAFeyduIUKfJBo /><object name=hutGWAVzEmXWzLydgvUCzlcLFXYdFQ /><object name=rgOfXOOGwOfXYogknM /><object name=abrFweUIxQDpxywkRkOZMjoXySN /></objects></root>