<root><var name='id' value='5f580672-335b-11eb-8dca-4cedfb6bed2f' /><var name='level' value='58' /><objects><object name=sGfKgTBLNsya /><object name=SRuvLsDAGSBWdszKuNFxIhzL /><object name=dxpsuZjevCYVEUYSENJuJgrsFJBuAJEv /><object name=YjlBVRRNYzq /><object name=GSRMfWSEUpidMFXihNxgfSvWiMLOWsVdnpOUqOkx /><object name=JafquJCkLLvJeM /><object name=SBIpCJYIYvykhqqhKxAmr /><object name=MuRPdixsaVwyORblBiKzMGHopMBFoAPt /><object name=ikIAqnNTRTHejiObZKpBAqEjV /><object name=bSDRSydJgQQOLUMAwrDkEbwzMdraGUuyv /></objects></root>