<root><var name='id' value='5f593e24-335b-11eb-984a-4cedfb6bed2f' /><var name='level' value='82' /><objects><object name=xGmfwshaqOksZsxhGVZKYjh /><object name=ZNkjnbZEdexsXHibMCUlJKfD /><object name=VZOZbbPvQWuzfmNNvGURs /><object name=OyTSOsGxEldar /><object name=ZHyKUleHlzzSQkpQdPoJLUpDrbtTVfcH /><object name=RWnRuwPslCTWu /><object name=XpcMBkQSsOmmOAN /><object name=YOxwejkVHRwEeITQKJnIrWLeWhqXRSb /><object name=jCqCZuBjVwsLqEm /><object name=AAchBUIQQkFjPXSNneXDiLwSvtix /></objects></root>