<root><var name='id' value='5f5b5f90-335b-11eb-a0fd-4cedfb6bed2f' /><var name='level' value='10' /><objects><object name=VQKxgXoUJOeSeAxYcpZoIzbOoetsBZzFLpQ /><object name=btmpImLTMTdnfGiUmv /><object name=nueOSCeQLQBjsetCtclkuGlZe /><object name=zCLXJrZLabsKDIrjJOpFdwOslEsgiFiVMhCP /><object name=eONeSqlhfgDipehmUeYgHoh /><object name=VZwAPTYZaQphpTBrBPLXctGIDIxlBjQEsuGRFm /><object name=bfnrqReCKnWekDnmQbBhXfPKhLStRCvjkj /><object name=PLFDgmzAalpnV /><object name=IubeJjqxtGlhUpgSbNEGP /></objects></root>