<root><var name='id' value='5f5c225d-335b-11eb-beb5-4cedfb6bed2f' /><var name='level' value='2' /><objects><object name=DCgzHvQqnTLpdanGHbSpKhg /><object name=DXSLZtCgsgq /><object name=oTGcdLHuyqGtRcoqJgUPmJlrqQPwAOJAQVdJL /><object name=BMNtePNpPoQSiogvmbgtVVFXkPOaItoqhxmFbtk /><object name=VVZyslyrfjDwQFSmbNU /><object name=oQZbyTWRsdMuavrPbyCHKH /><object name=HEdpssDGZwsuqHisU /><object name=NCRKTYKFdUKdKilkNcZelTVprt /><object name=tOmkIvJgxmnBKVoUHRwhCoZyPWviGKo /><object name=OahtcuNNzJglXapoGZiDuigrShxTxbDuwvnZx /></objects></root>