<root><var name='id' value='5f5c225c-335b-11eb-b4f4-4cedfb6bed2f' /><var name='level' value='23' /><objects><object name=WoanWdBeFjdcGqlvYHqxByF /><object name=RqeGRmTuGGmuUZotIosCNtOhvZuBnsOvkm /><object name=CbcCveWWTglwfBNKJvARJirljYcuHfUSVHEuhPcH /><object name=IFgCfJGxoTEYeh /><object name=GDduoeXRCMbCwKVTNKpABQJCkoORSymqgQScW /><object name=AiijaaqwSHMjblATkDHYkBD /><object name=areSrbMNMylbdrfoNRVoepthjnRfcurscEzz /><object name=UauRiWNInfSsgRLlDcLsXrkseFWtkvqoxWYJWEc /><object name=qRkQDylglPa /></objects></root>