<root><var name='id' value='5f5d59fb-335b-11eb-9b07-4cedfb6bed2f' /><var name='level' value='36' /><objects><object name=ImBCnLhqSudVUADRLUnJtLXyGhJeljbsC /><object name=yrcqEVzLQoqHNLhYDoZSeiEixrYIsIM /><object name=YLwOlsszAzTnDwCmFnFERkXjP /><object name=qIwJtSLHDpMMGOTyRhqvYGdBFuoAYADwRxyO /><object name=MpHDERzmdPMYwTufUFOijNwgQsJNxBPuSGWP /><object name=GlSfBgoEYLmmspnxbSllVPxUxZGqnL /><object name=UPuHNjuwNqgLtNaoCKsWGdlYUeMbWX /><object name=qogtzfFQymjjKPyaSSyNHrJzbtq /><object name=epIqqbRENJAmUusERANg /><object name=ZfnYPBXPaNNTtmrLgunrii /></objects></root>