<root><var name='id' value='5f5d80f1-335b-11eb-a1c9-4cedfb6bed2f' /><var name='level' value='27' /><objects><object name=ZCvZbQZqflp /><object name=EkRwpSVHGNiRuhKTTrXiSxbFn /><object name=lndDjbzCfrYreNWXvgamMRXSnoyhvtWwN /><object name=jMerGiGfJCHLtruviFqwlPpRmIcxEyowl /><object name=IJuQLskFVyOChZIrww /><object name=ySwjawBGwGvLXdRGUgVQN /><object name=mZAsZuKtuHXKoZGrbpkEElmwutSXHhWR /><object name=HDNGLBhVWDEuhiwtziNbvbpzLcsK /><object name=oirXZnOKhMRoDigQVCqokzUOgnxMR /><object name=eHPlVEgwGOiUGA /></objects></root>