<root><var name='id' value='5f5eb77b-335b-11eb-b931-4cedfb6bed2f' /><var name='level' value='34' /><objects><object name=dfUPtcXzkKHlesAYWWpnMMUGJyosAYuLCrx /><object name=GoPexFxkbHAoJcfrZUnCoxaKL /><object name=BcxcNeKrmUHvyGpfOCXEUemkheNIJnIkolHIlg /><object name=qbGhwxnsoy /><object name=boeymknwiJskxdzDEXoaPLUaiDrGa /><object name=JEZVrsucWmnYsNQQEZIeNGaPqFqoYgjHYxpTU /><object name=FzUPcseXkZrNSNtxxtERxfHu /><object name=bonrfrFgFjAIIubexThivOTvKmuWmJLfb /><object name=tcfyzWRzJDommGJeDLQoCEdMFFlhbyUdjtnxxWpE /><object name=toLYaHWWsldeI /></objects></root>