<root><var name='id' value='5f5e6992-335b-11eb-8cfd-4cedfb6bed2f' /><var name='level' value='37' /><objects><object name=JBqHrreRxeNcxOsMNFNDzwY /><object name=pQEKxrzWFZIMMZoAReaZ /><object name=hzclNSACyagHtFzwBra /><object name=UvMAPyyTtowGUmbSvwQBAXsGOSgdpz /><object name=mIKplVbWjFdfSFwJ /><object name=ZDCcPEmYFMBAKenCLcfpZpKKngdrfxtSX /><object name=ljLdDRfayMSbJtJvlT /><object name=nlHtVUCAAcqppLuODlkExkubgOkJQVp /><object name=YOURaHyfytNwpEqj /><object name=ifmRtaitKPDTXUCGCJGFKaNacZaXpJjUMAd /></objects></root>