<root><var name='id' value='5f603d19-335b-11eb-8f90-4cedfb6bed2f' /><var name='level' value='19' /><objects><object name=ihvdxqkPOulPpsRzIKHkdastlhkrGhMWDoOFSUN /><object name=uTsldgDjQjEd /><object name=tAApujJHgEHEP /><object name=qBRwPyBpbyayRpUYAuoTAvgSyqnkxe /><object name=qfbaKPPKGCkKaDPqDXJCfPxLr /><object name=zNHFirvQMG /><object name=ChToKPeZOObhADh /><object name=EMrhBqVstclMxRJWjUvzhdMkKHkmEDWhifcSbc /><object name=rySiBGWVrNwaKh /><object name=mlVRuVvKqAZAVxccXmMskOynEjsBYfISKIC /></objects></root>