<root><var name='id' value='5e5dd18f-335b-11eb-9455-4cedfb6bed2f' /><var name='level' value='34' /><objects><object name=RVPRQJKZuovOIojla /><object name=ndfgEzzfJXmmEWGZMFslGPROUaRUURdDIiIOq /><object name=DFnCpBbPrqSfMqjDrMGuXMgNIwBUaj /><object name=xkjssaSrufGGImAULaUAUiTDDVfwNPZgbigb /><object name=qQrRETssiImoDgapBYatVXV /><object name=uLWKfGWtEUFluXtSQdwtYOeHhrDyLkVl /><object name=dXzUuQWfGTcDbkdSsrdIvwVhwhQFzTpYAeWae /><object name=oKfVlRPJAOeqxpJ /><object name=UGcYLFYQaVyTZNO /></objects></root>