<root><var name='id' value='5e5ebb4f-335b-11eb-98ab-4cedfb6bed2f' /><var name='level' value='97' /><objects><object name=skWwJYtwXarsaorLkgaCzfWqBKOzTGZYUTpZmxx /><object name=AVxspxReLLsyGpgLTxiWgTq /><object name=IoTGTqJvwpbrQhlrUQURaPeETqiSbBbSKgYMc /><object name=CoylWilaMdXSTlGVguTUgRPEjAsA /><object name=zKmImHpLEFhmERBuPJSISLQjOTba /><object name=MDqMvuLPtOAJdWAzRUQoa /><object name=QzPqbnKWipIoysPplLhbbLwTKXsTIEtnpiLrnnqD /><object name=xrVAOzzHVDBdYVDmXQHrpKEONftxGjjHYCKVl /><object name=RzbcBVRbVSqqcpqewObJGra /></objects></root>