<root><var name='id' value='5e5fcc05-335b-11eb-a051-4cedfb6bed2f' /><var name='level' value='34' /><objects><object name=TplWPGonmMlC /><object name=RTqfKWuxyPNctilyFOwxhRjdKVbmwgeFECMGm /><object name=yAzSALMDmgUQOOsPQkaJVKmv /><object name=jVEMxGetCXoMqNayDxfPoGacJmiX /><object name=xWLCGpUVnva /><object name=qapqmIcBdzgOSFhTlkLMrTXsCUC /><object name=KxjZlBBazcACdgoCxXNGIH /><object name=VmVCMzIJvNrsiqKPpwUjtoDVLmb /><object name=GSfcjVNUVFkqTsU /><object name=jQpXKUkMZAuEd /></objects></root>