<root><var name='id' value='5e5fa512-335b-11eb-b0e5-4cedfb6bed2f' /><var name='level' value='42' /><objects><object name=VVhgHQSFEEWGRCOoxdKWMIENN /><object name=LNqVduzsRRLXWnyJDJlPZBpslamSOFip /><object name=gRhDNsqfcReOzQYnJexGkdbFxobPCru /><object name=pQCgrawdWwBCxiwkpgYtunBKRVgpChyLODpY /><object name=ceURcpJPmR /><object name=vkWmDjpmxNxdpBAHQmUwcMZPZ /><object name=uxQvwZZfKfFYafsHJVhXeMEaQd /><object name=sSShpwDgCsRmZoGxpAOClPKxIhdOhs /><object name=QauLSjuhowVTNcaamVwAKrZdwpEQFk /><object name=KeOCdQQqxgsUtWKbGXRo /></objects></root>