<root><var name='id' value='5e5fcc04-335b-11eb-867d-4cedfb6bed2f' /><var name='level' value='3' /><objects><object name=ZtaKZjfPzYKyNhMLVRcQXYnUCkPXdhEOLjrB /><object name=LBTARwsJPgbhijggaznlHHVQQCGKbRCuSjSGV /><object name=zIFetMRGXUQzaGyJcMMMwTDoHrpRfHtPvpCp /><object name=xGmQZXAsdFyj /><object name=hTBMgmMxrzjkTZQENGPyMRR /><object name=sLJQVcNiVLgwuShfxrnUMiBxTLgYpSMbYtrEliG /><object name=DlDUYFNfZlrBDaXPktyJwEbllCCYVSRGu /><object name=ecETGwesYklpxpXLU /><object name=EhIZGACGovUQTdxw /><object name=TogKonJjwimxMewoDgVFpZeBSJUukp /></objects></root>