<root><var name='id' value='5e6040e4-335b-11eb-9cda-4cedfb6bed2f' /><var name='level' value='82' /><objects><object name=WRYgGYxYYnFmTQIzVAQETLpNwkffHiKxLWYhq /><object name=mMhxHsruKusVhfQd /><object name=AFeJetbXrpsYGt /><object name=TxoranTjHIDIVttNOSt /><object name=ibavwYrhLrtUeteqtxhRBwBaqvKcgaetBLMkI /><object name=ufTXHvLVeXiDUWelENFcwWUgWSGvjpFMBLZFDC /><object name=URKIcjSixfAPQPu /><object name=HwfWyfIdOkFoutUnKtNHbDyiwhXWUuUqlHaABo /><object name=LrjvsAveaxCrKbyCVVto /><object name=PPibtluIycGEATmmvNgGziIBohL /></objects></root>