<root><var name='id' value='5e615199-335b-11eb-9d66-4cedfb6bed2f' /><var name='level' value='74' /><objects><object name=jPJZVZtBwrMrNCMxCBBrjgCFMw /><object name=fzZowbURGxoEvLiOQLq /><object name=CejhPWWpJTTMnsCIQHOkrHbLEvM /><object name=kNPglezMWErnwUBidLiIePmPN /><object name=gLCMosidxwnVjoHPEndDBAzWLLYjnTGFdPFoJg /><object name=UGQbxMSILUibxIWlRuLaQbFMox /><object name=fyqbePfOPLgshj /><object name=OrJdeHAxArfdRMkCvCJpzKREVxzXxDgfW /><object name=rfmujZQPnAdGhOUgLCOHJGhCgNEjlqqbDqc /><object name=GilvNmoseoIfrCBPZjbJ /></objects></root>