<root><var name='id' value='5e629946-335b-11eb-92dd-4cedfb6bed2f' /><var name='level' value='58' /><objects><object name=nlYAJUyeAanx /><object name=WfPNmwylYqxLDZTNbyLQ /><object name=uBUJcRlSavGSteByMHJPMrWTjngIxiK /><object name=YyvtoKHduBhEyGnNsshKrPDTafBMxFck /><object name=tQFvzFxjvmZoAPclPuGkTdvAMLlceYWpgfPyvyR /><object name=ypyOdBLJfclpoQvRG /><object name=BGybtrmQozwooQehLwqlCcibPfcdV /><object name=NUcLqMdCAKhBJtNyxFPJEhAW /><object name=ZoKfAHKZiqPJMefAWwwqXfdTmvaDGhA /></objects></root>