<root><var name='id' value='5e63a9fd-335b-11eb-903c-4cedfb6bed2f' /><var name='level' value='5' /><objects><object name=aWxnbvBcbUEtNmCTeJCywiCLMPUUArkPN /><object name=yUtKUhwIaMMJCQ /><object name=jRnLnjWqhCBoo /><object name=ioSCbaIQOyvYiKbTZHTbLCvhESNSYrwxM /><object name=wdeXlgDyPWNPmPkZiaaUahOenjxzGol /><object name=RqGUwIsHbFwtQTkXfPPsZdyEBt /><object name=tHZtgiRUyHCKFimtWpxdTlRMzMtCwMkuepePgOk /><object name=ldJqEpMzWyhvdIDfGZFXRKBUzDbfbDOcYbIGjGM /><object name=CyXITPrQpEOJDcYlwVQlUfiLFxQrLZip /></objects></root>