<root><var name='id' value='5e63351b-335b-11eb-82ef-4cedfb6bed2f' /><var name='level' value='18' /><objects><object name=ynaRfYkXUHpTuDbJAFOnlqrcRnfpSFSCNFIdaGYJ /><object name=xFqFBXwtTxRFICXcjWetbFwouUDg /><object name=bSSDhGSwFVUOJBNlYZlOCFuIVYIn /><object name=fdHvzvEDAwQick /><object name=ViKrFSroEGLIPQlnJJQpxgFfmR /><object name=eVbnkXpbHQz /><object name=uIqEmbFXdwhcRcPcwtU /><object name=pvKCePXstMcyPkXrK /><object name=wkLZPnBUSNgNqhdNSveJvvdIFkWhzWiAQEWscOw /><object name=bUITlqOstjHeFeUSAe /></objects></root>