<root><var name='id' value='5e630e26-335b-11eb-b461-4cedfb6bed2f' /><var name='level' value='50' /><objects><object name=wfwowKRRtqdiPLFTmBRf /><object name=TsDtDgPQwroSuPKkzAhqtmpdTPLzoCmfhZ /><object name=brcxLiBIELDM /><object name=NiUnKjPBjEgqJkbcuNlY /><object name=dmZPqNWZLaUswYjGHbbTbPsUkPEJtZ /><object name=pdhndhBoRaWFNQazIUnGajUhkvfDjLiV /><object name=vtmGTtrDtiyLOHlaQLAnSGKwoHjsrOANTKLlqgM /><object name=WlnNngSEXafeYf /><object name=QggxVSVigYXKrpA /><object name=lQNVdUUABkPObMBEGXQeFOtPcNbDINSKIhasi /></objects></root>