<root><var name='id' value='5e63d0f1-335b-11eb-91ff-4cedfb6bed2f' /><var name='level' value='88' /><objects><object name=zhSyzTAGSWNMDbZzaflIhSYtFtSMaQi /><object name=bGiTEmVhJZXDHHphIdHTfSe /><object name=CGbJtKTaOdMKTFTnVtnShKo /><object name=kjjYdfaJupqRGGlWMSiMprdSJbl /><object name=lVTYABZeddkzLMqQYBnGBinMyOdVeAM /><object name=QWlWvNyczIIxgkEuULyqGmnVMXCnpVFUrU /><object name=xjGKKUAYwSPNp /><object name=SpooLcNRFSlQZusDsFUyzR /><object name=ovkdoJgJAp /><object name=OjtwScfjUywbhcmIJKyPdKtTDpQkbMrQdwJFtat /></objects></root>