<root><var name='id' value='5e65f25d-335b-11eb-a1ce-4cedfb6bed2f' /><var name='level' value='73' /><objects><object name=EhFwxmbGlrKldoggVaZiIWEsHFgxFColksJREoay /><object name=UAJlNziNqKQnogl /><object name=hOECIKNvAToSXunhOpydrNXF /><object name=lNLJzzjpnFwfthMUSTICepFb /><object name=PxCgfJlOujyfMXboKkfpYG /><object name=UOGgvokEZD /><object name=RKQzGhQNFIoMNdtmBxHrXpfRmwMHEdoJwczz /><object name=YMKNbuaEzaJlZzTkEYQdiJOIWcJvmzWzYzPKA /><object name=DvdsmPhdBIoxWflgToxFgNwC /></objects></root>