<root><var name='id' value='5e66dc19-335b-11eb-a87e-4cedfb6bed2f' /><var name='level' value='10' /><objects><object name=kwWwRFLUxrUHcYR /><object name=YSgeEAbmrlKAcgjycESvpucKcz /><object name=eSivGpOwGVjwyVtMyhSJxOQya /><object name=vTYfxrVyIWKDhibNnxLWwELLGfPTTMCZ /><object name=cnjsjFlCqIzZpeYqlMNgZXbqdhLhHSvxMUcgd /><object name=pDZTQHQigr /><object name=widTlHQopYVDyTNcmLsPIenkSvNEaCTmaMqOd /><object name=SGWoGKeaVQyNfGDUxmXJdHhEzIeTftmXybI /><object name=DwqyYDglAUWzGwsk /></objects></root>