<root><var name='id' value='5e376258-335b-11eb-a27a-4cedfb6bed2f' /><var name='level' value='25' /><objects><object name=fjWBOQuWnvoyXTJQHxfv /><object name=PxMfjhGhKsLvauDax /><object name=vzqafuhRABoHTXznoSOZmpsjNQIvKnmgPbzfqIn /><object name=jhiBnlercg /><object name=aXmWtjBpdzfiylDmsVlJvlpHw /><object name=ynNQqWJfwlKWCoQLTPoDiRJymMdLiGYg /><object name=ySeEpXvYUfjzjRFFja /><object name=myWzZdLhjRPUwnniKadNXTUVtYyiTxu /><object name=aaupGifXhKGJrEgg /><object name=FmupXOAnwVKlnVomDxJIAlyHYST /></objects></root>