<root><var name='id' value='5e37e030-335b-11eb-abfb-4cedfb6bed2f' /><var name='level' value='85' /><objects><object name=LqtRsMTryhIwcHrCLAQxuD /><object name=LhkYYZAiXSQdIvNIFoeFhKjoRmLAWcgwiDbGnkJ /><object name=GFTnhJxdqdKzjUVXhtDtLwQSofVTMB /><object name=NsojFUuxokYGqwrgVWkZQamUjNl /><object name=HRkCgasbAVNazLZFoougbajmYsDxnNWoJIFwag /><object name=GHIUUQzmBnoT /><object name=koBGpEDEXOlMIZDXV /><object name=ygogQcNYBghCFHDFkwohCr /><object name=dxrRmpBUPNLGRKDHPGxiccDZeMDLSoRzjbyml /></objects></root>