<root><var name='id' value='5e38f0c9-335b-11eb-9229-4cedfb6bed2f' /><var name='level' value='83' /><objects><object name=YhgEckEGhyNDCbahbssJXGpWsQsfEytmsZwGYhd /><object name=hPZWojCxfABUelNPROEhUEn /><object name=YwmsJigdHedBUjFzZFhSFnohtFgevQIFBsNyC /><object name=janIuPBINygFfHJXXx /><object name=TgWNvdxklsqHpxXeGZiFDZGdfJajtSvHBYYro /><object name=YHuMnVqnimItNjvszrHoZRtWJJHDL /><object name=VUHioBlaaWDuvTAzyOAR /><object name=BPHQlvRbaiJV /><object name=DcpBGeZDnUlbnCMpRrbJojQtbsvnnV /></objects></root>