<root><var name='id' value='5e398cb6-335b-11eb-bef7-4cedfb6bed2f' /><var name='level' value='96' /><objects><object name=cPfTiDAgIztADzKkNF /><object name=aehfHPGQdIblMgpTJeTUPKscqieCIaGkbmMnxPFq /><object name=XyhTghdcBSmmwNCcnqnnyxczYmreWJmcdnDA /><object name=GOBjrHPjjchfjMjAYZZQbcHKe /><object name=IUSrXcDMuWuiKZlubMvvfWTReJdZoR /><object name=jhZddlWiBAayQLtxYpWzmLpoZ /><object name=TKMfdCniqsGKVGEwirnR /><object name=nekQkUkcuodDhWvaZVLiwtC /><object name=xeSuuAcEXVNKvKKCDEZJKONvPWCmgdDZSPdmJS /><object name=JmRlaDJqlzALTkLwMiBhhAQedWlWIRdbo /></objects></root>