<root><var name='id' value='5e3a9d37-335b-11eb-8ebf-4cedfb6bed2f' /><var name='level' value='9' /><objects><object name=RTAPgzepRnLKo /><object name=PECdFogRLqYQWwqAedqgUCyrfOKUxxngJEeO /><object name=awDLfIJPuaHtQjFpFffQHRyORT /><object name=iopxqfzugeoVkIwbQtnjPuRswBXlo /><object name=RamzawtwmqLvzsPnPilNZN /><object name=QYnWiSdJdpmbTSuREcwDdtFSIHFpltWEMLnQvOC /><object name=TmQEPEgjDOjBTWgtFoTuLpUdjtUsPkxqjfQPI /><object name=qpivgwfmYlbx /><object name=BTOAMZZhNQKPkRZRvmDQfiKKUUApxj /></objects></root>