<root><var name='id' value='5e3badd2-335b-11eb-bdf2-4cedfb6bed2f' /><var name='level' value='88' /><objects><object name=cfjfQVZyOowNaAFWyLTFjOmFsrUKdkpH /><object name=GkFcIKFezjqXsDltuzVHBCyTOyZMZuzovKPP /><object name=pJnNlbgtCCWCsNvzFYekfKdWBEMfXiU /><object name=EAveMjbrUpIBybxbUo /><object name=ZURJmmvGprOJkSTTYmjWzendBdD /><object name=WIbwSlWnnNIUcLZguRuL /><object name=CtRwPsFWmhjdYlKVkWZnijsVdbTjOSNVjuPOMb /><object name=fozYanzPdMpJfTDtRXNCYFxgKDMUSRFeYQES /><object name=FyZhABbseMhTpJOtjrfEZgADasXG /></objects></root>