<root><var name='id' value='5e3b1218-335b-11eb-af5b-4cedfb6bed2f' /><var name='level' value='89' /><objects><object name=qviAcUnCScnFrFGOOSzeJxlZIzCxyDztCedFMy /><object name=HyoOjBqBtgSfLyGpsqNLlQJLPCNcXg /><object name=sjIRpWrjyBHzwfvCc /><object name=zqYRNRaKAIpiJNdrhPrXcFUdfhoJhDIi /><object name=idAxuxqYjULUcvYYFsTjGgvjTQUNddXCv /><object name=MqFUsGsPQYpYNLpQQUcovnLYGk /><object name=HVwTpASnWFMbfTTPCrRnsuUaIPcEGQZLLkGGl /><object name=EhPZoXGrjtiBzWJSEq /><object name=tCahrZJnHvwbQKucfIlskvYiZccrwhlEiwvAZ /><object name=HGVmCDWixpXoiGgg /></objects></root>