<root><var name='id' value='5e3b6001-335b-11eb-b9f9-4cedfb6bed2f' /><var name='level' value='59' /><objects><object name=ZsNWQvGSDfJCqsEjM /><object name=BQfSFSjxxPNCymInyzCF /><object name=tUcvVQrYAkBPQxDTsUBdvdGWxHxnNPTyXsgTa /><object name=dfOVDDCZouOEXbfDThDDukpsVny /><object name=DgjInXAJeVDWYTqCAFHpo /><object name=vjtJvMALiUuonRc /><object name=jYCClAoPDLwdCkdRjnWaeXNX /><object name=QYFbRHRRdWeAXUFagQCLfEqoZ /><object name=LboatcPNFDUryCyiehQdwbLtlHKC /><object name=fOmVlrOiGvqJZpnvwCptmIaYketjTsZfpOh /></objects></root>