<root><var name='id' value='5e3badd3-335b-11eb-8293-4cedfb6bed2f' /><var name='level' value='25' /><objects><object name=NIIRoiyoNPDKXxzgNuswFZtfhMqbeacdVZNNfhgH /><object name=ZCtEVmmEpfjjuQgTdkpZtLWAbFaWMYUlrxTGSxRb /><object name=wYjdikVkCFRsgNzBCxohVBbhapXgMZmPkI /><object name=FVOwddbDnzvaeVJzgkkQCxfFgdYBiPnU /><object name=xwoILASAwHoIJYecwjyWwNbVvlwOrmul /><object name=JOCTbgiKrNkkLWbEMajxjxpaSdoQSduDESLLK /><object name=KrBMkgDHnwtwVtHSQnnjf /><object name=BxXJwmuqogmiPM /><object name=ZutrinoByuoSEqAIGm /><object name=OFfNNWgjFEjWaIvfDbYjYqeLwYtUsgdJizYQB /></objects></root>