<root><var name='id' value='5e3ce581-335b-11eb-8bc5-4cedfb6bed2f' /><var name='level' value='9' /><objects><object name=vbwfKOXhORNjPsbszzEHVyHMpQTzkmvSYQSZSzOF /><object name=EYOmofbZQcxxCbIhyHbmMABRtZMwHGXO /><object name=QYvTwcLdccBfmlMGJxwnXpaspvS /><object name=qHzOreNAevEKmLqPyRzaBMhUaRc /><object name=dGSgkinurDuYaWlenUOEUw /><object name=SpPhLDVgVERY /><object name=OVpARShiowLYRFCUYnqELRUlKMOlDJUqHQK /><object name=mBRdnMSXYVyRdfzECIWJdkPYJFijVDsqBYPLDps /><object name=SyTsHrfOabnquDogyHejLfHZQqDzH /><object name=naKWjcmEMbPpfGBdySoHZwooghdIcFHgkORhkIeL /></objects></root>