<root><var name='id' value='5e3c70c8-335b-11eb-a544-4cedfb6bed2f' /><var name='level' value='54' /><objects><object name=JYRmxXDLpERhceYpttPJCcLWsZXr /><object name=ZzzwEshjjGWJ /><object name=oeazHtweUiDKWxjMFRKVSkTiyJe /><object name=kaaKOogrltbAQGTILY /><object name=umevyEDebNCoI /><object name=uZcnSfysMMjTmmYINxXEyOJfXChlAlbuU /><object name=lJyLAGNJetLhyEOYzvdCUIS /><object name=hrWLUiAFsqCsjdw /><object name=ZSwFFwvKMXVkToFJdnGrSCKeYgFfPPOBDkubzPh /><object name=orTxpzpWjnJ /></objects></root>