<root><var name='id' value='5e3da87b-335b-11eb-8de5-4cedfb6bed2f' /><var name='level' value='64' /><objects><object name=ucWIfeLApYqAwDYgUPeeztZmJtYWzQtIpnmjDrw /><object name=spRHlTUWTLrrUNvnPrpzJkeNcxzVwzIWGwJdf /><object name=qqziFaxrNCeQAUhEDXFWhXSFsiapMqpDefOwY /><object name=eWgyPavhTPcihNxZHyb /><object name=aZHZzlwGcZ /><object name=KjiILoNdLIUHmXjgWJJYHKHyPFoAhDZZgQr /><object name=pIdVBCrIqoArSsxHbuyWkl /><object name=KPoEXVUGYeQJCjcmEOTyiydWdpGHjuR /><object name=EPXZaQJjBOAcaJNJrGG /></objects></root>