<root><var name='id' value='5e3f7be5-335b-11eb-a51a-4cedfb6bed2f' /><var name='level' value='21' /><objects><object name=qDHoMGiKxJ /><object name=pCMKYcBAavpzqAQpyHFfkcjIvTG /><object name=HyEXHgkeYUWQcsgCuKFkdoiXU /><object name=DzTsZJntACIzKLnIsKVWltABRCD /><object name=WBUlxwCKUmjFzUTjfphWw /><object name=HUiMzgiowdd /><object name=ZUAnULaoTJzNgjiNTuQoJeJnNCQjGWFViRjABJ /><object name=dJfBMCdEhBJjpwlpUzzXBzEcOKp /><object name=NunPzkeZbLFcirSaPWAZ /><object name=DFpCwgdUNXsmQUKpMusYdKLqhObZdgF /></objects></root>