<root><var name='id' value='5e403eb3-335b-11eb-877f-4cedfb6bed2f' /><var name='level' value='99' /><objects><object name=MabSsoYwCITRqoceUaGEtaweZOiXyCaqqxRHS /><object name=ZgtRbwLyZICUPSJJoXRczubPEMjjYsymbIBlIhe /><object name=ciuzRnwNjJyStmTqTEqcKlTLnCmbN /><object name=hgfhySHhlzliDWzrgtkpELnEBKvk /><object name=auKHzobTHdqzPbgCVEJszXm /><object name=CXICldxwRxLteSXNoNVkUrmVrZIcBMNIuPGhQS /><object name=ZyLhyyqlQKArSasliUGY /><object name=niASFUACuHUdccjQFBrTax /><object name=hZElYFDYBfpL /><object name=OriQouWwppaG /></objects></root>