<root><var name='id' value='5e546a91-335b-11eb-af1e-4cedfb6bed2f' /><var name='level' value='54' /><objects><object name=bfywKHxhfiBagYiG /><object name=nArcwDgCXNXnnbEDeFSHdkyiOsixZXJ /><object name=BPOYsJMFaLYWaEIdTNULCQbOpTL /><object name=kkHehkiIWnocAxKIXwZKAvckXxjOwqBJS /><object name=WUTNUtpdIbuGrbCFFnNHGmJPCdqoxARy /><object name=nZBbEXbEZhx /><object name=jiuFfmFvLDkCIaZQ /><object name=nchRmHhlLtQDEVrF /><object name=masvgrpcKJP /><object name=UrvUKQUWGcHhILSgYxWyCMMdnz /></objects></root>