<root><var name='id' value='5e55c0c7-335b-11eb-a58f-4cedfb6bed2f' /><var name='level' value='77' /><objects><object name=tmqVZLrQKYsPkusjvOZpygxXw /><object name=uAORnqYlLeqXSdlGkcJCXyYcHpmMiuCJlXU /><object name=jZPaaPcxzypxYuhFGTaJjJLjvamrOc /><object name=cyDamgrbCUKxaioCKtfbtGLrrgjfofNUqrPe /><object name=QkoKCNqJZd /><object name=hzdfIrHyunoqHdnmmTKgkd /><object name=xighswagHnoJKvfQebdUAdfy /><object name=BbOHImxYkVbzyiOcPjMvyneoIdkxILMGaydJi /><object name=WvNZpVqAkOqCqvIc /><object name=kZgTJaKeXDIYssRRQzB /></objects></root>