<root><var name='id' value='5e554be9-335b-11eb-b51e-4cedfb6bed2f' /><var name='level' value='48' /><objects><object name=WYeZJDkKubMXGuAWodpwbUk /><object name=qApAYrwsEnTsCqMRjNqzbkwQalYQUxbtkdnY /><object name=etnWSUoWcsjghLXcQLPYJvFOEX /><object name=PTKBfgTQwVnNqLHWuHm /><object name=ShRvTxxvUWZTbBOKPsfhnTZMxsDEcxLljEMEQsQ /><object name=LvRLYCsDHkafWwYcaoGQ /><object name=mprrSBENsJGZCczV /><object name=yCeBwEcMglpktipICKVPnyer /><object name=jiUFnzeJTeKEcHkWjaIAiMZsZYWitgsTEtpHG /></objects></root>