<root><var name='id' value='5e5599d1-335b-11eb-bfd1-4cedfb6bed2f' /><var name='level' value='95' /><objects><object name=VGhcuRZznwldXxjGbiWNtO /><object name=BpjrLIEPidelfCSAmypApaBHzlx /><object name=pSZvLIluTRaLqDCXsexjwrrIBkvafboAg /><object name=bnrssjUntASAbjsnywWskMJNa /><object name=rzdWNMbZTPlYtWNKIBsCcISXGNPwayF /><object name=gmFfiMsDHAScRQwsvkImwLZQAHiEm /><object name=BsMjpJYWHEBynEWgyCBkYRxiROfrz /><object name=hgnJIySINLJhTH /><object name=MprrxQkJJphOdtmAZIMrxLFXozK /><object name=hkrNtUrnlgzFM /></objects></root>