<root><var name='id' value='5e565c9a-335b-11eb-8f65-4cedfb6bed2f' /><var name='level' value='64' /><objects><object name=tVYpgliCMyWvwrsfDucmtWGdOjhpBZkbmFzX /><object name=JkLOYpUrPekIydkLkYzvkgEtkkOTfdESa /><object name=ArRaxejxojJwVfodmUirFFJaKEwUHn /><object name=nZmdkbTOkAKMdRKvcKVUWCVInCgQ /><object name=BnYJXlWrHDwfLqiiiVAUbrfcIlOzuyEYdfRVM /><object name=KXFppAQQCMILFwHstRjLXDNl /><object name=gOXHWbQIDSbHCNaksCkdURneHL /><object name=GSalTbOnYyIJKpyFPyGXfsWMW /><object name=NRUaEkXPTZ /><object name=LIelpWgxcRb /></objects></root>