<root><var name='id' value='5e57bb38-335b-11eb-8ff5-4cedfb6bed2f' /><var name='level' value='43' /><objects><object name=JQTZBmPinLgOaNeF /><object name=xgXcOENCFkRBblVPKSUaJyraSuyeeSXtstnGk /><object name=bWYytAzAFnFeiyzXKjOofeRniVQ /><object name=QlNqksqknoPFmXnVteeALJeQprwmVLesBwDpXqT /><object name=fZxlFmeQYbZGprvfEpIDIhdMpQxdfL /><object name=jxNzcUgOlsdyNzYImKzVHKb /><object name=IgXCzMnAGoVrJQxy /><object name=bAFmvmRAPNQOQvDcXoihFpUNQwnpxuogai /><object name=fsglIEvcMgLwRYaqRkSvAQdeftIWLo /><object name=AASAIqlvvJrOXnXUoGNahhBuYaRuzdUOEaVL /></objects></root>