<root><var name='id' value='5e58f2e4-335b-11eb-b045-4cedfb6bed2f' /><var name='level' value='58' /><objects><object name=rQhEIsEAYZNIfhihmXaEJbwEBciE /><object name=PJLoOBPulFOserjUzd /><object name=qCXwmJoiEdzAcXluztQJhbrNxYRULYMxLFQhrnQ /><object name=uUJGIfOZPt /><object name=lIoDkDzpsMGQLIDohbfUGJIbMgVmYvnk /><object name=mDRRayiFMtLzAQvCXaIVjHuFfifeSNlOYvd /><object name=ZkQMnFDNmmVVoLSZCqlXVjkPKQGvNPjquPMLtm /><object name=zLKGdrSZxKQzqrBTsvuCFuuA /><object name=UxfuFKTlStFgQbWLzPv /></objects></root>