<root><var name='id' value='5e585714-335b-11eb-8fb4-4cedfb6bed2f' /><var name='level' value='39' /><objects><object name=CZpIUguIYtgWvU /><object name=nrSYbmYvSZByiCQoGbzQELYcmY /><object name=qzZRhPcSmwbr /><object name=SirkTHcgYTwHnMbuSmUQPClmiNYOlYfrPytlyq /><object name=pYxNVeezBwQUKOgRjDQwpLnPQMoko /><object name=MVTofNYixVgIjyizUoIwAXuyXWtguQgyXfNxg /><object name=EsGXcTkCZe /><object name=gcgprDYVHkvaCDXTkAUygLlCkUT /><object name=jxEzLAnGZPTGSuozUkFhojjBN /><object name=sAKeTZhxkGzYfisopp /></objects></root>