<root><var name='id' value='5e58a4fa-335b-11eb-9bfd-4cedfb6bed2f' /><var name='level' value='27' /><objects><object name=kLqiTVraZxcxxKwCDxHBDIIG /><object name=XKlYMITtRDDvQisWhhLMLzHxJXfPlB /><object name=ifufajKXxYnoRJimDCIMOHEUTEbZcjHrmpJ /><object name=FEKlxUgLVEvVjfLJaNM /><object name=cJnWhWoguxPwna /><object name=YtRDzPVIxzdWtEBsercchccjjOxLy /><object name=xxfCcNcKxzHmpFdeOkmDRMAdXSaR /><object name=orNVcHsfRNKoNzdHEWH /><object name=cgkJlXxpElZhje /><object name=CzGGUpnzoeuUlLJAiyeggmW /></objects></root>