<root><var name='id' value='5e598eb9-335b-11eb-9906-4cedfb6bed2f' /><var name='level' value='56' /><objects><object name=FxIIkEjwaKfNHumcrhcsdSDfMpknpngebuasTtZo /><object name=BEkOryEiVssFVHtQXbTkGaltSC /><object name=LdUjImkBzWuRaYbvtAkcs /><object name=aMLXqjGIqrlLVFciwFpgOwqcPALCmUaHAdSUYpf /><object name=HCtJjwZFamSMrAePXGztxQEpvBMnMbYwC /><object name=RQbmzHxCysAc /><object name=zXFlqibPWp /><object name=igjASxFxXMgUKeEypRtpBTbQeMXofvogTgTQTeM /><object name=XuLsYbvRrZFnRsBUOOyIbKpEDI /><object name=FlFxDdpRPtnpYyZlmBC /></objects></root>