<root><var name='id' value='5e5919d8-335b-11eb-8547-4cedfb6bed2f' /><var name='level' value='54' /><objects><object name=nlOThKpEuooXgrgGPrtVbAl /><object name=kuFbfbVzNTViVLQvYhcnWHwVIialASUeCIw /><object name=yHDYMhmMIkUbhAsAuicbPGQrFcIAG /><object name=ZdfVxYOzwEkMekJBwTcBqVPdLbpTSCyvvv /><object name=vjMhBxuTzQX /><object name=IJBZGaIbqDFRxK /><object name=BXtWKGzniXoWXunVlspVcoqYdFoPrtnwnzHKQ /><object name=SodVPmlfJulInHithYSXsVuiWFdWUFiESMrn /><object name=ISASuGCyxJBXtZLUmthnyLMlLiXPiIWFIRwGRDmu /></objects></root>