<root><var name='id' value='5e5a787d-335b-11eb-a30b-4cedfb6bed2f' /><var name='level' value='82' /><objects><object name=DFGrGTKuupNZnRgPA /><object name=tdmHWwzedgg /><object name=nhksymBfzHXt /><object name=iVHfoHPsENBkojWDZFUdncDTbqCTFAfjb /><object name=OIxYiBrSUxYNZqyEzppHoFJSxGHCFhKTWQxPp /><object name=KuIghUGWebBbJzukMghYwJULEgsjO /><object name=WOaXmlODqltoNByJHrQNHgtLbtRtHmxiHtYBFr /><object name=jDaTVoUzDYIyTlfibItYScsNqAmveiKzn /><object name=wHOEzHmRFjDCvcZKnWhVm /></objects></root>