<root><var name='id' value='5e5a5181-335b-11eb-a0fc-4cedfb6bed2f' /><var name='level' value='64' /><objects><object name=QkTAkOEMifJFXKhonZcaWMDOXBqIEyhlVayh /><object name=bmvmPfyLoFatPdRxeTFzeakSTpzABxMEUSu /><object name=yiwsHxQyxqujinxIZ /><object name=dkuBidoDVpyFtencZaA /><object name=RHecWBbNNLaKovmtPRCzrLnudPMUzsAroQiid /><object name=JzLfrPUtbyOzRBI /><object name=OaSvvoIEYHikohf /><object name=trgPVhBvhOQnJMHJVlrvzYCpCxYgcIB /><object name=jRNTDjvEbJUMLuWkznH /><object name=KHzyTMFGQO /></objects></root>