<root><var name='id' value='5e5bd71c-335b-11eb-a283-4cedfb6bed2f' /><var name='level' value='98' /><objects><object name=cTNOPzQiIlOwtWXOxdsreMTfwEWRXFPaEDM /><object name=BfAkdGqNsRMHoNfneVsxLEpmdRGYWkTUbfRXVZE /><object name=aeLQauuNKkCwsykDMvwfa /><object name=leRtVXjSaDjvAErMydTEgHBGYN /><object name=kaKmKPedAOBkxPdWlyBvPqUAMTymAqc /><object name=jIwnOTaReb /><object name=NkzrDoXBnaZDRVrQfdVXWGPWymZoAe /><object name=wrcILMRnYQrudyvbXpkhFkDCSelQ /><object name=bIuVaUiOHtWeEdbGSDxlqHydaZSHVFImYhz /><object name=QKvgzuNRgMtdIKcRxnQKffyNNEBmmjfRwzbV /></objects></root>