<root><var name='id' value='5e5c99e4-335b-11eb-a9a0-4cedfb6bed2f' /><var name='level' value='96' /><objects><object name=NOLvjxVTRrHwrgvyVpONpQVHpfVj /><object name=rwIKiRqFWexIoveiPatdAmOthWy /><object name=qIZrtkgxTidzeCfHDHHagnktIcNoogVMKCvZ /><object name=FxmTZTfciuTBVxZWcvzvUBiXWMJvDYCVnBp /><object name=bzVzKsdUyfnGtRDy /><object name=WBvzPBRkSKcYrxIImZmhUKOAUCcLwBGkHwN /><object name=nVnddZoNylCsHXlgndorPtaVpImqM /><object name=csTRdcKdvHOjXvGUJOSSzaQEN /><object name=dtKSRrrjigHjGQbCUKTtdqYjZz /></objects></root>