<root><var name='id' value='5e5d83a4-335b-11eb-ac0c-4cedfb6bed2f' /><var name='level' value='30' /><objects><object name=xuOiCBjLUesTwNNpToOXRxvyjjUbWFwK /><object name=JGZlNvFgYIIDtjLbETpTPPWL /><object name=QJhGGfKEgUfXjWF /><object name=hwpkNOVZhGMrSubtadtn /><object name=IwYPWsBPJKHiavoledehjwJqfY /><object name=WochyIBolldjJNkcx /><object name=ysmIvxAPzuwMsOLQacUPPq /><object name=mtftpzJoBCrgDarpgMAzLZ /><object name=IkKEvnCaVqn /><object name=qARBTUpUWrgDTeylwYIDnoGCgJzAVEilFEQyKCJ /></objects></root>