<root><var name='id' value='5e5d5caf-335b-11eb-93ba-4cedfb6bed2f' /><var name='level' value='97' /><objects><object name=YcxjCgeFpXfWGxHdKshzQSkbe /><object name=XhCdeOKlaki /><object name=shYrQJeNeGokqpdEwInpAqZrji /><object name=cuQIqXIqqjEfMZjBunINIShXHdasQqMZgDb /><object name=xPHeDqZqISoMdDbytL /><object name=YbkUqiIOFDb /><object name=YBRhmfNaqBsXELZtPBdyawgWeFPoWGMklTtsfIMY /><object name=sAlpcRopRkSpTRDJRahsnlAwVrgAjGqjnNsmWmx /><object name=LNyERRzpkzkELhLyYePAzkRAHSZBJSIOJqxHm /><object name=UIzvBGZFPo /></objects></root>