<root><var name='id' value='5d823acd-335b-11eb-be95-4cedfb6bed2f' /><var name='level' value='31' /><objects><object name=VjRlzEvHNJuvETBSCFaAeo /><object name=eHyozQSOiMvzUNemReqgyzYdExFHuN /><object name=wAqRhkBdvaFPkNjBKRNOWbWnQpYszpIJfOZUNJE /><object name=OIpjCYptGoZoyxWWkvAybwTncUenOscXLjpY /><object name=qiOtawTLRe /><object name=daqVvDVYSqGpFWKzcFmEGhPBK /><object name=zbnpzSUUphkywTKKsuIBAUxgiLIzlF /><object name=cahQZptJYJaORUDgGZH /><object name=cooNhRHWVGNNcSZjI /><object name=XIpYYjBtaXnFXncAcLldQWpjEjxucIW /></objects></root>