<root><var name='id' value='5d83c05c-335b-11eb-9a26-4cedfb6bed2f' /><var name='level' value='5' /><objects><object name=QleuBFhCduCbAVBQQccozWSGxOxWtqcOK /><object name=zaUVtaDRDobBHRaSbmxvFUNcKWzIaSStvJfoUvi /><object name=NEkLkWPTyUfFSGmNLSTJFmkspMAfg /><object name=gURJeNZUUZV /><object name=vrlsEaKehzUg /><object name=xrihDqBrlnPPHOZF /><object name=PEXOYshdbqtacgNN /><object name=dQHLqBdYfFVRiNqmOOeXNtZAIpcFpB /><object name=bMqeDSCyJbXZvkq /><object name=bVAscLXNEpvsJJhYOezsHZAmLNRmfMObAq /></objects></root>