<root><var name='id' value='5d834b7b-335b-11eb-b282-4cedfb6bed2f' /><var name='level' value='55' /><objects><object name=sppAYsvgDNQnzHsPUIPJbxaDFXplAxAP /><object name=MUtNrIeNJZcidGbAetQbEAzkyttJGXVZOBs /><object name=TeCcWJQzccbrf /><object name=TYOqZseImwmadgmbOpjrVWs /><object name=LVkyeDvyPgVxcTxhfhylfWevtsuCXjbepP /><object name=iuanknZOZQaMfpeIp /><object name=iZQtkmUPqzgpfAfBOunKYk /><object name=jdYoKBtjYCidArzyMKiZCqilOGdxyuXOLagmPU /><object name=bFsUoujcxlOYAMqzMLqySOjJVJUkBq /></objects></root>