<root><var name='id' value='5d8545ef-335b-11eb-a051-4cedfb6bed2f' /><var name='level' value='91' /><objects><object name=ZbqpBgllziznjIHmAeXxbduNPncdunteCNAY /><object name=SMbOutuTJEt /><object name=BtaflbaGHERxsBmOoUXudDCiRlwwgMGEnvfFkvP /><object name=MQtnrSnxZsV /><object name=cmqVAIhkRYrVSGjpkma /><object name=udhQYFtfaNDhKmNfHPitxSVQdW /><object name=tAUmbCOoAcxoxZxliHcHrHaXtSw /><object name=JOwxGVIduNyQMUUfvHThBdlJHertz /><object name=LeKUUJjTeBxhYoGPoHOOsAuqObumIMWhaAC /><object name=ucLpZRLBzOQcBhoezyLoEuUctpr /></objects></root>