<root><var name='id' value='5d851efa-335b-11eb-96b0-4cedfb6bed2f' /><var name='level' value='73' /><objects><object name=xbyHnWdFrNzbchYhJuZyIjGnIrPkGT /><object name=BxtprUVPHlE /><object name=dmyaecpGwHwaeYZbmMgtkatTmRavlOuKusDsxK /><object name=MgNSfULDnsxpFXgMGqrejFDeheVPsVJnQn /><object name=anRFOBjfLtxmLbsHzkuTctULr /><object name=qrcDlNpqjwdlSPZLAhFwjGWDbIQcMAcPsUVoudR /><object name=hJdCuPHRXXKJjmJ /><object name=makGbSjQxJnrKxZRZHJLeeC /><object name=mUSSXGYgpZATlHz /><object name=XsAMnygmdNxTQKVpgPe /></objects></root>