<root><var name='id' value='5d85e1c9-335b-11eb-95c6-4cedfb6bed2f' /><var name='level' value='9' /><objects><object name=FTcMJOQFaQQEwbZ /><object name=KFnHdxnnYxOuWQNdJhiMlDVajqXgZqoz /><object name=XsymTRRYskDWnNPpXIAWzZQVyJADcv /><object name=wNgxumjGHxSJDNzqPuGxThqUefkbZayrNsPZ /><object name=oNNylOqcFzaoHvhTmSyoXPYrNPhhgpQbuSH /><object name=HYsMPZWUwMlYWaUViaTjJEvz /><object name=FGEdsqjGZtoFWxMbslqYFJZLNMaAdXiQEOiEjbt /><object name=nJhUlrlUXBIDaNSTbLuRfCPRnoEnfvaIo /><object name=ObqRTpwiPgFPuQBCROWbAZUkEErfBAaNp /><object name=yEeXnieyyHsvYnWOftVdtrEoMCoDLlpsrLL /></objects></root>