<root><var name='id' value='5d86cb88-335b-11eb-b57a-4cedfb6bed2f' /><var name='level' value='38' /><objects><object name=tIxqoGLvMfTpxvAyJuKrGOXDqQoj /><object name=DzTtUIahzVhqylXosPvMGsfWvuux /><object name=HGBYRevfcYUEhODairajUnhfpuMWpfYVG /><object name=MVFaASMLDIeDPpibdiOqHCNRqraLgQtSGoqDi /><object name=fOWfPbiKECGCjoucTNhJaOYGCvCirC /><object name=BmtqCAVadkgTOtcGOQRypXKArmb /><object name=VZOoyRBEqZlEuMEocYkeDlUjswMeMblDUbtZ /><object name=lOnhtQohRd /><object name=hnsTRcjJzRKHMXIPRzSmVVDjWP /><object name=komGFGyUqGJ /></objects></root>