<root><var name='id' value='5d86a491-335b-11eb-81a1-4cedfb6bed2f' /><var name='level' value='38' /><objects><object name=RHgGoWDntGNgIcrl /><object name=TxikLxkzeaIIpycPbpfTDeSGyTX /><object name=RKdpuKyjvxotkpHGKGruhQzPN /><object name=sYQvNKyyCeLnmJrwcAr /><object name=DJKdlxXAadMejDRnlWSZdTWMJAYaD /><object name=WdPBEnncCbydHtRXwEAAUApLdlxRpYKptmkBgkwv /><object name=OGMuzIVDIHseeO /><object name=wFrxCBbgIdIMyyEEDHZKiyxaLVlOUUff /><object name=kKLwYNnprrRzawVNBvmmdMgjeJlZvGbxhCzkBgSc /></objects></root>