<root><var name='id' value='5d87dc57-335b-11eb-8e6f-4cedfb6bed2f' /><var name='level' value='48' /><objects><object name=CMCoYiwHSRfGCeeWUtZJPpyF /><object name=BzqMSGCKNQj /><object name=wRempFzyRtfdTlJDGAawMjepXi /><object name=lSPLPNkAmKcedaTBobeXnwAvatFpuU /><object name=XciABuvOSIFoJk /><object name=lEpNcEWPUCQqpBQjSTEZvlMmo /><object name=JggyWpYhYchpKqrBZgrLCokGKWRkkqbmFuE /><object name=oPyJBnMBUskWZqBrZkHX /><object name=sUnWlRVbZBBMubmJw /><object name=icebFztysAjyXQLdBwOuWmXDBRrYNKsH /></objects></root>