<root><var name='id' value='5d878f22-335b-11eb-9bd3-4cedfb6bed2f' /><var name='level' value='64' /><objects><object name=RLBvgzhxyLaTkn /><object name=USgqoaZiZLGxDLrwTfjiPVeFIhS /><object name=cLmYirFiPznASxOSncRPsGkZeKWjcdctwiPbq /><object name=ipCnCSiTnCdMJiSWYhNxAsVEXBoPipBkVPJD /><object name=MiShGWhKQaqoGki /><object name=xOiStjxJKUKyzDSooxaHbZmGHxXJLarRaCA /><object name=wiCMOBkvXkciUgOCdsIm /><object name=lkeOGdlgNzFphksngwLkwOYeVMNRBFrHNSn /><object name=vlbEbHFcNoUXjVOBbKz /></objects></root>