<root><var name='id' value='5d89afc0-335b-11eb-b985-4cedfb6bed2f' /><var name='level' value='100' /><objects><object name=DOSMfhtyxtViWrgtgSwezAUSAmu /><object name=SmMpsfAhmfxVdLkLDLDKCfMyflrae /><object name=PLIaeYRRYVftELmVoCWzuUDgFcBiQPrFieugUst /><object name=UMWLgHHnVkSuyKvOrvXkMmeyjsb /><object name=qiUkThjVNRPrl /><object name=soWDyWeQSuFkS /><object name=hWWCjRDiParmpNRBGDlRyELcZHmmTIgsnPCOZPHW /><object name=axAKezJOGFKKRiNIpPwjatKg /><object name=PuBeBFxqrKCHTKlOZxe /><object name=vXyjxNPMpOUYTShMZXYcvmKmOqdPVtRgoffCvGps /></objects></root>