<root><var name='id' value='5d8b3554-335b-11eb-8bb3-4cedfb6bed2f' /><var name='level' value='2' /><objects><object name=dwVoqISndBXchkJUhRKLRkCJuTFsLNUwcov /><object name=dMDVDTuzRWkRZruQhsTBLjHVJtSgXXBlHNTkwHU /><object name=TWQtQHHKQGaFOT /><object name=sTHWTGYCooLmPWotnVjINI /><object name=OEXRodKmJfNRdowb /><object name=aQZHvgNMCGJvqDJcjiHXHKdnglbymqYvBTPIx /><object name=kufgJnhMPDnQmyVGVgkQOfcCy /><object name=sQUuXxRsgrPaORQFzecpRgmOJQ /><object name=NfHGwUojVaWqsoEcMnutasOxUSbtw /><object name=XwzsvhskmEUgzJ /></objects></root>