<root><var name='id' value='5e0f533c-335b-11eb-94f5-4cedfb6bed2f' /><var name='level' value='11' /><objects><object name=LUdlHsxnrdEPXKjnnwlOodRfLLzPeOOYnNSlzmMs /><object name=bkUTcUeexaAFDFgpOfHeAPNbjAORwUYaEYRuWcxl /><object name=qpljdBBUgbkuQHHjDOOCKDYVhvU /><object name=pAwaNMbHaNBxnDFntDDoCziVxTPMQi /><object name=FrreemgspdonjrGEugJ /><object name=kZXLJAylfPyIivGcXEJsYSzmQqwAaAOO /><object name=ExyvsgsywZTji /><object name=eTtOhITehiUqrGjIBoamVIAGEsHLhgEEze /><object name=XIKTyJFTqtxpSdAvNulZEidZmohSDBVNJ /><object name=KgHsVAedjbQYDuyJJlyB /></objects></root>