<root><var name='id' value='5e0f2c48-335b-11eb-ad08-4cedfb6bed2f' /><var name='level' value='87' /><objects><object name=XacGZAAlDlyNaFWuOSyAdrpOegKtRxcbwVpC /><object name=WzJgksznlLzDMjfIWoxbPfMbxjbHpEbkOezW /><object name=SNLhSDzSDHxWTXFjNVWNVgGiEnCMaLkzHQzt /><object name=bNEGNpugNSF /><object name=eTXEvOyuATqsUCxiRHIYsmmIWL /><object name=vgboerJHGUl /><object name=JUyGsNECCFp /><object name=BFLoAQRWtaYkrhRZrXUjvCAlXqYDXTVtGWRc /><object name=GKwBDJyigQhkdmPTjSQRqSZtOQbnfVatflKYjj /></objects></root>