<root><var name='id' value='5e103cfd-335b-11eb-920b-4cedfb6bed2f' /><var name='level' value='87' /><objects><object name=ARtPuRZGzujTQKUfNJsMcXGtWeBxwJDA /><object name=eEeERooSCrsQkwyyevgdOLHzdNdIxxMgZb /><object name=cFhKhhsrlPDVdKUI /><object name=QTeXfARbvGkEKodlgGZJh /><object name=qYsNIHiXTGbHEaYWhwmIAIolxudAnDKcB /><object name=hVODoYmsIFZkhGYeMuXRlcCEGLXHWvSuHa /><object name=uIhwlmsObuZeAoauBQHgZIdeLBDeVbJjWS /><object name=eWeDLUjsvejHbmHWbioErOwvdLtRDFjhDG /><object name=EilmjimVrnrkHaDJaAgQRaNbezgl /><object name=bnszjNzRKQsVYOXyHhngWjSpdTzwRouLRcE /></objects></root>