<root><var name='id' value='5e119c95-335b-11eb-9e52-4cedfb6bed2f' /><var name='level' value='53' /><objects><object name=ODsEqbzNFJsthkaE /><object name=DpOAnWwSdnLvrQvITjasQDhVOyDMpUQpwVzK /><object name=jyTIgbGjDgdbIQsoHLgbii /><object name=EPMOUWSCpQsSYhekDhNFlLtMhLlsT /><object name=dmtQvdHEzOZGvSjmghkVUHCuVfCuw /><object name=DitoblqLzkrGJIe /><object name=VVmBgecCgLgzRoFHOJiVLoYBIRRrMvUxhd /><object name=GDSUYWWHoJxCaFOrnJenRNUJhpt /><object name=nbTHjNeJTkuicceYZRv /><object name=sfLzZPyGGHYQFFlhDgQziestEbu /></objects></root>