<root><var name='id' value='5e114db5-335b-11eb-8fe5-4cedfb6bed2f' /><var name='level' value='55' /><objects><object name=gXZoJOznMX /><object name=QgFGoabCjxSzLgBxafjZolTNUhnsmhFTDICPS /><object name=kxvklCeXiswMYEVsToqGaxYTZ /><object name=MlEkGCnbTygabywqLbmzHxjYcBeoCpSNNLXQxxn /><object name=ClIxsVdOgLVolJxYWB /><object name=frnEdePjcKgBLXfFjgdWcvqBbeqQmcGCNrkKcv /><object name=cqFSmofpyOkXkPlQsLayUNHQENhkCC /><object name=tznfbbTDgvJbAMMLBdrJMRBXbXFZTRsrA /><object name=NOKVEKBmBxa /></objects></root>