<root><var name='id' value='5e11c292-335b-11eb-a332-4cedfb6bed2f' /><var name='level' value='74' /><objects><object name=jcOMAJxVXyOrmcFiL /><object name=QXXHvXvOCUYhZtY /><object name=avXsHtzXbcTqQMMdWSPvVhXEhZjhrJXsZvpquQW /><object name=hRyjrjOJaqqdpLtLKMssAaatJkPcapYugs /><object name=vXDMSvAxvWvgZxmSdqiCgZYEDpgoWeSYreOwbuGT /><object name=VDqScxYrlTQgNTxWrtTyJKWjzcvcHNpZgg /><object name=wVTwHiPdjjnlqZOIrXiBzagGsGp /><object name=eYIBBBlPvOGlDopgcqjnRGNzIhdVj /><object name=MQpIAfDahbuVkqNXzRZ /></objects></root>