<root><var name='id' value='5e125e67-335b-11eb-8b51-4cedfb6bed2f' /><var name='level' value='42' /><objects><object name=GbFndAnZRtSEMvdQPToRRKgWATDyleUDj /><object name=XjbZziNBBdFW /><object name=cBooEgmgipvApQoLKluDAVwTboHfAK /><object name=dWGhKIPFqGuzWfTcvbxBIaOiNJKHEkXo /><object name=HOLVpPXwRILfyiANeHa /><object name=lwSAopRnEdzSMUtXkuQAohbxLJeGhXFEPVkOhLGV /><object name=cFTtjawWIpQmRIAiGkg /><object name=fiDCpBIsLJsmbTFIcEcptqOKrFwykboAcFwK /><object name=lZEUyVFGZUtRngyalPqvN /><object name=bCqHUYNiqaopAjKlNgFWXDAGG /></objects></root>