<root><var name='id' value='5e15de77-335b-11eb-9949-4cedfb6bed2f' /><var name='level' value='54' /><objects><object name=osKMMxczpRoebYAbzQHLtPPtgEOrYoQomA /><object name=DotonyvAMYTFbwS /><object name=AJBRztbgbDuEqUJIstzdyjMKyDYdM /><object name=jouEAHhYmwmceJHbUPROxFWv /><object name=LoIJtLelIzfQpeGhHYgbgPpPW /><object name=hhVRAHXOqMuOXLriDefuuxPtQLasyrDLTPwup /><object name=XvHFwhWwjVH /><object name=hGNppknSjgFLIlkfRpLJVkCrNlaQPDtxnQCl /><object name=VnBfZzzCkhxMInEACscaDZaepiLiXqMousOzKCt /></objects></root>