<root><var name='id' value='5e16c92a-335b-11eb-befc-4cedfb6bed2f' /><var name='level' value='24' /><objects><object name=KxPpaFUYTjXvqrNcMiszAyiEoUkbxWprGGzzbc /><object name=LdUzkUUItadlnOiJuFYrsFgqueqj /><object name=faRhpGbGUZRqXlMBtxyxfPdsATnn /><object name=eeeisdmTdGYhQQHtAvs /><object name=LNvyChJLsDyXYVvFtYjKMTmD /><object name=MIAZwdkHJCHRGnaarbaIVVRTAa /><object name=SQWdcytcXtDNbxYhiczkddEvYLQiDTXbNmr /><object name=ZoMuGcbrjyrudPjxhURW /><object name=aTXKnkLbqQQAeeksCDxbjJClvZKYgOYDqcIbx /><object name=OhJVIqUrwd /></objects></root>