<root><var name='id' value='5e17da0a-335b-11eb-b5b2-4cedfb6bed2f' /><var name='level' value='26' /><objects><object name=dMQelvCBsfjknqwj /><object name=XMCrAYomjTUZnWAGYtmwarPBjuBBBzkUPk /><object name=XbOrKAZZoSTEYB /><object name=leiXZsYZmIJpFTsWZgoHGgobwVAdbJ /><object name=fsJvMKbUzYHrhxwuSOHsZzF /><object name=sXIMHPrDuVnqcDNWYWpRlJIxpba /><object name=PnRYkwFEdHZsiDcndjwFAtntmqHqylzRzU /><object name=DGDfFIPrnxUIsqZEAHEH /><object name=GAwaAxEJjREm /><object name=oYnZATaDZxRnuMBbaiQLrLYHbKh /></objects></root>