<root><var name='id' value='5df2df0b-335b-11eb-b5e2-4cedfb6bed2f' /><var name='level' value='99' /><objects><object name=jucivYxGwhS /><object name=CliAefnsyQubSyaguYMblJpNvgf /><object name=XbMAwLMpbGvuJhLXASXpc /><object name=WOILuVayGacRUeuYePhTmsrpXnyEDrItROPpdv /><object name=PtMilLTsxgJMLacoNlCUniUKATV /><object name=sVQSyeUHzgrPqCDTJbqeVbaoDGuSOpizwJyy /><object name=cuUWeiUszEYiQysLZjfRotaQcScYfYKlAKzo /><object name=TspujwBDylSmuMnVNPflHCiv /><object name=CIdzpfOeggjNBGkkbBAfKPrrqhhhvMzL /><object name=cnzzcuZCXybJzyNXkVehrBWauhgdR /></objects></root>