<root><var name='id' value='5df24240-335b-11eb-a600-4cedfb6bed2f' /><var name='level' value='35' /><objects><object name=eSjMOrfQloyeuQnsxHqxUGJ /><object name=QqiABlRyGyMJxJmQZIFQTQZ /><object name=pvCBnadhutIH /><object name=QxXzVfHPBdpcxzrvsLiMGkYV /><object name=wBQMNoIxBXryoCCAfY /><object name=hMAgYVNqao /><object name=jXAAOVhcKeWrkAEzTmXBudiAHPnKkPfOlTyVM /><object name=YwnxKbZqHGjTZWgPawOTJYCVYfkYN /><object name=pZZeaBQeaTuTlaTKBpfOnRF /><object name=FvyaOCtnfyoEVqTGNQtYEnFY /></objects></root>