<root><var name='id' value='5df32bec-335b-11eb-a62f-4cedfb6bed2f' /><var name='level' value='73' /><objects><object name=RbzhERnvBJrhcfmsvkopd /><object name=aptYJuOnTPUwyXEDY /><object name=ODnQmrccEMHFheSjuWgH /><object name=PwAkVqRRcTWkbEWfCvuWDlaDhZIjqo /><object name=VSCXtpdKZqJgp /><object name=FHXhnRHklRuklhwqtJddXbKFqllSBoPuN /><object name=EMTSGaweNyXVIxLTtbizmXEZOfMSgwsFU /><object name=JLMVUoqQlnBSCvXbUNJZqXTvyARZZFJZljpdDHLW /><object name=JRuiUfJYCkRNhSujELPrToaneL /><object name=xIIlSqTYXebLkulyLaNAtAfYLiHqqDMVhQTRmJg /></objects></root>