<root><var name='id' value='5df5266c-335b-11eb-9e1a-4cedfb6bed2f' /><var name='level' value='35' /><objects><object name=paqXkrkeLooCWqDvmxbKhUJpOOBSKGIIBnHI /><object name=eJeZPYnRjiuc /><object name=gjqAhOhPdWgbmwdlsnDIXefuwaSkCX /><object name=cpLwkihPeuQaqdqd /><object name=CfNSwWvyHdmOWgdRJlTAlNUcnXoOIFBUYIGUfMoh /><object name=XWuWDpCzPOCYXqJZP /><object name=PxsNkzIerqJGyG /><object name=BbMzZgCUsQBVuIOS /><object name=odKPtMGEjHxtRmGiVHahKJMznn /><object name=ZTGhFyRrTWcepxopDxshuBbDeZsAzebjF /></objects></root>