<root><var name='id' value='5df5c362-335b-11eb-906f-4cedfb6bed2f' /><var name='level' value='77' /><objects><object name=wfzDIPhspcbUwhLBBYzCpMzFAJrYQzryr /><object name=qyoNUfyeqBFFWqvkNRuvZWjHaWiO /><object name=FJsoSaABaYLgAHPLpiOAZME /><object name=AWeqYwTYZRozajOIvlEZClFVzVoSVYLaVLx /><object name=zYLsLJiAjvtOrdNgrjRuKIxyzJLFRi /><object name=KJmNNhazaoowDKUshdGXhtmHvvayVgfr /><object name=FScpPzBxYaRBMOXOVUEVABugJdgrq /><object name=XZXHUhTeIegahFqDreLHYxKFmW /><object name=NTdNOAkFehYWyLbGzJBLUZh /><object name=SEwWavyiIVmnCs /></objects></root>