<root><var name='id' value='5df6862a-335b-11eb-b2be-4cedfb6bed2f' /><var name='level' value='75' /><objects><object name=fMnnfSemvkiMCXCkYnN /><object name=ydxTVsMhLHCRBYXVPnYyXuWlsmn /><object name=RgmiqHrZRnCdChKRUHZjqgMhstQ /><object name=XcKGxYJZEABbUsnDBiZg /><object name=ilqWJvNDiKpsIxgXi /><object name=vyayoHTzQFbEOip /><object name=AWWAmlCPeyvMSBaTjxsCPWmJkaCLftkhODCbjE /><object name=fxPtgptLTjKaztSKzythZBmzXAhTrsTkzHIxlBtJ /><object name=wfgyIRjrKIUGvcPLJgvvxUZrLQLRZZ /></objects></root>