<root><var name='id' value='5df76eca-335b-11eb-a564-4cedfb6bed2f' /><var name='level' value='69' /><objects><object name=eCopCCGqEgFaUYTODDnjBKnCc /><object name=nLvkeokgazydUhsGcUyQlNgTGCmOo /><object name=YYIPYNoAXfHCwrbp /><object name=fxwDiRmxYhbM /><object name=XFCBSAASMittIoBfbpnBvjOapjUyegLvpqZjIez /><object name=TBuGhDRGxCst /><object name=jqshezclPq /><object name=wlZNIDFAEiZvdMqJjvYGsVxFIPKHIGjspkubMZ /><object name=RfbBcqWVcEGrlSykWoQyHUdMbmqRGvXFVDqBO /><object name=MHtwdaKXoHfwT /></objects></root>