<root><var name='id' value='5df9b727-335b-11eb-9ee9-4cedfb6bed2f' /><var name='level' value='57' /><objects><object name=ellfImywDeEYqNX /><object name=RKIcEFwsGbbmGaUI /><object name=yqUCQLjYnWdqNJNtCjszsvHPXNjJUnNa /><object name=qOfWRPcdkoFYRV /><object name=SchYsJWwcpORabsSblZLmCh /><object name=KGKZpmgROoBtDrJrDUgxTKVMjfJYTWHQtdbtKff /><object name=KbUiQXHhGDUdfwOruvyJcScCMlMbXkHFa /><object name=TgvJsEgHpnK /><object name=qydlPVhwbDiSnXgFSQDFFqZPOPrOwnNLNJekEHaG /><object name=CdTfypccTlXbeMezFaZlGP /></objects></root>