<root><var name='id' value='5dfa530a-335b-11eb-bf9a-4cedfb6bed2f' /><var name='level' value='60' /><objects><object name=dCooHQXcDzfNGAivBPvtMhMBO /><object name=CyyLArdtyzLghIkiaVxCrCnUcoUEhRHGlrB /><object name=ljeUbvTArRCMjhmmlHPEXy /><object name=PUwvrTSJuRnBX /><object name=VSgiOwRXIhmrNCYLPa /><object name=XTngzNKydaVfujlatpuVmgivuu /><object name=twpJWlccuhwnxbaPvMcOaxNztVPwrss /><object name=HQjUiACyyFwdmKmZgWFKqhqftbGJVxGLBKiZod /><object name=FbiaQEBAhAFaJcbjbZs /><object name=UXugzxiKEMDwneLYKIqInZ /></objects></root>