<root><var name='id' value='5ed52201-335b-11eb-ace2-4cedfb6bed2f' /><var name='level' value='96' /><objects><object name=qRaRFEGXSqfOXXlLBaAssfZgyo /><object name=MdrUAAIAGzeHOmiNJZIIaFxVHZ /><object name=JuSsZiuNFWwhyLAdjyFyqXtQgCLAf /><object name=enEgjtNlqDLLHnsSesGhjiqcdqj /><object name=OuzWDFvwMMwBroUBIozlMJsfvJtX /><object name=UUfMbwkeZZtZZZAsJAzOZ /><object name=jDDixDhLzDRMZXAtcNufMxQSRH /><object name=FLDapkTulikONSRkyWuZSIRtVL /><object name=sSFwbXCsTK /><object name=BOrJYwyigdp /></objects></root>