<root><var name='id' value='5ed5e4c9-335b-11eb-98bd-4cedfb6bed2f' /><var name='level' value='21' /><objects><object name=gbanOOrbLnrULOkosRIsVC /><object name=zgnXuZxbSclCORAeKGHciMyJthICAOpdVpgSU /><object name=uBhdKQopwqXvcXgQOfJwiNOnYvJFQjQhlHdKwl /><object name=tRqsitUnlwTkdnjchgnfMgIQpZMrHY /><object name=qjGuTBaKCVQj /><object name=lWWlCBuDRTDGBkfbEufFEgV /><object name=evUSfsmykbqJVgSDlqaBOIA /><object name=yfGGTWiIQWNOGlkZBeBx /><object name=GHIHKHrmUwwfMMsULPbKsKyZANqETcQuuI /><object name=YVWVoEHLBwukazP /></objects></root>