<root><var name='id' value='5ed659aa-335b-11eb-819f-4cedfb6bed2f' /><var name='level' value='100' /><objects><object name=CGYiufmUKQFTNxTeZRmwqGMDGcIumfF /><object name=zlyTALyShPNQCANaqeifDvJIokUGhbDCkXkIBbU /><object name=dxmBCsDaxnB /><object name=pqBUXzsDGlFvMBacxvVXmZsomuBzxhkL /><object name=amYExYBHXlvn /><object name=lqMbNQQeGPzposkpjJlBQlPKSZUBaHHXYbH /><object name=NFqRZWNMZBfUfQK /><object name=QyzNIOIcaOdw /><object name=WRuLQYgtQRLHJXGEtNVJOfjGhDPT /><object name=uNpEyPBTpRGzguxEJibbpU /></objects></root>