<root><var name='id' value='5ed6ce89-335b-11eb-8b39-4cedfb6bed2f' /><var name='level' value='73' /><objects><object name=vgXDftHGgYUOSObjgZTaAGBShyCLIqo /><object name=dRzKWRJzGlPoyc /><object name=yfMJRzLEYVI /><object name=DMniYkoFcquZcxyvthAPELOqfPstZlsyvhn /><object name=ZXfaZkafvOEbJrTJOLzxDbtAexa /><object name=ERuVKlXtZfYCoeNViFkZiplByGnrTskzymxAP /><object name=aRLdAICYdwdcErxshTmhLgIoUMDDvNhsA /><object name=DQFqlyRUdQwraqJQMnerPdMuvlcEBsFJKYqwanAB /><object name=aZRElaIEVJpkSPFRgIXfiDSBZkMjsfHLYh /><object name=CuRwZGCntfaXPsmfrhwjUgHXly /></objects></root>