<root><var name='id' value='5ed7b849-335b-11eb-abd4-4cedfb6bed2f' /><var name='level' value='52' /><objects><object name=DgWIoUwfIVCnuzyXXDT /><object name=njEMeEjIKSfqugl /><object name=iHjJkccazWWYycdAvUKwq /><object name=cTWZZhpufsCBMSKWwuclG /><object name=UFXNqKIdNUYffyfVQqhqioqBWBbiQybnZNreMARE /><object name=VAHEfFoMrUowMLRsQmwXSATCbWKzhc /><object name=iwdbWKxErCWsFxTOXENWXvQ /><object name=GPzNjahBMbeowBxxaFQQiOfcXEnOzNxJaOwdeTy /><object name=avzHNOhfDCpUmwrOLRFBjpGdxhDlJnNLMPdGj /><object name=pjELNFYAsptzWsGWccgfCmzNB /></objects></root>