<root><var name='id' value='5ed8a208-335b-11eb-90b0-4cedfb6bed2f' /><var name='level' value='56' /><objects><object name=pBqxjZSUWwHmzWtXQtoJbtMGHtaJQCAy /><object name=aPTLcLMIeVHNSxWMpvvZKtyhEiKPyAgJY /><object name=yAumytoKxkkoRaKfhPItmbn /><object name=NytVUJkDMFTMaLTziptwWJJphlXp /><object name=oOEtOGiUGnFXuiXSXmgSTCWvQWW /><object name=lghLCWfqgRMfdlNbIkwBoynDNyFHvhzaJYbcs /><object name=dfEmXfRdnrzufmzXjVGFftfdgTIefEORvyAXRuu /><object name=kRsadZxVHmkOuGwFKNsKHLvymqSpXKiGNMKRo /><object name=ejlzkLzuDugumiKPEJZgXKnGChrAylzj /></objects></root>