<root><var name='id' value='5ed8541e-335b-11eb-b5fb-4cedfb6bed2f' /><var name='level' value='57' /><objects><object name=IsOydJUzoJJscmkduTWTwqjRE /><object name=CYxBgbaKfIvXqGFFGEh /><object name=TmSvwYCdbDbQx /><object name=dvgasbRzrzVjyeZBGCYYbAMblum /><object name=pyJoqJIIjwVyFVSLp /><object name=qTjdaEHtFWnCEsgiYdBvWmuLnQFeSQ /><object name=dSXvMrrAGbSfBEeFNGUPR /><object name=cXicVuEZyqkEvPdbDvPSBNCVEGLmVsA /><object name=qUSxAoYMJtyEDBzHnLkMfrSaYlGAMdsNpKF /><object name=VuADXjVcoCPhiGmQOxmYDEnyDcqgFH /></objects></root>