<root><var name='id' value='5eda279e-335b-11eb-965a-4cedfb6bed2f' /><var name='level' value='82' /><objects><object name=hgxgvtfhswVeWMzZkCUSwwddOIMZLSJutqRbskc /><object name=DrfsDtaMpXyyUQFjpDnTfjZNDaggi /><object name=ndviSBDuYRAjVCoMciGpAngJJPiWpHsnnTmijgFo /><object name=ZRePwquiBYMTVMMtgzoraCjWPEZa /><object name=zkUZmuSsjfioXxADzsnTd /><object name=kFVNElHXHNsUwIsOQmiuvaSrFcYgtvDYGjXX /><object name=thzXWbCrcxwwIqYBX /><object name=qrgEhJwYvRvxDDWezzWUB /><object name=tEIrNeXMgSjHhiAPMg /></objects></root>