<root><var name='id' value='5edd59be-335b-11eb-99fe-4cedfb6bed2f' /><var name='level' value='48' /><objects><object name=ASlBatzXUxxDgavBPM /><object name=ekYKesiisATziwWtwtgWscD /><object name=KFgnyWAwfZWBDlBfDTVBUWHNJoBErqSKyheir /><object name=HRjFJpyJvrylwt /><object name=QVNRNLcfDyThjhRdXUkBaIbMhGiQ /><object name=fFDvplfDeOuhdYWXsIDcaBJrpqBECnpggBH /><object name=cZmaulOCxWqRc /><object name=pwOGpvLlyRKQlRkDynFEUnYQK /><object name=XgSqBMVkYOvoOcFmkPdoPEDbMTPntJCRujdlhmTo /><object name=NxtllIfcuFdDPdNuylFfOYCqLykncCTyFTuZu /></objects></root>