<root><var name='id' value='5edd0bd3-335b-11eb-bacf-4cedfb6bed2f' /><var name='level' value='63' /><objects><object name=CThgdIoMSOdEJqWornNvMyyDaOOOjhpdJRURv /><object name=ZzpSMXWSLoSMtRbHFYWhBmowuZOwtcqnvTQQ /><object name=gbDKprlwtqFwTgOtAIaLuQXSfAjfMVboc /><object name=rilnhkHZeEuThKIlcSNpgTnVDE /><object name=uFNlIPxTjUwWaaQINcwsKKaILitAWxOVXEJsUU /><object name=KsdIxVnAETAyDNi /><object name=VKWpApnXzdEztzSDOhDCPGMRatbEfPAtcpk /><object name=ElQcQngPzpEMNtTQRcUCBpbbKMdMWvR /></objects></root>