<root><var name='id' value='5f26f094-335b-11eb-b82c-4cedfb6bed2f' /><var name='level' value='92' /><objects><object name=SqpkNVnayeNqBbl /><object name=AJvTixovsxzbTMBTjMmJ /><object name=wlunvvPminlxUPlHSwWuZbeSbtajsxu /><object name=fBPEFGbDmoapPnraFVuFhVOFpXCBazBh /><object name=pZIYtrAxcNJaARMxI /><object name=okuzWsgjWEOUAwqBTiYWmLAausmEPrE /><object name=MMRAROwLzpDWjURrXKutzjynDL /><object name=XUDoEYCFkhXGsMambmiBcfrCDEUFVKBgU /><object name=DqdaOaRBNodNnfGGYhjVAzL /><object name=piKGNoanqzDbQPAaLRGAbyJZPuxTf /></objects></root>