<root><var name='id' value='5f262dc8-335b-11eb-a8e7-4cedfb6bed2f' /><var name='level' value='67' /><objects><object name=VlNleFjVxxbxgQkBcuwaSFODYSjfzJSQ /><object name=QonNFTQCnNb /><object name=OjzVZSrbBbLlUbQLWikNtrSosWAwmusbWjYJXVM /><object name=mWurBvzHLQOGQoznAHRGETHNshmfmG /><object name=KZLhRHGRrcpdpMpDBekO /><object name=FvJdeXGEtbybZtyNwvKIYzuFSUF /><object name=ELhUZTZEJmXSYATTblutuyCaviWMPxBq /><object name=YwgqYTHrNwhoifbazToerdczpQOgQvR /><object name=AojWfCvwERNfYhu /></objects></root>