<root><var name='id' value='5f289d1a-335b-11eb-a367-4cedfb6bed2f' /><var name='level' value='6' /><objects><object name=DfvbKJlOEzGRvnEIoulalikmDWAZlSJGjT /><object name=RbdmDzKwGZnKhFoGvrksgqyDIklcjytTpkPUjX /><object name=RaEODyIVANqCQkhxJpsNXLExHVjM /><object name=vYdjslvqAYhswCFMeDgZFjEcgwWPVq /><object name=vgzapbeBLHWxqBOenfQH /><object name=AeJZKQNSQaFkwi /><object name=uyPhtUZyRhNPzYuDkwkJeig /><object name=LJqCPqUDstgHsEUSJfKYSPuXP /><object name=mDfXMZqXsUskuhSnalNsWEcCtYVZijCNeW /></objects></root>