<root><var name='id' value='5f29fbb5-335b-11eb-bc92-4cedfb6bed2f' /><var name='level' value='23' /><objects><object name=LdmJGQDUbuZRwktxRifoPFSBE /><object name=UmxYUEhvtUhfgtoROHvZwSpzZOEmN /><object name=UGSfeCArLPpxHVPgMoJc /><object name=efQwmypizxTfYZHHwGRVmLBXddpqLR /><object name=mrDaCLMJQQUGaKrmM /><object name=LrNEGBkWwVZNTsUA /><object name=wWbXyksvJiMmAIGSUhOkPnKUiZOpkcH /><object name=WslKXgPuVCdfWghoypqsKZHX /><object name=qdlnNQRvJxWCwMkSoxIvcDIDvdMGEZei /><object name=QUIGbKPDhWizNCraJprYSDcPKgOJJFmi /></objects></root>