<root><var name='id' value='5f2a499f-335b-11eb-81fe-4cedfb6bed2f' /><var name='level' value='27' /><objects><object name=JnPPIsmqjfWixlNoNDeQgC /><object name=FSyFVMyJgXoVDGRCkAiolitrNqNGLZsJmVIyTOZZ /><object name=KyEiPkYkqFMcOmfBQOVQzPWAaORYOEuZzBFtB /><object name=oSXJPdbpGbyRjlk /><object name=dqqnJmWKeCunxaOY /><object name=ykBXCtvVBmgCqEpFSIkDVsqpPvWeXSAgvwgSNh /><object name=SeCvQeOAuhAHZIiiTeqaHjXEVszUOSNJWmupMN /><object name=OBgWedkpuVhgtskfZnvPOM /><object name=stusbSkTILUhQqQkXOnEkItZTvQKSrFOOc /><object name=uqlxdAsmmRyfhoQnwQdGLdEnnaTQUYlbWCokXBFX /></objects></root>