<root><var name='id' value='5f2a9788-335b-11eb-8ff4-4cedfb6bed2f' /><var name='level' value='10' /><objects><object name=icIUwZzQYuWCvPHJIYvJL /><object name=svoCXlrxpNRGXjXGGTjhyEdHhkBkLL /><object name=nRyKXdMlBaoFuJkeI /><object name=WZHBKpbHZqRatAQRIAxZiIQFSQtQW /><object name=ValruDSqrf /><object name=jqifpIQOwfyVxNaMGIqhWXUSzCt /><object name=XEeSrFYkKKNmycFdGxirrrQYeSqVCtOjZXbCiKl /><object name=KedaqflrsivIOsGcMiucfXLAG /><object name=flMbjnVetdkfzniauGXyJvLBacSWZmkSRMvIG /><object name=utcRAhCSSqPAd /></objects></root>