<root><var name='id' value='5f2abe80-335b-11eb-8929-4cedfb6bed2f' /><var name='level' value='30' /><objects><object name=qhMMJWuEpZWvGjlpxJIkvcRFDtR /><object name=sZCnVDTihCPsqkKBUpEaeOxIqAvasEb /><object name=zwvqgGxLNfRWH /><object name=vEtQObqdrcJyZkvAOxiNQZdbHKlwmZisBAVWjslt /><object name=SswDLWGltJfolroyhjBinngyPfMTBFZiFVVfQMsB /><object name=WGQQBklWQKupqDKPAJqJbjueWBrzTkxAAOosJQA /><object name=lOMukIsYmfyMUFqSiPJrdJkTjYZ /><object name=iBwTREGLOgJWVYDulQjFv /><object name=IIhQnJPSlHGNQkdrtqkigKidsRcDYjYiBVWCG /></objects></root>