<root><var name='id' value='5f2a7094-335b-11eb-ba63-4cedfb6bed2f' /><var name='level' value='64' /><objects><object name=mqcgYUWCcebDEedatCUcG /><object name=mfacgnQwsWtMOxHYtcYSSwUsPwBkHXdthtNrG /><object name=EnJkWQRlanNNWWhfQObpLCLlzCGxpiXJ /><object name=RdKmVeiLnebQ /><object name=rqOFvoikqSZKsZVplmRlHNV /><object name=gKTxKBIXHwLxaynHdzrYGAjjVMdrDbmfsHbUvLt /><object name=nMbqpkaicfTdrfq /><object name=hvxFWqZOWSTFpLxRVjFzEtPgkeYFbKOBHmgFpFVW /><object name=YEFEjhkLvRGMYyWrPEGSBpX /><object name=DpqLavCTJIRzzLAmQwYFOUCbtTTUstxVzXb /></objects></root>