<root><var name='id' value='5f2ba845-335b-11eb-8862-4cedfb6bed2f' /><var name='level' value='45' /><objects><object name=ykNfnapKHSVuFluVuPSnAj /><object name=RhjFgUfConhkTNfungZqNcZVqLTcIXCjhyMeizwU /><object name=KpDVJfAovpksvXSXTNVSoGp /><object name=fPkzvNQscDAfYgOaiUHhszxDQLgUWEyrsKHKz /><object name=MgtItZogopAGpTgrtq /><object name=IcRaDlGrfjusixPiDKfijhMzbJ /><object name=WKvDMFhzoFsesOBGemEVrFAUGEwoGuvMrOIM /><object name=XgGVHFFraOtOhjiqpPjhsVheeQAJIDJ /><object name=PDgtbszoIHmieyEBrqmkHrUrNTmQcQpZNVMQCnUj /></objects></root>