<root><var name='id' value='5f2b8149-335b-11eb-b233-4cedfb6bed2f' /><var name='level' value='48' /><objects><object name=WUffdYukMDazDSKvSqCKPF /><object name=tHcSjBNpUXSkRgU /><object name=msNyJKOnKIoZMpqBpYKInoIffLxhERmsRx /><object name=plKavmcvCFNknvfMMxpgKaWbMKgZgPaFZRwJHwP /><object name=VlDETEHRHnwuVPbedzUj /><object name=OxJCaQRYKXEN /><object name=ZHetHrgFOvLbafwIZlebPoqDbXzFbXUKtLWg /><object name=lYHABiVSUHiPeLQMkfHlIg /><object name=NKBVGNERvlYyFbnjqwnpChipzqzkYNXx /><object name=vPZQYCWyxrueyii /></objects></root>