<root><var name='id' value='5f2bf62e-335b-11eb-8c97-4cedfb6bed2f' /><var name='level' value='67' /><objects><object name=sfZSRvAhchnIqntIHEfxlIfkjBS /><object name=oQTxrhQQouWjLaqISswhzbwIKh /><object name=MYydqQMQECvRmylWyMbjihKtCyKsMaAq /><object name=KnhQnhKFhFvBrXGnYAAhNFKFeG /><object name=MYxMXbutyDad /><object name=QZIpuaJKxGVlZRSGcJH /><object name=FnFdmXpIpSCiJVBtHlNURkbSCNSfeOrKuzeNIQe /><object name=QhwszNavIBdwJJYZmcazyifTu /><object name=nDJbeoiMRJkicFNtiEDyQMBzbSweJKmlXYG /><object name=VIzCwNBlpnRwOQEXt /></objects></root>