<root><var name='id' value='5f2c6b0e-335b-11eb-b30b-4cedfb6bed2f' /><var name='level' value='27' /><objects><object name=hRgbbHPBjZoQtQYBhZVJISf /><object name=XMOEJahIdrGuWquVLUWBLAWxar /><object name=RmphBnJupGHZyIIdsEsPAbyDDFmKYernrTfjssd /><object name=MzBdHHjwdWuxBaZsYHfzRDwgelmWR /><object name=aIucroJIDEuVLnKAnicaD /><object name=CZMzxdFVVoynHjqIjwu /><object name=WtMPIYBplNnTBDMR /><object name=qEmUAkDyLmVmWcEPDcVNWpk /><object name=FMHjNBiuLFmccLtfGGHcgXyD /><object name=rTyRBrCUtHfzLKNjHKixdOPZqvLBBwqM /></objects></root>