<root><var name='id' value='5f2da2b4-335b-11eb-b911-4cedfb6bed2f' /><var name='level' value='42' /><objects><object name=hCnVxLDGevBpXOgVL /><object name=mcqqmcfxRIgMcNlWgFLAmpnwEiNj /><object name=aDQhojPiFPBRRxBNHlSfwDRZYbDlwEFRPJQE /><object name=cxAWmnUqXqsBDIPWMzSfglAMxRmhOJ /><object name=eahRfeDsnjvdtBzdLhgQLsiTuQuqC /><object name=MphJHECMxKldfMCiHcaSecVVJJAsjgMSr /><object name=DQyMKlwEsGamQvtpUjaJebqZUnxiPKD /><object name=mMQNefenPjMFQQZBELnhLrSJOfFeFhP /><object name=ZvGmrQNePocQhm /><object name=vVBQUmeAWZicsLrw /></objects></root>