<root><var name='id' value='5f2eb368-335b-11eb-a805-4cedfb6bed2f' /><var name='level' value='44' /><objects><object name=hrHsXhpKdbkYqmvIkNizPyjmA /><object name=UWmFUOQsAptrcURYjEsUvFzZQ /><object name=xggmuWoVyfDqtDzvLbDmiivduedlDCrAelJ /><object name=DHsXCEuTLnijVRKJBEzdWjrfIc /><object name=XtmCLKzWlVmeRzOYozvSaMrgzbymBY /><object name=xHsLszTMKD /><object name=kUFzmuBAYNwsRtXAOBQAuuRGgndtcrFoFRBmpu /><object name=tbKZnzOPzQuH /><object name=YYTmUMstyZEolRXDLYkJTQDVLgHcIHYSUlCmMcIv /><object name=XUnvAfoSOd /></objects></root>