<root><var name='id' value='5f2f2849-335b-11eb-bd25-4cedfb6bed2f' /><var name='level' value='42' /><objects><object name=sRpufamifQaVVhTNZMePgjoVhIUdvNGOY /><object name=KhTYqwlrXvQXPrAjVsDylznjkuyBeiY /><object name=AEeUOdazXYHaTxMg /><object name=HIrJTbSOHtedKVrejQ /><object name=FHwfnUWokGdQ /><object name=fjTbNGJGYtJINxHnAGddNnGdDddgpFoKqkL /><object name=WBEmYeDnFwnylM /><object name=wPixuehdozeSwlF /><object name=NIIHkeeJicSREtjbanTzGxoqbxQ /><object name=BPurpYfBgBlluEoCpqEZSbuWDCshGWiyqxH /></objects></root>