<root><var name='id' value='5f2f7634-335b-11eb-a755-4cedfb6bed2f' /><var name='level' value='75' /><objects><object name=eXztSeWiamkvRhqHIwpCVfgwiZWfSRTMoCk /><object name=QCcroBxJqTZXnboDPmzpttobv /><object name=BcPNspZumYYaGUpGL /><object name=fbIUSkQsgDysLrpzVbhxqsvtEjHxYDFakM /><object name=vNaIVaTXPGuoHbDmUFvvjWhAocdad /><object name=OqLsJcjKeNyrsOmVSpSlsqVekD /><object name=pzZfSMHEYYMEfauF /><object name=UbKHSEnyiwxZE /><object name=NDIYSUDKaRJBmiZaTkiMExoaZmysfVxGwHvRnj /><object name=uGVLedXXnDdnSMtmHWdqYTJRKbtoZbZYbPOatDj /></objects></root>