<root><var name='id' value='5f2fc419-335b-11eb-826f-4cedfb6bed2f' /><var name='level' value='19' /><objects><object name=qQFnDaRVuAXxSNcfXTy /><object name=xNSZbUogPFkrCNBkuoqiWEnoDLuVFFFJaHMnU /><object name=GeHJMpDFTbkzEyFnZZ /><object name=ixnwZlLxoSVOUbovNEuOgQnpKEOwaLJevbwFwavs /><object name=UBXEdLTsuaMHygXBVdpgIBsMEq /><object name=TPdADZsPChEYBwjNwn /><object name=WvgmyKMTekYgVJjBNQZKJtMucMCmn /><object name=MEUNkixevZC /><object name=KaCgWNZDHEhuFmaREiMgxgDHLNaNkBrULSzURDlW /></objects></root>