<root><var name='id' value='5f2f0153-335b-11eb-bece-4cedfb6bed2f' /><var name='level' value='49' /><objects><object name=DaLWAGDMQxPQTlGvtJYKKbBtHrGNQOkBmzCqq /><object name=WXXtbLhiiYBTMFTiAaSctbOVNkEka /><object name=lGwFasmIAvwxkfKpunEWiOgPIjmGGM /><object name=HnszlKIkRxcUKXvSCsoOTWQBPKmEUamhOscmp /><object name=apTKQdSnXwWFtLrtJOzNohaXCQvrjampMcT /><object name=bkoicpDmhmUoskCzNAXWsYuThyzJj /><object name=lyoNsQOlqdSSQjEkDSawWonrQfPLTSvTPRYtnbw /><object name=SxTKUXrqIZnmYQynACVbSpWFugutanSyGC /><object name=KLtWKHxbpotUHxJdhpenmtLfaLIkFYov /><object name=rEDsUOkwwGBkwuzcfGyHJjKpqkKGfE /></objects></root>