<root><var name='id' value='5f2f9d28-335b-11eb-ad50-4cedfb6bed2f' /><var name='level' value='63' /><objects><object name=NtQQLXhaKHRPJHNFqURofpUVyOnrIxXxeTiFnJPB /><object name=XTpclPzOsvUVBAZMkZyI /><object name=RRigcctImTJyGQustxUHINmnYKlmpQh /><object name=CtyOFAaOqMJMAjZrmc /><object name=YvHqOPkkGtLdSXRmnJTqgs /><object name=WlCBKXAOGho /><object name=MMaTpptDVqfgmYL /><object name=BdBoYxbfGYbydEPAeJNSmDyLmPEWdrvfWsUxJyr /><object name=mVsAhYpoVtXvs /><object name=yyxZmHOhxQjaLFnmXTDZcmAgjRr /></objects></root>