<root><var name='id' value='5ee764fd-335b-11eb-af38-4cedfb6bed2f' /><var name='level' value='75' /><objects><object name=BmZgnXdzJujAVFxbHqZRTrZhpmXASRprrb /><object name=VhZHIxxXQnYhFNlUPGynzXtLlcwZmYSEhLu /><object name=RJYTXxRoBBlPopA /><object name=PkfLixlsQGRACumQgIKExriyZKn /><object name=vNfqoCwjMD /><object name=cBKIjnmBpE /><object name=PSGcKlgzNagHnZPnvJqZMjjHBRBF /><object name=sErtCjGsRxFtmdzswIIZm /><object name=cpoUyrxUAMkYguJgRgPvIkFpQMoDwQOt /><object name=NBSyqphLXeprZPYMkNhIvSKWq /></objects></root>