<root><var name='id' value='5ee800c5-335b-11eb-9b4a-4cedfb6bed2f' /><var name='level' value='69' /><objects><object name=DBoTfUxmyXqgtRVhgcosAMbXCrmehWWEcbiWixPp /><object name=HhnHjtFymUYOaqXBlTZHaV /><object name=hEcuXFOFKPHDOPKvHcxLpeSfeFhNPGb /><object name=nnMIyBamCVxAHDphSVKRDJThJLsGBbVQkXrPMwBs /><object name=OCHByhhsaIKzrpuEMrUsKzR /><object name=KiJTggdKlthSiZHdIxbPOwsFOlv /><object name=POlNsBkPuwim /><object name=XNtsTHLRDUCWKezyGZNzKRwJkfbnTnKulYT /><object name=vxwBbaYRNaDUNhZyCTjZyjijjpDXXoKEXsWFnYe /></objects></root>