<root><var name='id' value='5ee84eb3-335b-11eb-8d81-4cedfb6bed2f' /><var name='level' value='20' /><objects><object name=uPXkTFeGSpOsMcykGkoftlcm /><object name=CXxeaAJLIQmIDnREplWjt /><object name=cwMeoyqroN /><object name=hZsesjniWNwfHUUCsVDrvXgNHIb /><object name=TzBSMYWEGKgJInsCvkQTEWMbckmlGSzIH /><object name=AjQVaKjRazAXNKHfeHZYCdWYqyEHVEHqUcquBCBo /><object name=XFRYFqqsuEsVcYdDxVUpBCdwNSOlQ /><object name=IwQQdNbzFEaEFTMku /><object name=NpAdjdbdhhAqBhIDTJxCNPH /><object name=DQMkPKrMwechISItviEWMLdVdeYekDVRICaM /></objects></root>