<root><var name='id' value='5eeb7fa8-335b-11eb-bf39-4cedfb6bed2f' /><var name='level' value='17' /><objects><object name=dMGpeqAdZYEaLfxNbWEtjMfhZYhSU /><object name=zDKhklOvDembWMuMVmtMGThXmrRnkuXWtJOzE /><object name=igFlkPmJqOMq /><object name=VXyzeGyOmFIrADCTP /><object name=MFTjkekixKGIM /><object name=OVIFJSvRwcEmrprBtCoILGm /><object name=xxqqvEHVEIaIhZeyzSV /><object name=bsYNMIgWLSyOMYJHNhKElWJYstJwNygqMQFal /><object name=TASFKDGLhXFtUdhdIzXTLvCNUGTZGdQZfr /><object name=mXSrakesAZqegxHvObKvIKkB /></objects></root>