<root><var name='id' value='5eedf021-335b-11eb-883f-4cedfb6bed2f' /><var name='level' value='11' /><objects><object name=kxWmzIrdcqkfYrbCIUUltbnmXmzokSUNY /><object name=IbWmotthxmLBCoFJLsrgjxEgSjVwEUnkwIdFPtl /><object name=uODDwSzbRd /><object name=ioScVvDnxRZCoKikpIZdYRITSujgeOc /><object name=BwXEQQoSRdKqOcOaWmLV /><object name=HeCKcWegpGhiIUcixcpMVVcWuhdbM /><object name=EWDwHdPiOYSn /><object name=FDmnMgsbljlaFthK /><object name=ganBxuKoRvjrYtfIZUoikBvRMZzHOv /><object name=MgfoCfIjMuYldWzzh /></objects></root>