<root><var name='id' value='5eee8bf7-335b-11eb-9617-4cedfb6bed2f' /><var name='level' value='94' /><objects><object name=MqEWaORBYNKbNfdQMYgDO /><object name=OsuRSgbmORdS /><object name=DVPdFQIIczzoFKFvKXumNVfPHRwcLbAnAZLN /><object name=nIxXthlJxgyoizg /><object name=RcrzTNlQSVfpLQkEk /><object name=YsweLKHrwlJjnKCWgtEEhbnzLq /><object name=jbaNYgKeEUirjtIZFIjLcmMFEOajq /><object name=wznqEOBaaFCiKUBGBRBHqthFfNDENQEv /><object name=ejfiThBBJvFoDAKUtZNWJpYXIFPkHb /><object name=QRzFflVfZyKeynhtohYHWjQwtE /></objects></root>