<root><var name='id' value='5ef05e51-335b-11eb-9892-4cedfb6bed2f' /><var name='level' value='83' /><objects><object name=yPWyZvNtlHRO /><object name=juEVmIYEVrEUijSfAWNsccEBIhWmNzlD /><object name=tCGoekhISdJIopbtDsPpg /><object name=UEjSGkuncSwirZTFlPFRumFXkcOBKVC /><object name=PAfGlaOuJWYZFoEiQGDroDRVkCsTCbvQqm /><object name=TkOsejEyvVMWYRkAvBUTXsmINwkWFh /><object name=bfJUcwDNydAnxZKWGewMGFsLShkblpYZHJFi /><object name=LMAuWDljBzmvdiSltdmixfFyuqYLXonlp /><object name=FOSAnoLjGYbvzgvpNsfLnHJmBPQmMVYYQLY /></objects></root>