<root><var name='id' value='5dfd103d-335b-11eb-a661-4cedfb6bed2f' /><var name='level' value='35' /><objects><object name=amONlGDJRIFiqfKAKucgmZRqpPAZwOseczvAtPh /><object name=scSbXiBvHDalCJUzFokzlsfxcFqWnJUnRIt /><object name=rVxLXmBDlZwhtuGJkCqHGmL /><object name=nIVEKiiqVWbdUkFHfuCLEwpKEDclkUpoBOrr /><object name=OkXETsvfleVQXHdEGrdMsyoJynAJq /><object name=LVQPGvyIRZCQufaIrjGytylGbrYV /><object name=MKRfKZXKlIqpiNBazNbPdfsTJxlXPvZRq /><object name=YoPetUnXttMgspIYGPEbsplILh /><object name=MkpbFBUBXtYFZGymTn /></objects></root>