<root><var name='id' value='5dfe95ca-335b-11eb-978d-4cedfb6bed2f' /><var name='level' value='75' /><objects><object name=cutwUWwXYMSeRTpPLWYBnfXJcYVShLMIpitV /><object name=LOYoJnYdCLKTMjkEJEuqacOueiRoHXajGAoBr /><object name=KKUERbTxYvdvABBwowFEUcaFIlkDgDqbyDdeczB /><object name=CiHgvgBpZWXkhrMKGQtcgcjnOpRVpe /><object name=szFUWyyGqaoXbA /><object name=mLLTxyUFjRMpfcFoxamZWAYZdDQu /><object name=pQkfuVBJNgMFCxtKDjFpxAZGLMyRnhex /><object name=CKIRLXdaKbd /><object name=FToRCijNVmTF /></objects></root>