<root><var name='id' value='5dfebccb-335b-11eb-ba20-4cedfb6bed2f' /><var name='level' value='2' /><objects><object name=rznotDQxCDsemaE /><object name=fDqfnjhRLvJ /><object name=hDuljybADOrvNOztPKXXJ /><object name=ZIMpBRbCNdFVOFowRMkIM /><object name=iqxUFKKgIatMxFluEEh /><object name=ZrTdbzHekQHYEj /><object name=jeTGpiweZgbusYbvYRxllaXmeEtxOSq /><object name=ZHIUUqzGZJJojrXqkeJUStNMaqBajhCOsSzuvoSy /><object name=rdLtzupjTRSFkApr /><object name=LtfbtbUPsHLbTENbsHTubEDIBNiXSxpRlqi /></objects></root>