<root><var name='id' value='5dfebccc-335b-11eb-aaba-4cedfb6bed2f' /><var name='level' value='29' /><objects><object name=kfclzTrWKLavTMSxLsEzmRgufUpOPpB /><object name=mGGpeHgcsPRkaezMjoWSKUnxogkzWyQCmipezGl /><object name=sNOaZrPIWYiVbwtK /><object name=WFTIItmttutbRtDaioyNSwJbofE /><object name=kEzSJaBxIElYmSeGGdeNBGfBQ /><object name=DzzkbqXrEJGr /><object name=nFJbaPZMUXRyTZdyNkqniEAQG /><object name=zKqqaEYnzHtj /><object name=lDAwMIobxZSmMvEkXAKFsZvoZfG /><object name=gAANAQBKpUaioiM /></objects></root>