<root><var name='id' value='5dff7f93-335b-11eb-af00-4cedfb6bed2f' /><var name='level' value='28' /><objects><object name=NboJBKQbOvVswJYGHK /><object name=FvQValPOmrINWIuLFItlAHDbEl /><object name=gedVCMMuZHwchIi /><object name=JFTsDkgnLRi /><object name=lUIRlXoJrXTjepmaiTOqisIdBRripOxu /><object name=nUkkRsSOdNMthsUG /><object name=qGHAjBfazechqCzZCZxjHiiCsEmfkgRNWVLHndf /><object name=eeBtfDQhEoQNGaaOxVYpwuD /><object name=vNQRLViAMpdQaJzCOXZLcAdIIWAyfuJsL /><object name=aYpMLFaDFxmEuj /></objects></root>