<root><var name='id' value='5e00694d-335b-11eb-af4a-4cedfb6bed2f' /><var name='level' value='40' /><objects><object name=fExfFxSDmckePbfs /><object name=ZxTjnOcvOMEipCDbDUpEMsVHJFxlCNT /><object name=GQHVXTAWIKZgfKBHQQGQgpbyKzYsIzstOroHPHu /><object name=McEacyeNidEOxuWT /><object name=LaDqPESoSJeAjOeANxrqpppdzsePpkVWGC /><object name=xSPbXWxDBTVFl /><object name=TXjahYTgrEzGVGVAHAMFgRdLqnGkJtDKbwMIrQ /><object name=SfyqOibfEGeDuqXYEJDeCgjTHDILgYALQyvYss /><object name=gueXpAVprmWjUqUpiJIPlDstqslTKoG /></objects></root>