<root><var name='id' value='5e01c921-335b-11eb-a276-4cedfb6bed2f' /><var name='level' value='58' /><objects><object name=oApZgsiZdhhBuDNsDLG /><object name=BXCsayorriDpFWeyagazYlqDOCAV /><object name=LjsISDqUIxHPowCDcDhnMCR /><object name=rioymYkEXgUdtaAP /><object name=FSpGrDuFTuUFvtWOm /><object name=eKFQFsTDqaneheSjMEDtyloSDtNIvrRsCRaKXIRc /><object name=VYbXsraUKYrowfdqU /><object name=kxMVyuKsTmPSduKswgqOltzARJohfEiXoRpZdp /><object name=TemarzLoKIbsCqGalBUVtOhWDzoLOAlqMyIZ /></objects></root>