<root><var name='id' value='5e01531f-335b-11eb-8925-4cedfb6bed2f' /><var name='level' value='65' /><objects><object name=szpyQvEhGkORYndWXkxlqH /><object name=CDltQqDEYkZKEkgnPnOQ /><object name=tFHWmpfhjbFHHyIUgKJOdp /><object name=YpZjtoGgpQxTUJOgICrhDzY /><object name=OZbjOvMVquUKJPjyciYIsVmFrdgZGoGUtH /><object name=hHXzZOpWZLqtyFxtVuvajTwo /><object name=IwwAFBxqzskJLqE /><object name=pXapHtCKXiCVdyogYtXVLGGNwrvOaqf /><object name=XkzGzHZyTNua /><object name=ZThHvgjsMkkKD /></objects></root>