<root><var name='id' value='5e010527-335b-11eb-be5a-4cedfb6bed2f' /><var name='level' value='59' /><objects><object name=oKGQNtDCQXtmSTG /><object name=cRmJRCnVzxktWVNnPkjZEZEhiZTtpRYPKykIjXke /><object name=zdDyoLGxsTUJH /><object name=nQzPzFHlzMVTCDiouqMwOvUqJXjekhYr /><object name=mEpyxyyPcTjOdvvgMkxhWibGEtemxpfhdrvkT /><object name=MJTSdNRdBvixeoRquPcuZypSURKjYMwpSX /><object name=JRRmYzZokmZstHgWIWbNCVwfzkGIx /><object name=XVvckvRcbkPbeHVxOXpUa /><object name=JvIujxqqMGhSwvCGIOJoRyEsoUsLx /></objects></root>