<root><var name='id' value='5e032785-335b-11eb-ac36-4cedfb6bed2f' /><var name='level' value='76' /><objects><object name=DundEnRhCPvFjAfbL /><object name=hZCgLZnEJLoeGpM /><object name=FPBJFjTxggKKapGOY /><object name=LKSbqjkEjIodiyCrJPUSDoXPrGIJZvtxw /><object name=YqvZAXPqyvIJfEcbigqBIHAvOJVPzLoayfL /><object name=IzvjvarZpYRSGNsbHBpDqkdsMAqwfgcFESy /><object name=QVoudnsgTWbeSsk /><object name=CSbQMiIVjZFfWgCEOIdyoV /><object name=IxfDJvvdkXUihwQVNXoAIBnkKouktzGvvAOOykoL /><object name=ByrynDIkvzsALSxXCGZMxsdbiNULxzi /></objects></root>