<root><var name='id' value='5e037477-335b-11eb-9b0f-4cedfb6bed2f' /><var name='level' value='21' /><objects><object name=liphwZxMuedNgXcVQnCnNWj /><object name=HcIXwjLnsmSMlwGdZfPZAPiTdLgyUtkPVGxTow /><object name=uWBvIbRaoaNpkxLQrvvtGeJUzxIb /><object name=xXOmwObyHWBOdaoxXSUAlUtZQTsQdLhoQwo /><object name=TaxmjJxciQYXpLyxtvCjTqQKQ /><object name=ljoPizXYBIKwMTju /><object name=wiJkQrSrKbLKsPfSZmXmveUpQOijf /><object name=fpafvMyXnFXuDVEjgw /><object name=kdvGSmhuQZfBIvuNKueUML /></objects></root>