<root><var name='id' value='5e03e956-335b-11eb-86ed-4cedfb6bed2f' /><var name='level' value='24' /><objects><object name=veZYkPrcbRrJMpVNBUBYtZETxvej /><object name=RwdejdDtZLzWKe /><object name=cOLKxDwOatHUjgVvTVzb /><object name=luZlYSDQEuwYtQqjCeUhrMpULIBBFFvcdJSwzs /><object name=RyocbYTrsOnccxvDwNQ /><object name=XMfjbCoUBcnKnlDcNvjXgV /><object name=qwDfozSPrAwnQssxPyUoMXE /><object name=jJBiDVnjuuxnRqCpRBlpJuuNESfNUy /><object name=kjZFoNTXkLtUL /><object name=EDTcSPLvURy /></objects></root>