<root><var name='id' value='5e03e957-335b-11eb-aa81-4cedfb6bed2f' /><var name='level' value='82' /><objects><object name=cZxhMGzmAh /><object name=bomDvgcdlPIfErdzGVYanpcLclpffcITzXqi /><object name=FqzyNnhLCYPZfrKOwyNDeoUwYlwOt /><object name=sfvejQTnUCCRURewz /><object name=wGDihqhJVcaHAqVwSiVLJsKxUMzxl /><object name=qgfLJcPlMwlswNIBGJXvVKIOxgk /><object name=redmkwgDjOpLepobnnmHwPv /><object name=IPuzHeclbmFZsgeuuhhzMuPCxtRmsbptUGmYzPo /><object name=ZwfoVuzifkcwFxpVFERiHiDWDrRIxnu /></objects></root>