<root><var name='id' value='5f43b4ca-335b-11eb-8c48-4cedfb6bed2f' /><var name='level' value='43' /><objects><object name=XFIwtaFuClQiqPhNeSbDCOFoxokkCJjI /><object name=urCpRfCZdx /><object name=qPMrLrjUYdAAzzNFeuvQEClelcipsTEBudcjVI /><object name=LckzuVabkrWUVZqDQrlM /><object name=tyxwbLLOpequHQrbQXsdqrPNLEJfgI /><object name=KJTmacUcYV /><object name=yOSmSPrYNfKgQRWnOsARtuwUhZzo /><object name=RDPdzbMdplcHTLnZnDQbd /><object name=uBJEGlgeoMmMdpOOqTLEYbqzTmpCxrPTJ /><object name=gCZDcKPahqkCZoVjjrzStVDJyxfjcDFqtnM /></objects></root>