<root><var name='id' value='5f43da9f-335b-11eb-90e2-4cedfb6bed2f' /><var name='level' value='17' /><objects><object name=fFaMxyCdUGnRJUhndEMAyqzUlEVYfTEffDRh /><object name=HLzhRTopRAjYbICOfmEzaVeBDZB /><object name=gFHwmbPbcaHrDfTvfjnRtxFzxpfNniS /><object name=uHhIuhwGAWcTwXvnooUfAYbtsEdtk /><object name=ccSONJCeQSFXFV /><object name=BideRubyzKWLCDRNcPYvLiABJOiyrUgRSh /><object name=BCseKpXXiLMlgpqwIwfWOTDhGapFzTinRs /><object name=XasvAOTYvygcIRnoeVNMtUbhJOvteXZtXS /><object name=ILLSOvMlmOIeFAGghCI /><object name=LHIkAWQUdEDeBrpEohHDCPoatHVahIhQu /></objects></root>