<root><var name='id' value='5f444f84-335b-11eb-8829-4cedfb6bed2f' /><var name='level' value='50' /><objects><object name=dIZmXSSJUJhGzAFsGAboGdxCphipTOSTxVSkx /><object name=mkEBosyqpAUSkJxYyniigvfubiHmAAXslldm /><object name=YwwUUPuOiAAnPvASeYfaxMuYUqnRYLiEBLjjAjh /><object name=LGWzNKMrPVRbSif /><object name=lUHcFlGVGhZbPXAfglQgYBtlhTQsEeVvj /><object name=aaTMvAKgpoduVrJqcwNOohJ /><object name=onhrertowlfIJtApBxTeeuRQMvcRv /><object name=tpEwFicFmpQimOkrtiKlnPqzKhAGqdfkoaZUNE /><object name=nmEPFRTiBYjKuZDsXYFGpUapiPvJCkqG /><object name=nfBDchCmUMlGhVAnBxldAynWHk /></objects></root>