<root><var name='id' value='5f46e6f2-335b-11eb-a822-4cedfb6bed2f' /><var name='level' value='83' /><objects><object name=GkUNBHlAPKvZTqjDnkYedwbbHBwdEO /><object name=CaUCpThChPQMedketZDDhTBVxOZ /><object name=agBeajTGISfqmTJHnMfJ /><object name=YXVRSJukpFMgFEhTLQkuQlrmQypOcDNhtdh /><object name=TakJiypSEDL /><object name=YiEvZAROWdgAWhSegxStViq /><object name=tTudGWXoKlwgfLwaxN /><object name=OzOiBLkBVWGMQiWkyKLKiuLLKssjLE /><object name=VgDaKVuCWtNPUVqQJUCCVnZtEhyVNCResPXXn /><object name=irfRFgpkJpNeExDCvVDEjVGsvuXcsDsFcGQWn /></objects></root>