<root><var name='id' value='5f47d0ac-335b-11eb-b586-4cedfb6bed2f' /><var name='level' value='31' /><objects><object name=qEbidxzkqnIjAiLsjqrWFNCYktJqXdIOHJOnc /><object name=JmMTWkzytOqjeRJgEUGhIFqrKhkZVgQF /><object name=IalhQHMdoBaaEZxsNbvWqxbmuYyVAT /><object name=BjZHSZMIDfoVqfubdoKhxMjLVpxjMckOUOWfCEpu /><object name=owBtzPRrzXHxrszsz /><object name=iqpkdkiblAcGsEypnSbbPsDDwYdJUEOWCwo /><object name=BMuVRXhyfhLZXkUuvZyRwNRDVUnPbvOJGx /><object name=yqIvkQcfUlgtxoRWWkPtQ /><object name=SgUGYKfnaZlnDtElQHBAwCpTYMh /><object name=GXOIkrcLsvpsJpCybEagRqRcsAmUstI /></objects></root>