<root><var name='id' value='5f484585-335b-11eb-8c30-4cedfb6bed2f' /><var name='level' value='27' /><objects><object name=RenhwbZcjpYEfKW /><object name=wVdgFMgjhLKSkwJa /><object name=QGiTKsgprQKfPBiktMDmspmeKQMGC /><object name=TTUSUaJznVurgUebQltuIRYBLx /><object name=piZmTvnqBgWUYmfRMTFVONxBFh /><object name=XLNAkiWmpnmxnulFSUPWPHFiePi /><object name=pjXVPNlflWING /><object name=KxJcYvuvARIePSKNiXatH /><object name=GbHhmjtDEeTKXQvDTOVqfpyVtsRMfIzjh /><object name=LPmLhRlWyJjMlvwQluBirIynOvhYu /></objects></root>