<root><var name='id' value='5f49cb1c-335b-11eb-aacf-4cedfb6bed2f' /><var name='level' value='2' /><objects><object name=KRdnMIDMSzyiRzOMeWuHq /><object name=JBXEksOGOhOVPhCxrClmTCtVvLEJR /><object name=OpResVryheUzLWtQpHZbUiZEetXnXyFgWhwIzCy /><object name=EmCRfidtTQezrxEu /><object name=kIWaJcythZWbsoFzsnbPoXxVt /><object name=uKQQGNliIZZWhJOJOaJnztDKHzu /><object name=nrlIJsIwsUgBftid /><object name=HZsQwbbimTHZJg /><object name=ppMRrMgjasQTFdtpwLePqmPOEOoakRfzuHhruNg /><object name=VCJfnYOyUfTcrivpCzHXQioyUXIJyyFiS /></objects></root>