<root><var name='id' value='5f4a3ffd-335b-11eb-a314-4cedfb6bed2f' /><var name='level' value='81' /><objects><object name=EJBhvsIfYqFDuwKa /><object name=JTJdxiubgPBVPZZDfpiL /><object name=hZKoDPyGSHPwWmhyHrsFmkSAJSTkajNdcTIGA /><object name=BZhKHNXttFNypSFUboQXlF /><object name=yGKjanxsyOXlTGvNAObxoXgPfZIiuqbeZpED /><object name=pRspgUrfMFWrlnbrZM /><object name=ecndajxiTjHdCDcEBjWoBviBrOSAvFQDZMl /><object name=JKNCaVUKUMohHqC /><object name=thYcpPhseGjAbCerIVLoKQFLmFHUnjnQzCVVzEk /><object name=bAAEPvCUvU /></objects></root>