<root><var name='id' value='5f4adbd2-335b-11eb-9ee6-4cedfb6bed2f' /><var name='level' value='42' /><objects><object name=qJVSyxGDwbIpOrVCRSfBVAEteSSMe /><object name=ixdhnskSObjGkqq /><object name=hDEVBGufemaSCnQEUxGpFNClLkiv /><object name=vAedsaniCgDvRJeMYjefNngYbyJEvt /><object name=cbKSOApcVAGND /><object name=YzyQQWMizeloudWlDLPuPCzrVjgRBW /><object name=zEzelqyFcelZmzlPUqthxITgUSarpbDNQe /><object name=sPwdnsaDSyaxphGMNBGBIsjPulRIqf /><object name=FsfeKFfNgCujuaeTTVhSegfejlVZZaOh /><object name=bKGmrnvYugyXswyrdiRkHoGljDXaGL /></objects></root>