<root><var name='id' value='5f4b28ad-335b-11eb-b4ce-4cedfb6bed2f' /><var name='level' value='24' /><objects><object name=pnThfWSstJPFgKATMYZxOjXTTvdTHyJySylnnaZ /><object name=yZWbjFETBFfJoXjhwBuCcxQBgkWPRplbMU /><object name=sAIXjknurvjTKgUFvSegHE /><object name=NmLmeeZxtjpznvfcXfOgxL /><object name=HjlGIbqyTSpIFjDpZCQxwZMqPMFaej /><object name=XewXCTEWHbYuyCFKOAozNu /><object name=UlFYZgedYAjiQHTRqXeuzttlaXymrAL /><object name=wKcHxUieQDlooEsJPh /><object name=kWfHcGTGSbyckhWXwPyPqefYmpnzNw /></objects></root>