<root><var name='id' value='5e4bbdb5-335b-11eb-8091-4cedfb6bed2f' /><var name='level' value='41' /><objects><object name=fOFnXRnRmgapJNymNN /><object name=ZCmNfRRXxzPXXUoAYiJvGwnfFViJtzLkLvl /><object name=OIhFdWfQGJYUdRuQffbVTNqOLwwO /><object name=RzmktLFAjbNpYlzRMvwweymEFONWYqqoVHeA /><object name=JaZpJQPFVeASH /><object name=xGxqNfoXPAYhKbwlliwezOMMJNTRQgpmDn /><object name=BZKLvhuaXOJdqJmYRIWyLjJmuiDNFgPcB /><object name=EthoMQmRgxYek /><object name=fOLZKkhzYGNUpVvVQxBOwQEabrsEgL /></objects></root>