<root><var name='id' value='5e4c8072-335b-11eb-abd0-4cedfb6bed2f' /><var name='level' value='73' /><objects><object name=OCzvoZKLmrYYpxAfBmRfIypUGjrWqUlVpHsSfg /><object name=inXNbtYMuwyzoyrTjmrevzNXKajSSAdQdoddNc /><object name=HkjBBNzJOJkJRWDVJlEkDzqfJGNB /><object name=dkHIKdWoqirEzPVouljvE /><object name=KsaUrFWhvVjpQlKS /><object name=fwcicZmmTFcqRJErkeS /><object name=muzxOpaZRfoPbg /><object name=eztJohlItIJnskBl /><object name=DhwMDqKDmdQRfKYytyyMdHgNhX /><object name=pQpNmfWyybdBhZqhFagOOTyyDvFQpUisOAp /></objects></root>