<root><var name='id' value='5e4ca768-335b-11eb-ba16-4cedfb6bed2f' /><var name='level' value='25' /><objects><object name=NtTZipXGhVKyOyFriHQWQqEdfh /><object name=WgmHGRTaIhsNJohIsCnqRxHPoSEna /><object name=skrLIXouHNdzHTDtOdwkGMI /><object name=VjZeRWTSCacETYekGQOsVenZYnzjXYgZLDand /><object name=jTqVpfOchgvdgWBDSwJwvYqPIXVYlxvFHXRtVBK /><object name=VtNprpuUuOleRizYojLHmoEsIRJdU /><object name=IaLBtylaRxPiVpbGgyMHMYSvQG /><object name=AmVqhhwttSQYmfx /><object name=NnvTZxyEBgjSuoydWA /><object name=GuLzPmqJNOHNlzVGdXZQByvizeWrjVRHtadBm /></objects></root>