<root><var name='id' value='5e4c597f-335b-11eb-a162-4cedfb6bed2f' /><var name='level' value='39' /><objects><object name=yOyLtAmQbMQcvKcHOcCruSwcGmNXsUCdSrRy /><object name=fblusDnLehuBmPZtuNjQHQHARUdGEoTKZpuPNCbO /><object name=jUVqfPQROdEMksirAkPOSlgdQEjIVmlVpmMJYlNv /><object name=tRLDaKSMzyTpdAcuklAHiQoUvIAeCgrSJIuIxfE /><object name=vjdxrAvBYXaeGlqOLRlUNSkS /><object name=fxrZTtTJHxealdpDXmcJMIFOwVXKzzgONXEMm /><object name=kcVkxuGTZJClZucNvRhudzJSFSMs /><object name=uKiFFeUIJkWTXvodfEOXIHuBlX /><object name=mmGxexvsMQcWvnArOVwrLrQQvNfB /></objects></root>