<root><var name='id' value='5e4d6a3e-335b-11eb-9a13-4cedfb6bed2f' /><var name='level' value='43' /><objects><object name=bltiyBHtku /><object name=XFxtKrZFKYGOzabYzexYqBpCNipjp /><object name=nrjBFGVBnvCzPZvNsaphQmterWhLBTifspxg /><object name=PXNvqNlFpZNAJu /><object name=lPLPamrXMY /><object name=VQIhFPYQpOmpqutkXGqZlDhhSvVAUCOg /><object name=NPTCbgJeheKgoujmxdmTHWGtRwJuYvVaEa /><object name=BePiKrZMaITJKjajircCtxBjsaqxNHnSfgM /><object name=xSyhTDNrAohIHJTfUlIiBwc /><object name=bIxTbzwzOpPiwHxNaFucZovESNuSl /></objects></root>