<root><var name='id' value='5e4e2cfd-335b-11eb-9d64-4cedfb6bed2f' /><var name='level' value='96' /><objects><object name=wBNYeREyTJAAQSCYOvrsFyf /><object name=OUXZRkWgEPpOuucanRnYGHLHVOcv /><object name=GyApXrnCKnDqJqgmNjCAJBHxRXUgkhIdCauVrV /><object name=oQToayOtrqyqvkwkFpVaWIxiNmCtyCkagN /><object name=eMsRLWwHSeZZoqkuj /><object name=bxdqrmwySZkVHbnP /><object name=kNCuoMKrGwjuDaQurPQVYWpfGdUumXXkmpHZ /><object name=KuSepvjrufZsgXJjiuMNLbVMWIksYzR /><object name=iPDJNPLgwpDoLOHXFZmH /><object name=LIzGDaypAvlGUELXnngxTDRSCoPOLBWXbdoyUaF /></objects></root>