<root><var name='id' value='5e500081-335b-11eb-a505-4cedfb6bed2f' /><var name='level' value='34' /><objects><object name=PXRmeQTZVMtKrvzgJBEaNLlrcFBduthmIHJdPiaB /><object name=sobIRAEUQvjDIbbkZgtpxHSYlwLqBeZsYg /><object name=qMaTvjEQWpsKbYRwdbCdvCzaIAJICpuilXPZZAo /><object name=rUBRCQFgGVabbIVwntwKXIljcvIiQltSa /><object name=GkrvDTeetrWf /><object name=FufEZVNZgOPxoOYGCUFpXtwnTSqfrSU /><object name=bSbtDVQjAKrRRlmkoftIb /><object name=ZpWjeiiCHAZgACesCsHsyS /><object name=evizKfZATTLtMTiuzSbcNHORcIvBtx /><object name=llIyCsdhgkiNw /></objects></root>