<root><var name='id' value='5e509c5f-335b-11eb-ae33-4cedfb6bed2f' /><var name='level' value='77' /><objects><object name=sjqFHinytqUGNJqsYJAb /><object name=orTbiHEaatFcFbAVJuAypnjmjOmtRMePZLbYITG /><object name=SVDxTxOfPwUAhBCTRvyHZvjERayISzSk /><object name=uYKLkHLbTGjxV /><object name=KAUQjTcyOvymq /><object name=CGXhYrYvpIggublAyufsuVMIxtsIKsqVhFGzRO /><object name=bHyKdbvBbKQTEmXkJdMdnERL /><object name=pzDRZIxbwlLEuecvQGstFpMx /><object name=lXqpQnydPQWppY /><object name=pXjSTyQkvvyulixLpRzJDKZrQRiXXEbyNzXtWH /></objects></root>