<root><var name='id' value='5e50ea42-335b-11eb-bc7c-4cedfb6bed2f' /><var name='level' value='53' /><objects><object name=mREOBRcNyQEYXpMAq /><object name=NHirXeiahhtNdxKoLnSQzhvShHYEhkt /><object name=rWEwOZVyOnCzlJdRjnDfEd /><object name=ZhsDdVVuiVflZ /><object name=cNxCQmzTDRodFEpQZjATSg /><object name=sKOHOhezwVIbXgYeKiUnvIfUtVPosEdn /><object name=NZLfVvAwib /><object name=LLdsKMxEGqVPscPYFixObeGZtzcumgeETAi /><object name=mIyNCXnDwNz /><object name=TFKSoLmKhxnHvCpUJqlQQcboaKqvxnBSEARv /></objects></root>