<root><var name='id' value='5e504e6e-335b-11eb-bde1-4cedfb6bed2f' /><var name='level' value='78' /><objects><object name=aQfSWdysOcLKeZVlVKxXHcAsWv /><object name=cnqIMwMEOyWxWTpXwZNMuMCaLsjgwNCWy /><object name=uMLqlUNSnncBQZJlGjzvEWppohXjtMdkJBYI /><object name=KQTCWKefxqWoqXRpJPSiqDkilm /><object name=nUUslPkcvimoG /><object name=xbKiQTHeLSEkvFVflOwuEPUrwGrGNaWqa /><object name=cDjsHKcJCQqvueTxRbVFYGtLqCp /><object name=nRCYFtRPKTb /><object name=FtvRFdQdoSZOaLTMcnrHOVhrPkwHVqdcN /></objects></root>