<root><var name='id' value='5e502650-335b-11eb-a507-4cedfb6bed2f' /><var name='level' value='29' /><objects><object name=WvLdgrDXXBWbv /><object name=lHcWMZGLbdtaU /><object name=nuLeumPShlyUIJgnpczyercN /><object name=EpgkIDnbAbmkyGWZOjPpMnsxYqwpUOKIDLGtiXmC /><object name=smQJTUEyQbmTOcRBLQWOuDaMumIUQtKM /><object name=VRhjfeRUgDNPfrSaXO /><object name=hhjIrdPaekxKhuLXHrgZOHgiHUWPmsjBOFYSUP /><object name=uaQvATKWDkQKEwbiDJk /><object name=qdjkINlqmhoVFsCcyehDu /><object name=ypsWTPcMvuGnhgUPHXsfHRxedv /></objects></root>