<root><var name='id' value='5e50743f-335b-11eb-ad2a-4cedfb6bed2f' /><var name='level' value='55' /><objects><object name=EznabfMQRAtwAkrfVNtmc /><object name=BgOyYgXeXrDiR /><object name=DpclMWsuJVJfMwRBlGxbRWGYskGDlT /><object name=SmnMareBmlOfxRkRcCUiUZZXbdlYczIznbNZK /><object name=iPPAMaJFboyHBANTeALpmfAvwjk /><object name=oKaKTOzwAJyfzR /><object name=ZhiiHRyeBl /><object name=oCmmNjSttuSZCpoje /><object name=GwQTpdezxIbbauNLqImfzrHwkbdcQPbDwuaD /><object name=fWVYKcUFcCsENylcXTpvbumdtpsmL /></objects></root>