<root><var name='id' value='5e515f39-335b-11eb-816d-4cedfb6bed2f' /><var name='level' value='43' /><objects><object name=xNiQwGpvfEGqAPLIBOtpXLDH /><object name=UWxdFeIbygqabTOaGeUcSITKgExrAxWSVZ /><object name=oudievaaAjnFKTkwHYfi /><object name=DKeuyiyUWabwZ /><object name=AKjsIZzRTTIiAosOGXrsUdYICTLzgiVyXT /><object name=CIITCQTVOLnJCjJhpUxBUOBKVPbM /><object name=NsmtFWFROmrfevzWWZckguCZBRwWdxg /><object name=FBAnVjmbuATLnOrUZ /><object name=CXPDtkwczaynKnsnUDaWi /><object name=PNfiEJtOAftvVqwixuaPXyzINrGKkcq /></objects></root>