<root><var name='id' value='5e511130-335b-11eb-99c2-4cedfb6bed2f' /><var name='level' value='60' /><objects><object name=aVeRMtgZNZkYPJld /><object name=WnjvOBqDDAvjRwLxuXRNNgkYMMjmyJAxvnTFM /><object name=BNoiRgprbfcrUJhZj /><object name=NKJNBOguuDaWpZWlDzSBylawW /><object name=qLGuvqtaqWwmdORLXMcJWQgGsHsPqThxoSHofYEJ /><object name=qdRyEYrfhMNOPac /><object name=TZNTFxBshfxMtm /><object name=GDZGiNlEjEEqTYw /><object name=heDoSduKCTpBXLgHlIbMsyxMcEHkoe /><object name=OwVkjIFOkuTkaPrbogVcXsYtHFE /></objects></root>