<root><var name='id' value='5e5296e0-335b-11eb-8e98-4cedfb6bed2f' /><var name='level' value='90' /><objects><object name=IvqRjfQgjvGjDKVDsmyjOFZSCgTAoNCASg /><object name=pdWhEDALjYQ /><object name=tqndVMRHaezRcYpcVUuAkVGYEAaWTnVFoDNEvCZ /><object name=HtimXUkpwAfvyndOHKpLZIOtpwoiityKOVq /><object name=nkyferPuKwnirAsDRV /><object name=vTwSuxfYjIQspwmRtpMDEbHUvDJxTyRCTVJ /><object name=FSKqHvFmcKxOLIalOZDJSJJuKWDK /><object name=EcgSUrHoPOwJpdHcgCrGgoW /><object name=GmQMDjhiqMARLLnasJEznbQGPDcp /><object name=BPFlaqFmkljopPFFdkJjibCfxOomORoLzXNdD /></objects></root>