<root><var name='id' value='5e538092-335b-11eb-a09a-4cedfb6bed2f' /><var name='level' value='40' /><objects><object name=KuAJwRrKplqMPLOYqEplgloc /><object name=MCKSSfCrIGldPYWjUdDBRLzCiCkYhyjWTwv /><object name=ZlWUQKhqeuGnoVtrSfCyVJdNgXv /><object name=GOYDzubqdGzd /><object name=NbQcjwWtOKRIPaHqAcRMOckhuznfHF /><object name=HZkNSOsYAEFCPbNGFsCxnSbJdStjIPtZsHbsS /><object name=LcVqIcwqGqU /><object name=NOogUVgxctpAghVphIHJ /><object name=laSnblvIQIqceUM /><object name=cckIWjvZELzhOBbl /></objects></root>