<root><var name='id' value='5dbdf6b2-335b-11eb-88c4-4cedfb6bed2f' /><var name='level' value='57' /><objects><object name=uOMnZiKsXfiqjRFvVsRrxhPAYVAxSxPl /><object name=YkzyKZbxljlBpgpFnKSM /><object name=XiYSSeyDmXijWZdQvoPMYgxlCWcikxwCyzIe /><object name=DZCUAQdpHeSLgKN /><object name=dPVMbnsKaabBnQhaTDujwjztGXBHQWQqiuCGUWqn /><object name=BuQatDMqIxHPupDvKqDyoFwMQVvlm /><object name=jypORyMqaagEOkSbhvJ /><object name=DbKelLsYvOFtSQaciDXmkVqoyGmkQsxVuSKp /><object name=ugByDwTyDwyomOgqLQwCC /><object name=JUkQQkoEEezVAomWeQFatdiWUZxljZKzVgc /></objects></root>