<root><var name='id' value='5dbdcfbd-335b-11eb-9b3b-4cedfb6bed2f' /><var name='level' value='95' /><objects><object name=FHpwIDGHLZVjFeRenFhyJHsbjYh /><object name=MwmrfybokKGQQwlscaKZWgitp /><object name=XnndlaEkREVQiwXSyUga /><object name=RSOPNBMeWWHbQzrWhnWCRPPb /><object name=ZWEsXYjIYg /><object name=McMaSuLBOjCyZA /><object name=GoKBfsrUYeVaZjyPQxNIZOjQBaVqHqstoajK /><object name=ZERtdnyGKXUHtHDqzXSaOFjBjn /><object name=mkhUGGddrJnSsonilkbVkkxGjiwPPR /><object name=VTasvMBPeZRJiKjroTJDVnZskh /></objects></root>