<root><var name='id' value='5dbe93a4-335b-11eb-99fd-4cedfb6bed2f' /><var name='level' value='99' /><objects><object name=UKmxtvMReOMFJscfKtWoPIEBHDVjqTStaf /><object name=KhBoOFJIdGYcPQSFrwbixsttYBfAwPcBOh /><object name=mfCgfdLMLPeGpWhtCKh /><object name=usAPJFUCEdrWk /><object name=BnYTnFMnfHdfSUrMYjUgmDAmLRHopW /><object name=gqcJCxhQFKc /><object name=kvBNYhRSRrKIucPmGsEhMohDeh /><object name=DFYmCpSsapVwKHqEHltlUIfCKfUc /><object name=fgKlpgazZBNfLyYElBgDBuMgKlMkBmN /><object name=VehOyjiLSF /></objects></root>