<root><var name='id' value='5dbf2e5e-335b-11eb-8de8-4cedfb6bed2f' /><var name='level' value='11' /><objects><object name=PkRvfQGOrTeZJLMGGVYuycW /><object name=MXseQogaMW /><object name=gJAfIavkPAYEnQxPlnsAAHMNtZJmRnuXxSW /><object name=gCfuKMhYuOUOGFxyUtDQUmfaG /><object name=SPfoKmJnmwDsH /><object name=KUKBVlVnUbNxvQQpzNSVaTiDJuJywXnERtds /><object name=CjUMElUweNvuaJcSvtDoeUFrGCGEhkrWFJYRcm /><object name=wEVNiiuEjgWZCswvqCyYvc /><object name=iZgerZMHvCgLZcpqQgZcdLiQDxUdfoIKfhP /><object name=ECNCDsHatotTRHhAXmFWpVlVEQxaU /></objects></root>