<root><var name='id' value='5dbfcb53-335b-11eb-8625-4cedfb6bed2f' /><var name='level' value='45' /><objects><object name=EcWupWcvVdkUAbVrxfdHGXnjx /><object name=PCuauGeMMmxKimPPlSzOJpOx /><object name=uPFhlMshwtXZjfJMzRKRwWOCOHxkfuYvu /><object name=IXRGNKKvrQSTJUILkduuGKAbbGutMlzBgkJOlNZ /><object name=gSBxqtdPFgMjeFNK /><object name=DWArdcbcOcAKEXMsfwXRuktfeWwOQdVhK /><object name=zHlfvxzPNKNrqIbeIQuMyUS /><object name=VUIIhMjwdwOkRKQFhQatNzxeYmfQviWCDlrd /><object name=IDlLeYzgXzemluDYApBH /></objects></root>