<root><var name='id' value='5dc1c4ab-335b-11eb-b5a4-4cedfb6bed2f' /><var name='level' value='60' /><objects><object name=iSTlUthVbkTvRAdog /><object name=gcwmXSHVKPkwSwjClabiqyeucl /><object name=sOwTBtrNVmienysBdqrDFURrHTHnqRgqZVi /><object name=VoYtgHNmJTxEjuvmfJHHCxXEiJuGELNzSrVQOxlx /><object name=JYVzuUSKurdOP /><object name=kDhNpYpsfbJquxYNopQKZN /><object name=ZiQUcShuEaJWtsAmuDqUGlgiVFBuinKnSqGsZsb /><object name=uZpjSgbSsioVXvAjba /><object name=LrXFYorwnYkgzVBBRrlbUYiwyTklJOSRKRrtq /><object name=qipQAAzlLOwFHBXfHtDhYZqgyM /></objects></root>