<root><var name='id' value='5dc2398a-335b-11eb-bee7-4cedfb6bed2f' /><var name='level' value='43' /><objects><object name=XuoGISKtmpoJuwfmVGjDnZUHzrvpvmIoQ /><object name=OOamOaTzFFjeMQRpboENVsABtojeorm /><object name=YPcPavtbJOhTPmJx /><object name=TGDRSYNHBNEVvfNnC /><object name=EBbSpwwkDkjTDDCGNfCKLrZRbWGJrfVVDbYZ /><object name=TtAkutyaHnWvawBlRpCYqew /><object name=UpWmtilQBQeKNfZgMI /><object name=JIwrbmEXygPCRTgooRmBqvAYvVTEaGJBlJoiGSy /><object name=qMgMWzFurHUnHifEzfeTBBSnadWwob /></objects></root>