<root><var name='id' value='5dc37130-335b-11eb-bbdd-4cedfb6bed2f' /><var name='level' value='48' /><objects><object name=mPEAsgPuloynPNSxlXxPpwaWrZI /><object name=rQxIhTbWYbBDVgoxVkxTA /><object name=VsfWHPdgnXHDbknFRWuzZFEmcHZ /><object name=ShMraLnXtvILrjiyFtzqGnQLlSNALiCxEBH /><object name=fgNWidPmGdWuBdkTgrtzwAFqKvoVuYfXotsxn /><object name=kIEnCSbUbGmvguIRhQfYmkEZgqhtOOyHa /><object name=RSBrTubanNbjI /><object name=fpJrMAwNGoMEbthlqFavYwhEruGMcHgL /><object name=oIXKcmqNprMT /><object name=HRfkYHzYJBRuwfeRKuKrxyhvQ /></objects></root>