<root><var name='id' value='5dc45e46-335b-11eb-9b05-4cedfb6bed2f' /><var name='level' value='29' /><objects><object name=hlvNngoiJlwPZpcNlapXatuQMuEYAGcXZeJcxkGk /><object name=bPRQIyYdpdhQkWwRBfrkKWOJRduJYfS /><object name=rBqcxbhKsbcrStl /><object name=jHwGybaqdgQQcRdvXKxOVGfZALcnIIsrdzUuWVk /><object name=BIByuOODZxgvoAZjfhEUEADIgVPG /><object name=EOlREIuVxPUOEXzgiabVZcEqcBBbs /><object name=ZjWVxeYxpSiDHJXgXlUQIWMxj /><object name=fvdwHBptQI /><object name=QjGchCIKNMgbbUIHDU /><object name=aqHYaSXHqiPdAzvmAEuwqgoNVNrKrmI /></objects></root>