<root><var name='id' value='5dc4ac2c-335b-11eb-ac9a-4cedfb6bed2f' /><var name='level' value='25' /><objects><object name=VJWrUSABDqySixObYgyzWHOZo /><object name=TreDoSRDamxzMysFxXEBUkK /><object name=ZWxyfpPlbGImnXaJSVMnLHzAtZVWzaIuP /><object name=wReNQHbHkJTr /><object name=TuHFHEEhpFpeSRVFYRFYcOxlbkTQuTxBozVUvX /><object name=yjaLLUcenhJNKFfSL /><object name=cxAwrDwahwkyGQECkWrScfW /><object name=qYsFwLHrYdmVksRqal /><object name=yTPmZTprihB /><object name=evGCaZSwXtmNlRm /></objects></root>