<root><var name='id' value='5e90f587-335b-11eb-b5f6-4cedfb6bed2f' /><var name='level' value='73' /><objects><object name=dQBFPxEpDaTCBOqfAMWYcYhhqvkcDjl /><object name=zwJwiliizToWWvMvzDdMwOYqibWQUVY /><object name=MXPEaMmpSnmoJlNgiSscNPcWbS /><object name=kwfeaLlXvboAriSliCu /><object name=HjJMPBdNZzdHeMRZqfQQZqRmRFCGEOGTuPSf /><object name=mXyBuKWxjGHwHMTImncnbeRdXRTgeVuNkpzkFd /><object name=JVrreqrmWuBzUocjHJUoPgsJ /><object name=QZiEFxhcrTCddOGKGFoPDovggoa /><object name=oEUSJJxbWgiP /></objects></root>