<root><var name='id' value='5e90cd95-335b-11eb-bb57-4cedfb6bed2f' /><var name='level' value='67' /><objects><object name=oBUSgbfGyoYW /><object name=tGHLisvqBglCHcmDZXJrEAN /><object name=PWJPLOCqlZTs /><object name=nXVWwbdkxxnULypjdllaoSyKggocDmXHlzu /><object name=ZszPfVIqguiAenELGLsMGKwuKs /><object name=CYVDwrzVhrybkHWEVzbYOxKHku /><object name=gmcnCZULAiQhHIjuDNFaOHlBRWqtel /><object name=YGfmUNTYGpMubduLHmvFnA /><object name=xadqzXXFziQCsrdqdmJnjskgeQzDcLVjqoDV /><object name=vipIAuecyUoI /></objects></root>