<root><var name='id' value='5e92532c-335b-11eb-bbcb-4cedfb6bed2f' /><var name='level' value='68' /><objects><object name=ThGhsFSPZQoQUqQPlOpGCTSFTsbPDC /><object name=XACgCaQdKpVsjRjLLcXYIkxdrqZOmropNNvK /><object name=GiasQYzTEQZjItBbqKTYYbfQXcdx /><object name=ZIkhHTHgrTIPTutukmtNjxEzyMJynGerVrfjFq /><object name=sWMOOFwJFeJJqELcZecBObhEQhUPPOyIJ /><object name=vkrBMuKiTytXLNrNxTlLtXIErHwQjpEjzRIV /><object name=wTqqsoTMQBsxlXZH /><object name=fdjvTtrVEIFMB /><object name=qevpyRaqkgGTBvVfiJbWWt /><object name=csQLYaUarUiVofuvUoYLwvVlUwXTsWIPGn /></objects></root>