<root><var name='id' value='5e931712-335b-11eb-8639-4cedfb6bed2f' /><var name='level' value='90' /><objects><object name=EmraIqEXmhFLPEzjdKnZYRHOBumvmzLmJBQb /><object name=byewNByiVfDiIfSYjtArVjU /><object name=OCvwQlbvShFfP /><object name=JNKMPIHkJaVkIAh /><object name=xCfvEMLZrsN /><object name=pRUNTjUdMklDfJVNZfGZJYExaiRp /><object name=YAZFzXxOYQvMeBtVArudKJZEqaOAVYgbLf /><object name=jonvxOBDiMumiUvzlvoOabPJ /><object name=sOLdJGyfSfQiaitrEJhmPnOWKJcDvKnXxLJJLSS /><object name=EhTElorZrPQoUtyOsAlO /></objects></root>