<root><var name='id' value='5e944ec4-335b-11eb-a07c-4cedfb6bed2f' /><var name='level' value='30' /><objects><object name=OoHqtYmyDyjPRSKRfNtVjsrERQyzTazvxjIqmqk /><object name=bUYkBtsomrXzVfWMggmHSLKCaXtTSWQ /><object name=IXdNFXGkvxWUVBEZcRThlpPENCSeKxObibYy /><object name=RbLBsNohfDZAGVBoWctjmDmpMDgyoj /><object name=QUXsOnTHExoUokmxlHUIzhBzaZzqUUakwhdEJwh /><object name=NoeSANHXFBMpudqvdHYBOXre /><object name=ufgKbTtjMQFTMWKVSqkKRo /><object name=qLhLclvMGbAGyLWiQNyVTzvsbF /><object name=qewZTPObYpUiPjCtVzwEJmyACnuAJdKwhNoJTEzX /><object name=GimBmgExxeadW /></objects></root>