<root><var name='id' value='5e94eae5-335b-11eb-96f3-4cedfb6bed2f' /><var name='level' value='67' /><objects><object name=sJWZlQpzdDDHjDOQNgcCFi /><object name=SaKxtliguij /><object name=nZZYmIlxjPJTqjXXHZVyIYjBnegSSlNLLSng /><object name=sksLtLxTzgXnewHHxLCOFf /><object name=IRQRqeBioaJIdhksIT /><object name=DQScOCQQDQiCLTpBRuxlbBbthRmCuU /><object name=DQXPSkRDlGomgTKlVfzDZMdQKQNoMOmWFDflWJ /><object name=RzPTdQalrwTTzyJpcEsfUrukqcV /><object name=PDEUMmEXYwOsEtxOQWAHtSRS /><object name=WUhBHnQoICmXrXkElyzaZRrRLHtoZgmBNHkl /></objects></root>