<root><var name='id' value='5e951184-335b-11eb-ba0d-4cedfb6bed2f' /><var name='level' value='37' /><objects><object name=NLQxxdmtbIlAoydJODlFsRNgMNeswi /><object name=EqmGhdCyGOAIEyknEnHjOnULTqk /><object name=uZXypnOiMxAcxIBSTYhmMCSAYBrPxjmqOANMsai /><object name=cefahwQtRcaBIZYM /><object name=SoTKNMXhBMmXktVykxbbgsdTFibqeGmByMiam /><object name=TilVLnHOCxuegiOGUcBBXC /><object name=qzGqMLkJtuDNvJRcNsR /><object name=jpdDYdQvDWSBarKMevnXfIdHXiUDeDikwKWqZ /><object name=ZfIYwEvfYqvSXZNTLFT /><object name=hxDjBleqkoTOfcvfSjgdyiW /></objects></root>