<root><var name='id' value='5e95ad60-335b-11eb-ab44-4cedfb6bed2f' /><var name='level' value='61' /><objects><object name=pntlNFhpLxnMRlCGqgbvzwVePbIqseEKR /><object name=cunvXmXyVcoYsicNCglmKhLryWdIZB /><object name=qLnbauVHmQLcogdnqqINfGZy /><object name=DJRGrNiyKBuF /><object name=HEHpkaqZtaKjjiDZMrKkTXnP /><object name=vTetkHswlIwzo /><object name=DpzNkMcMBzlzRsYHwBynYtpR /><object name=kwezWnTvNpqdJqTrIvXiGvIBxCzrbZ /><object name=cfJCYHSuzG /><object name=yIXSBfyIiJrBDlfEvheUEuc /></objects></root>