<root><var name='id' value='5e953881-335b-11eb-ad2b-4cedfb6bed2f' /><var name='level' value='99' /><objects><object name=jxqLYKfOgJdeTsKlF /><object name=EebgjseQcmpnzwlQphyThjTcgZlfkXvlT /><object name=LnNSIyhxZUnrgMgJenpAvxDDGXvMWkjTjHjWP /><object name=zPzoaDAxLKRmvPM /><object name=lmkuOUpLxeUPaGZXTkyuShAXqcZZPrkxc /><object name=OCFZsGXwbDPyCsVDXJhcWpUgmNaau /><object name=YDorhIZxhc /><object name=BPSHeRWywdTjwPFeavDJehQOkJtfYsrSBWj /><object name=FntKlVQYOUczMrgvquAtWEbvqUeZPKwGN /></objects></root>