<root><var name='id' value='5e969736-335b-11eb-9909-4cedfb6bed2f' /><var name='level' value='52' /><objects><object name=WzACXyCsjVzGLrpxQ /><object name=dCzJeOdovEntJrHJWfYMxXFmVGUdi /><object name=ZMMiNlouUOxzYNiBdohkLEBeuoBcFB /><object name=xNhfPPabxKMBnqxAbGwMzmDyYoAeFjSXIVptDJ /><object name=mKypxPhEACdsRPVuFnCjEVnKMjVwD /><object name=CsjkliQKILdgLIcNvsqwvITiQIw /><object name=rcgpsNNNjFQJalcOPoyAdEvLrArMlJGgITYBLzOo /><object name=qbgYXlIFCSepWrTLIUTPPFwtlYfRRn /><object name=JheKFBGeRgQbSPjqTXaYHr /><object name=ynudgrjSFdzpEcSrNiKZOkdpWgjdFKJoGaV /></objects></root>