<root><var name='id' value='5e96be13-335b-11eb-9813-4cedfb6bed2f' /><var name='level' value='49' /><objects><object name=nRpugMYqxqUHePczYVTwbmZkxrcr /><object name=ZVhvvPpPFoAFwVMxlSX /><object name=IUOsIWoIyCFuOkWCME /><object name=IAAEBFsyvrmMOWbgstCifaJbHlGjVm /><object name=jLmyRMgwnpSWbROlsgg /><object name=sRsvkVXBjjPDZyFQEIUCuxqFHJhTYAUHlDfxV /><object name=kveaYmwZKnZOCHFfzJCXcn /><object name=BCwhSCbBVGaeHVshdBnhYAEysspLNs /><object name=SYQtSrMjAFCCvxAMzoPhJ /><object name=RCFielshuLTN /></objects></root>