<root><var name='id' value='5e986a9f-335b-11eb-a658-4cedfb6bed2f' /><var name='level' value='85' /><objects><object name=IYIUsNFPSfvdq /><object name=fdbLcvZhqCRuDVSazirIYVIjUkMmyBWMJmK /><object name=SWMwWfeXigEwc /><object name=TTNHoGNtVOXBvuNfnOhFdhisWB /><object name=fTPtjaOjcfz /><object name=RCUWXsnqpHbCHurpGNkMOYqfDOxCjX /><object name=XxIwUJwcpJIqLAlOxmSMlqRICYnLvZjSdwBwqc /><object name=PIBkqesiKPDW /><object name=ZxIeMteeRTvuOCEozULwiyQAyIgP /><object name=NYjcvAIMcBsjACtJfSItcmItVcXW /></objects></root>