<root><var name='id' value='5e997b5e-335b-11eb-b918-4cedfb6bed2f' /><var name='level' value='73' /><objects><object name=sgniwsuhCgewsJeqGys /><object name=qinHeVftrkdiXEwxNdj /><object name=WwkbbGOHZbeZpgTsKfgPCaT /><object name=xPZMBdbqGbGEBSfGWpPyzMhn /><object name=IjNzEpZRYOhtJkBOPJoZSDcmhfISuykVYP /><object name=TmYYcGzPyx /><object name=mqtPGgvEUDmLqPHwikXGwEAgUwECSHBY /><object name=rumvXZTllWUZNaZeDMCwz /><object name=mFaXddoFNRZBOuYdaOklcf /><object name=PeegGtRHtmPjtAikeujoMoabPeNFkx /></objects></root>